RegionID,RegionName,State,GEOID,date,zhvi,year,month,county,median_income,median_home_value,median_rent,seasonal_vacant,total_housing_units,owner_occupied,total_occupied,population,fhfa_hpi,price_to_income,affordability_index,seasonal_vacancy_rate,owner_occupancy_rate,zhvi_yoy,income_yoy,decoupling,gentrified
824,Albany County,WY,56001,2014-01-31,210924.96229431243,2014,1,Albany,42298.0,205300.0,727.0,1356.0,18373.0,7729.0,15440.0,37220.0,159.81,4.986641503009892,0.07520091423729845,0.073803951450498,0.5005829015544041,,,,0
824,Albany County,WY,56001,2014-02-28,210687.27079493488,2014,2,Albany,42298.0,205300.0,727.0,1356.0,18373.0,7729.0,15440.0,37220.0,159.81,4.981022052932405,0.0752857538101506,0.073803951450498,0.5005829015544041,,,,0
824,Albany County,WY,56001,2014-03-31,210795.4896454915,2014,3,Albany,42298.0,205300.0,727.0,1356.0,18373.0,7729.0,15440.0,37220.0,159.81,4.983580539162407,0.07524710337339635,0.073803951450498,0.5005829015544041,,,,0
824,Albany County,WY,56001,2014-04-30,211434.19835932588,2014,4,Albany,42298.0,205300.0,727.0,1356.0,18373.0,7729.0,15440.0,37220.0,159.81,4.998680749901316,0.07501979397412072,0.073803951450498,0.5005829015544041,,,,0
824,Albany County,WY,56001,2014-05-31,212499.037199508,2014,5,Albany,42298.0,205300.0,727.0,1356.0,18373.0,7729.0,15440.0,37220.0,159.81,5.023855435233533,0.07464386761012921,0.073803951450498,0.5005829015544041,,,,0
824,Albany County,WY,56001,2014-06-30,213194.39065294876,2014,6,Albany,42298.0,205300.0,727.0,1356.0,18373.0,7729.0,15440.0,37220.0,159.81,5.040294828430393,0.07440040965158766,0.073803951450498,0.5005829015544041,,,,0
824,Albany County,WY,56001,2014-07-31,213594.55807243803,2014,7,Albany,42298.0,205300.0,727.0,1356.0,18373.0,7729.0,15440.0,37220.0,159.81,5.049755498426356,0.07426102117555203,0.073803951450498,0.5005829015544041,,,,0
824,Albany County,WY,56001,2014-08-31,213920.41294208608,2014,8,Albany,42298.0,205300.0,727.0,1356.0,18373.0,7729.0,15440.0,37220.0,159.81,5.057459287486077,0.07414790286654034,0.073803951450498,0.5005829015544041,,,,0
824,Albany County,WY,56001,2014-09-30,214454.1208487336,2014,9,Albany,42298.0,205300.0,727.0,1356.0,18373.0,7729.0,15440.0,37220.0,159.81,5.070077092267568,0.07396337238578023,0.073803951450498,0.5005829015544041,,,,0
824,Albany County,WY,56001,2014-10-31,215007.29261948177,2014,10,Albany,42298.0,205300.0,727.0,1356.0,18373.0,7729.0,15440.0,37220.0,159.81,5.083155057437273,0.07377307907444795,0.073803951450498,0.5005829015544041,,,,0
824,Albany County,WY,56001,2014-11-30,215455.0526382581,2014,11,Albany,42298.0,205300.0,727.0,1356.0,18373.0,7729.0,15440.0,37220.0,159.81,5.0937409011834625,0.0736197634066691,0.073803951450498,0.5005829015544041,,,,0
824,Albany County,WY,56001,2014-12-31,216174.8181799052,2014,12,Albany,42298.0,205300.0,727.0,1356.0,18373.0,7729.0,15440.0,37220.0,159.81,5.110757439593011,0.07337464249327837,0.073803951450498,0.5005829015544041,,,,0
824,Albany County,WY,56001,2015-01-31,216801.06580919877,2015,1,Albany,42834.0,216100.0,727.0,1382.0,18537.0,7591.0,15662.0,37565.0,163.55,5.061424704888611,0.07408981104427054,0.07455359551167934,0.48467628655344147,0.027858739197910376,0.012671993947704463,0.015186745250205913,0
824,Albany County,WY,56001,2015-02-28,217548.7564994596,2015,2,Albany,42834.0,216100.0,727.0,1382.0,18537.0,7591.0,15662.0,37565.0,163.55,5.07888024698743,0.07383517266870657,0.07455359551167934,0.48467628655344147,0.032567158322550416,0.012671993947704463,0.019895164374845953,0
824,Albany County,WY,56001,2015-03-31,218215.94521524865,2015,3,Albany,42834.0,216100.0,727.0,1382.0,18537.0,7591.0,15662.0,37565.0,163.55,5.094456394808999,0.07360942384002081,0.07455359551167934,0.48467628655344147,0.035202155331865104,0.012671993947704463,0.02253016138416064,0
824,Albany County,WY,56001,2015-04-30,219376.9824034814,2015,4,Albany,42834.0,216100.0,727.0,1382.0,18537.0,7591.0,15662.0,37565.0,163.55,5.1215618995069665,0.07321985116222061,0.07455359551167934,0.48467628655344147,0.037566222048228015,0.012671993947704463,0.024894228100523552,0
824,Albany County,WY,56001,2015-05-31,220421.44164079477,2015,5,Albany,42834.0,216100.0,727.0,1382.0,18537.0,7591.0,15662.0,37565.0,163.55,5.145945782341009,0.07287290147651028,0.07455359551167934,0.48467628655344147,0.03728207217169044,0.012671993947704463,0.024610078223985976,0
824,Albany County,WY,56001,2015-06-30,221327.00902742936,2015,6,Albany,42834.0,216100.0,727.0,1382.0,18537.0,7591.0,15662.0,37565.0,163.55,5.167087104343031,0.07257473938939517,0.07455359551167934,0.48467628655344147,0.038146493205439835,0.012671993947704463,0.025474499257735372,0
824,Albany County,WY,56001,2015-07-31,221819.6398021443,2015,7,Albany,42834.0,216100.0,727.0,1382.0,18537.0,7591.0,15662.0,37565.0,163.55,5.1785880329211444,0.07241356091970681,0.07455359551167934,0.48467628655344147,0.03850791801033071,0.012671993947704463,0.025835924062626248,0
824,Albany County,WY,56001,2015-08-31,222429.7818155984,2015,8,Albany,42834.0,216100.0,727.0,1382.0,18537.0,7591.0,15662.0,37565.0,163.55,5.192832371844759,0.0722149249479395,0.07455359551167934,0.48467628655344147,0.03977819954852091,0.012671993947704463,0.027106205600816446,0
824,Albany County,WY,56001,2015-09-30,223178.35187205984,2015,9,Albany,42834.0,216100.0,727.0,1382.0,18537.0,7591.0,15662.0,37565.0,163.55,5.2103084435742595,0.07197270642633026,0.07455359551167934,0.48467628655344147,0.04068110693699345,0.012671993947704463,0.028009112989288987,0
824,Albany County,WY,56001,2015-10-31,224200.77723830435,2015,10,Albany,42834.0,216100.0,727.0,1382.0,18537.0,7591.0,15662.0,37565.0,163.55,5.234177924973253,0.07164448847082633,0.07455359551167934,0.48467628655344147,0.04275894322846585,0.012671993947704463,0.030086949280761388,0
824,Albany County,WY,56001,2015-11-30,224855.47247337387,2015,11,Albany,42834.0,216100.0,727.0,1382.0,18537.0,7591.0,15662.0,37565.0,163.55,5.249462400741791,0.0714358864532508,0.07455359551167934,0.48467628655344147,0.04363053787788762,0.012671993947704463,0.030958543930183158,0
824,Albany County,WY,56001,2015-12-31,225107.32264647583,2015,12,Albany,42834.0,216100.0,727.0,1382.0,18537.0,7591.0,15662.0,37565.0,163.55,5.255342079807532,0.07135596395158614,0.07455359551167934,0.48467628655344147,0.04132074467219771,0.012671993947704463,0.028648750724493244,0
824,Albany County,WY,56001,2016-01-31,225071.2323988312,2016,1,Albany,43043.0,220900.0,729.0,1330.0,18695.0,7606.0,15565.0,37836.0,168.31,5.228985721228335,0.07171562899428022,0.07114201658197379,0.48866045615162224,0.03814633732894457,0.004879301489471022,0.03326703583947355,0
824,Albany County,WY,56001,2016-02-29,225485.32574743847,2016,2,Albany,43043.0,220900.0,729.0,1330.0,18695.0,7606.0,15565.0,37836.0,168.31,5.238606178645505,0.07158392656593247,0.07114201658197379,0.48866045615162224,0.036481795509589965,0.004879301489471022,0.03160249402011894,0
824,Albany County,WY,56001,2016-03-31,226143.4966721929,2016,3,Albany,43043.0,220900.0,729.0,1330.0,18695.0,7606.0,15565.0,37836.0,168.31,5.253897188211623,0.07137558779060281,0.07114201658197379,0.48866045615162224,0.03632892843428337,0.004879301489471022,0.03144962694481235,0
824,Albany County,WY,56001,2016-04-30,226814.95451501972,2016,4,Albany,43043.0,220900.0,729.0,1330.0,18695.0,7606.0,15565.0,37836.0,168.31,5.269496887183043,0.0711642891206767,0.07114201658197379,0.48866045615162224,0.03390497959288319,0.004879301489471022,0.029025678103412167,0
824,Albany County,WY,56001,2016-05-31,227342.8307258313,2016,5,Albany,43043.0,220900.0,729.0,1330.0,18695.0,7606.0,15565.0,37836.0,168.31,5.2817608142051276,0.07099904997429067,0.07114201658197379,0.48866045615162224,0.03140070690725194,0.004879301489471022,0.02652140541778092,0
824,Albany County,WY,56001,2016-06-30,227984.842441151,2016,6,Albany,43043.0,220900.0,729.0,1330.0,18695.0,7606.0,15565.0,37836.0,168.31,5.296676403623144,0.0707991146567845,0.07114201658197379,0.48866045615162224,0.03008143218931103,0.004879301489471022,0.02520213069984001,0
824,Albany County,WY,56001,2016-07-31,228578.87640405216,2016,7,Albany,43043.0,220900.0,729.0,1330.0,18695.0,7606.0,15565.0,37836.0,168.31,5.310477346004046,0.07061512093299385,0.07114201658197379,0.48866045615162224,0.03047176800006035,0.004879301489471022,0.02559246651058933,0
824,Albany County,WY,56001,2016-08-31,229061.1521146944,2016,8,Albany,43043.0,220900.0,729.0,1330.0,18695.0,7606.0,15565.0,37836.0,168.31,5.321681855695338,0.07046644466329188,0.07114201658197379,0.48866045615162224,0.02981332016318583,0.004879301489471022,0.02493401867371481,0
824,Albany County,WY,56001,2016-09-30,229420.67072065096,2016,9,Albany,43043.0,220900.0,729.0,1330.0,18695.0,7606.0,15565.0,37836.0,168.31,5.3300344009630125,0.07035601870266471,0.07114201658197379,0.48866045615162224,0.02797009116802518,0.004879301489471022,0.023090789678554158,0
824,Albany County,WY,56001,2016-10-31,230572.28927903227,2016,10,Albany,43043.0,220900.0,729.0,1330.0,18695.0,7606.0,15565.0,37836.0,168.31,5.356789472830246,0.07000461785963556,0.07114201658197379,0.48866045615162224,0.028418777665322636,0.004879301489471022,0.023539476175851615,0
824,Albany County,WY,56001,2016-11-30,232092.14381086137,2016,11,Albany,43043.0,220900.0,729.0,1330.0,18695.0,7606.0,15565.0,37836.0,168.31,5.392099616914745,0.06954619288257284,0.07114201658197379,0.48866045615162224,0.03218365671907053,0.004879301489471022,0.02730435522959951,0
824,Albany County,WY,56001,2016-12-31,233898.5212757305,2016,12,Albany,43043.0,220900.0,729.0,1330.0,18695.0,7606.0,15565.0,37836.0,168.31,5.434066428356075,0.06900909382394978,0.07114201658197379,0.48866045615162224,0.03905336586078545,0.004879301489471022,0.03417406437131443,0
824,Albany County,WY,56001,2017-01-31,235221.4262703125,2017,1,Albany,45816.0,223000.0,748.0,1280.0,19048.0,7940.0,16009.0,37944.0,171.71,5.134045448540085,0.07304181541802184,0.06719865602687947,0.4959710163033294,0.045097695353153666,0.06442394814487828,-0.01932625279172462,0
824,Albany County,WY,56001,2017-02-28,235934.59067832827,2017,2,Albany,45816.0,223000.0,748.0,1280.0,19048.0,7940.0,16009.0,37944.0,171.71,5.149611285977132,0.07282103039916035,0.06719865602687947,0.4959710163033294,0.04634121930663371,0.06442394814487828,-0.018082728838244577,0
824,Albany County,WY,56001,2017-03-31,236289.8040084596,2017,3,Albany,45816.0,223000.0,748.0,1280.0,19048.0,7940.0,16009.0,37944.0,171.71,5.157364327057351,0.07271155889309928,0.06719865602687947,0.4959710163033294,0.044866677510405406,0.06442394814487828,-0.01955727063447288,0
824,Albany County,WY,56001,2017-04-30,236470.29220089145,2017,4,Albany,45816.0,223000.0,748.0,1280.0,19048.0,7940.0,16009.0,37944.0,171.71,5.161303741070618,0.07265606110641593,0.06719865602687947,0.4959710163033294,0.04256922876411284,0.06442394814487828,-0.02185471938076544,0
824,Albany County,WY,56001,2017-05-31,236579.07624515085,2017,5,Albany,45816.0,223000.0,748.0,1280.0,19048.0,7940.0,16009.0,37944.0,171.71,5.163678109069994,0.07262265231856976,0.06719865602687947,0.4959710163033294,0.04062694869167971,0.06442394814487828,-0.023796999453198575,0
824,Albany County,WY,56001,2017-06-30,236404.94521484023,2017,6,Albany,45816.0,223000.0,748.0,1280.0,19048.0,7940.0,16009.0,37944.0,171.71,5.1598774492500485,0.07267614467364986,0.06719865602687947,0.4959710163033294,0.036932730630382604,0.06442394814487828,-0.02749121751449568,0
824,Albany County,WY,56001,2017-07-31,236002.0975247589,2017,7,Albany,45816.0,223000.0,748.0,1280.0,19048.0,7940.0,16009.0,37944.0,171.71,5.151084719852429,0.07280020042278457,0.06719865602687947,0.4959710163033294,0.03247553421159055,0.06442394814487828,-0.031948413933287734,0
824,Albany County,WY,56001,2017-08-31,235465.31907541715,2017,8,Albany,45816.0,223000.0,748.0,1280.0,19048.0,7940.0,16009.0,37944.0,171.71,5.1393687592853405,0.07296615937949273,0.06719865602687947,0.4959710163033294,0.027958328601770388,0.06442394814487828,-0.0364656195431079,0
824,Albany County,WY,56001,2017-09-30,235043.76168238805,2017,9,Albany,45816.0,223000.0,748.0,1280.0,19048.0,7940.0,16009.0,37944.0,171.71,5.130167663750394,0.07309702617513622,0.06719865602687947,0.4959710163033294,0.024509957817113737,0.06442394814487828,-0.03991399032776455,0
824,Albany County,WY,56001,2017-10-31,234821.01813859012,2017,10,Albany,45816.0,223000.0,748.0,1280.0,19048.0,7940.0,16009.0,37944.0,171.71,5.125305966007293,0.07316636362533724,0.06719865602687947,0.4959710163033294,0.018426884136177213,0.06442394814487828,-0.04599706400870107,0
824,Albany County,WY,56001,2017-11-30,235018.08419913196,2017,11,Albany,45816.0,223000.0,748.0,1280.0,19048.0,7940.0,16009.0,37944.0,171.71,5.1296072158008545,0.07310501257189406,0.06719865602687947,0.4959710163033294,0.012606804953531947,0.06442394814487828,-0.05181714319134634,0
824,Albany County,WY,56001,2017-12-31,235445.5115942754,2017,12,Albany,45816.0,223000.0,748.0,1280.0,19048.0,7940.0,16009.0,37944.0,171.71,5.138936432562323,0.07297229785211048,0.06719865602687947,0.4959710163033294,0.006613938002289599,0.06442394814487828,-0.057810010142588686,0
824,Albany County,WY,56001,2018-01-31,235919.52131512485,2018,1,Albany,46865.0,226900.0,762.0,1300.0,19162.0,7971.0,16027.0,38102.0,181.16,5.034023713114794,0.07449309367038505,0.06784260515603799,0.497348224870531,0.0029678208141212803,0.022895931552296078,-0.019928110738174798,0
824,Albany County,WY,56001,2018-02-28,236031.5523113109,2018,2,Albany,46865.0,226900.0,762.0,1300.0,19162.0,7971.0,16027.0,38102.0,181.16,5.036414217674403,0.07445773595904878,0.06784260515603799,0.497348224870531,0.00041096828025022347,0.022895931552296078,-0.022484963272045855,0
824,Albany County,WY,56001,2018-03-31,236078.0965871664,2018,3,Albany,46865.0,226900.0,762.0,1300.0,19162.0,7971.0,16027.0,38102.0,181.16,5.037407374099358,0.07444305614990024,0.06784260515603799,0.497348224870531,-0.0008959651144559988,0.022895931552296078,-0.023791896666752077,0
824,Albany County,WY,56001,2018-04-30,235974.16849883043,2018,4,Albany,46865.0,226900.0,762.0,1300.0,19162.0,7971.0,16027.0,38102.0,181.16,5.035189768458987,0.07447584246954177,0.06784260515603799,0.497348224870531,-0.002098038182485662,0.022895931552296078,-0.02499396973478174,0
824,Albany County,WY,56001,2018-05-31,236044.5189626331,2018,5,Albany,46865.0,226900.0,762.0,1300.0,19162.0,7971.0,16027.0,38102.0,181.16,5.036690898594539,0.0744536457666365,0.06784260515603799,0.497348224870531,-0.002259528995555926,0.022895931552296078,-0.025155460547852004,0
824,Albany County,WY,56001,2018-06-30,236026.20058905767,2018,6,Albany,46865.0,226900.0,762.0,1300.0,19162.0,7971.0,16027.0,38102.0,181.16,5.036300023238188,0.07445942423400073,0.06784260515603799,0.497348224870531,-0.00160210111272574,0.022895931552296078,-0.02449803266502182,0
824,Albany County,WY,56001,2018-07-31,236784.5761526448,2018,7,Albany,46865.0,226900.0,762.0,1300.0,19162.0,7971.0,16027.0,38102.0,181.16,5.052482154115967,0.07422094498532944,0.06784260515603799,0.497348224870531,0.003315557938224689,0.022895931552296078,-0.01958037361407139,0
824,Albany County,WY,56001,2018-08-31,237656.59330613693,2018,8,Albany,46865.0,226900.0,762.0,1300.0,19162.0,7971.0,16027.0,38102.0,181.16,5.071089156217581,0.07394861112631367,0.06784260515603799,0.497348224870531,0.009306144273492523,0.022895931552296078,-0.013589787278803556,0
824,Albany County,WY,56001,2018-09-30,238880.90038911128,2018,9,Albany,46865.0,226900.0,762.0,1300.0,19162.0,7971.0,16027.0,38102.0,181.16,5.097213280467541,0.07356961134763487,0.06784260515603799,0.497348224870531,0.01632520973650986,0.022895931552296078,-0.006570721815786218,0
824,Albany County,WY,56001,2018-10-31,239676.1157132275,2018,10,Albany,46865.0,226900.0,762.0,1300.0,19162.0,7971.0,16027.0,38102.0,181.16,5.114181493934226,0.0733255165943516,0.06784260515603799,0.497348224870531,0.020675736836180292,0.022895931552296078,-0.0022201947161157864,0
824,Albany County,WY,56001,2018-11-30,240705.0571209575,2018,11,Albany,46865.0,226900.0,762.0,1300.0,19162.0,7971.0,16027.0,38102.0,181.16,5.136136927791689,0.073012072160863,0.06784260515603799,0.497348224870531,0.024198022638151295,0.022895931552296078,0.001302091085855217,0
824,Albany County,WY,56001,2018-12-31,241623.23790034445,2018,12,Albany,46865.0,226900.0,762.0,1300.0,19162.0,7971.0,16027.0,38102.0,181.16,5.155728964053013,0.07273462251693029,0.06784260515603799,0.497348224870531,0.026238454342313533,0.022895931552296078,0.0033425227900174548,0
824,Albany County,WY,56001,2019-01-31,242347.9465073649,2019,1,Albany,49322.0,235000.0,796.0,1110.0,19266.0,8138.0,15944.0,38390.0,188.47,4.913587172202361,0.07631898791202638,0.05761445032700093,0.5104114400401405,0.02724838180581668,0.05242718446601935,-0.02517880266020267,0
824,Albany County,WY,56001,2019-02-28,242914.59072583503,2019,2,Albany,49322.0,235000.0,796.0,1110.0,19266.0,8138.0,15944.0,38390.0,188.47,4.925075842947063,0.07614095944065863,0.05761445032700093,0.5104114400401405,0.029161518225520267,0.05242718446601935,-0.023265666240499083,0
824,Albany County,WY,56001,2019-03-31,243413.70283623735,2019,3,Albany,49322.0,235000.0,796.0,1110.0,19266.0,8138.0,15944.0,38390.0,188.47,4.935195305061379,0.07598483480793797,0.05761445032700093,0.5104114400401405,0.031072794787476044,0.05242718446601935,-0.021354389678543306,0
824,Albany County,WY,56001,2019-04-30,244287.0427398804,2019,4,Albany,49322.0,235000.0,796.0,1110.0,19266.0,8138.0,15944.0,38390.0,188.47,4.952902208748234,0.0757131847541111,0.05761445032700093,0.5104114400401405,0.035227899282082475,0.05242718446601935,-0.017199285183936874,0
824,Albany County,WY,56001,2019-05-31,244992.47224928392,2019,5,Albany,49322.0,235000.0,796.0,1110.0,19266.0,8138.0,15944.0,38390.0,188.47,4.9672047412774,0.07549517677090202,0.05761445032700093,0.5104114400401405,0.03790790536452704,0.05242718446601935,-0.01451927910149231,0
824,Albany County,WY,56001,2019-06-30,246174.13242388476,2019,6,Albany,49322.0,235000.0,796.0,1110.0,19266.0,8138.0,15944.0,38390.0,188.47,4.991162816266265,0.07513279245827645,0.05761445032700093,0.5104114400401405,0.04299493789037223,0.05242718446601935,-0.009432246575647119,0
824,Albany County,WY,56001,2019-07-31,247535.06749645303,2019,7,Albany,49322.0,235000.0,796.0,1110.0,19266.0,8138.0,15944.0,38390.0,188.47,5.018755676907932,0.07471971622875222,0.05761445032700093,0.5104114400401405,0.04540199162667524,0.05242718446601935,-0.007025192839344108,0
824,Albany County,WY,56001,2019-08-31,249684.191433086,2019,8,Albany,49322.0,235000.0,796.0,1110.0,19266.0,8138.0,15944.0,38390.0,188.47,5.062329010037833,0.07407657606932139,0.05761445032700093,0.5104114400401405,0.05060914978048081,0.05242718446601935,-0.0018180346855385388,0
824,Albany County,WY,56001,2019-09-30,251746.46892906333,2019,9,Albany,49322.0,235000.0,796.0,1110.0,19266.0,8138.0,15944.0,38390.0,188.47,5.1041415378343,0.07346974946135867,0.05761445032700093,0.5104114400401405,0.05385766931971303,0.05242718446601935,0.001430484853693681,0
824,Albany County,WY,56001,2019-10-31,253720.687266714,2019,10,Albany,49322.0,235000.0,796.0,1110.0,19266.0,8138.0,15944.0,38390.0,188.47,5.144168672533839,0.07289807622410016,0.05761445032700093,0.5104114400401405,0.05859812735905168,0.05242718446601935,0.006170942893032327,0
824,Albany County,WY,56001,2019-11-30,255452.1516285302,2019,11,Albany,49322.0,235000.0,796.0,1110.0,19266.0,8138.0,15944.0,38390.0,188.47,5.179273987845793,0.0724039703016316,0.05761445032700093,0.5104114400401405,0.06126624294462624,0.05242718446601935,0.008839058478606887,0
824,Albany County,WY,56001,2019-12-31,257011.43028938668,2019,12,Albany,49322.0,235000.0,796.0,1110.0,19266.0,8138.0,15944.0,38390.0,188.47,5.210888250464026,0.07196469814270273,0.05761445032700093,0.5104114400401405,0.06368672368917161,0.05242718446601935,0.01125953922315226,0
824,Albany County,WY,56001,2020-01-31,258033.88572712173,2020,1,Albany,51362.0,243500.0,818.0,1121.0,19414.0,8387.0,16137.0,38664.0,199.54,5.0238286228558415,0.07464426598748661,0.05774183578860616,0.5197372497985995,0.06472486953496892,0.04136085316897131,0.02336401636599761,0
824,Albany County,WY,56001,2020-02-29,258808.08209498823,2020,2,Albany,51362.0,243500.0,818.0,1121.0,19414.0,8387.0,16137.0,38664.0,199.54,5.038901952707999,0.07442097574422302,0.05774183578860616,0.5197372497985995,0.06542831092057111,0.04136085316897131,0.024067457751599797,0
824,Albany County,WY,56001,2020-03-31,259566.31332111792,2020,3,Albany,51362.0,243500.0,818.0,1121.0,19414.0,8387.0,16137.0,38664.0,199.54,5.053664446889099,0.0742035811718445,0.05774183578860616,0.5197372497985995,0.06635867371750903,0.04136085316897131,0.02499782054853772,0
824,Albany County,WY,56001,2020-04-30,260804.07901119743,2020,4,Albany,51362.0,243500.0,818.0,1121.0,19414.0,8387.0,16137.0,38664.0,199.54,5.077763307721612,0.07385141395420065,0.05774183578860616,0.5197372497985995,0.06761323108284789,0.04136085316897131,0.02625237791387658,0
824,Albany County,WY,56001,2020-05-31,261680.19164907423,2020,5,Albany,51362.0,243500.0,818.0,1121.0,19414.0,8387.0,16137.0,38664.0,199.54,5.094820911356143,0.07360415734420431,0.05774183578860616,0.5197372497985995,0.06811523328280167,0.04136085316897131,0.026754380113830356,0
824,Albany County,WY,56001,2020-06-30,262164.6226331039,2020,6,Albany,51362.0,243500.0,818.0,1121.0,19414.0,8387.0,16137.0,38664.0,199.54,5.10425261152416,0.0734681506854385,0.05774183578860616,0.5197372497985995,0.06495601325684897,0.04136085316897131,0.023595160087877654,0
824,Albany County,WY,56001,2020-07-31,262538.8005061561,2020,7,Albany,51362.0,243500.0,818.0,1121.0,19414.0,8387.0,16137.0,38664.0,199.54,5.1115377225605725,0.07336344175743412,0.05774183578860616,0.5197372497985995,0.06061255547122868,0.04136085316897131,0.019251702302257367,0
824,Albany County,WY,56001,2020-08-31,264114.6565200756,2020,8,Albany,51362.0,243500.0,818.0,1121.0,19414.0,8387.0,16137.0,38664.0,199.54,5.142219082591713,0.07292571436123982,0.05774183578860616,0.5197372497985995,0.05779486880672957,0.04136085316897131,0.01643401563775826,0
824,Albany County,WY,56001,2020-09-30,266960.86355256103,2020,9,Albany,51362.0,243500.0,818.0,1121.0,19414.0,8387.0,16137.0,38664.0,199.54,5.197633728292532,0.07214821582343216,0.05774183578860616,0.5197372497985995,0.060435384409641024,0.04136085316897131,0.019074531240669712,0
824,Albany County,WY,56001,2020-10-31,270385.4516792963,2020,10,Albany,51362.0,243500.0,818.0,1121.0,19414.0,8387.0,16137.0,38664.0,199.54,5.264309249626112,0.07123441694209619,0.05774183578860616,0.5197372497985995,0.06568153583418335,0.04136085316897131,0.024320682665212034,0
824,Albany County,WY,56001,2020-11-30,273808.7900892415,2020,11,Albany,51362.0,243500.0,818.0,1121.0,19414.0,8387.0,16137.0,38664.0,199.54,5.330960439415161,0.0703437971941018,0.05774183578860616,0.5197372497985995,0.07185940045400319,0.04136085316897131,0.030498547285031874,0
824,Albany County,WY,56001,2020-12-31,276629.6827800602,2020,12,Albany,51362.0,243500.0,818.0,1121.0,19414.0,8387.0,16137.0,38664.0,199.54,5.3858822238242325,0.06962647611215904,0.05774183578860616,0.5197372497985995,0.07633221786511202,0.04136085316897131,0.034971364696140705,0
824,Albany County,WY,56001,2021-01-31,278899.52551334887,2021,1,Albany,50733.0,247100.0,851.0,926.0,18546.0,8158.0,16016.0,37311.0,217.23,5.497398646114933,0.06821408163023002,0.049929904022430714,0.5093656343656343,0.08086395214112763,-0.012246407850161622,0.09311035999128925,0
824,Albany County,WY,56001,2021-02-28,281274.39842512086,2021,2,Albany,50733.0,247100.0,851.0,926.0,18546.0,8158.0,16016.0,37311.0,217.23,5.544209852071056,0.06763813239499179,0.049929904022430714,0.5093656343656343,0.08680685760766549,-0.012246407850161622,0.09905326545782711,0
824,Albany County,WY,56001,2021-03-31,284241.2015643215,2021,3,Albany,50733.0,247100.0,851.0,926.0,18546.0,8158.0,16016.0,37311.0,217.23,5.60268861617333,0.06693215091723717,0.049929904022430714,0.5093656343656343,0.09506198214818995,-0.012246407850161622,0.10730838999835157,0
824,Albany County,WY,56001,2021-04-30,287718.74257826764,2021,4,Albany,50733.0,247100.0,851.0,926.0,18546.0,8158.0,16016.0,37311.0,217.23,5.671234553018108,0.06612316886107861,0.049929904022430714,0.5093656343656343,0.10319878304478003,-0.012246407850161622,0.11544519089494165,0
824,Albany County,WY,56001,2021-05-31,290954.01813026256,2021,5,Albany,50733.0,247100.0,851.0,926.0,18546.0,8158.0,16016.0,37311.0,217.23,5.735005186570133,0.06538790947881808,0.049929904022430714,0.5093656343656343,0.11186871385529229,-0.012246407850161622,0.12411512170545391,0
824,Albany County,WY,56001,2021-06-30,293833.6049908798,2021,6,Albany,50733.0,247100.0,851.0,926.0,18546.0,8158.0,16016.0,37311.0,217.23,5.791764827447219,0.06474710406452831,0.049929904022430714,0.5093656343656343,0.12079807732905357,-0.012246407850161622,0.1330444851792152,0
824,Albany County,WY,56001,2021-07-31,296567.4892082762,2021,7,Albany,50733.0,247100.0,851.0,926.0,18546.0,8158.0,16016.0,37311.0,217.23,5.845652518248008,0.06415023794681361,0.049929904022430714,0.5093656343656343,0.12961394139272064,-0.012246407850161622,0.14186034924288227,0
824,Albany County,WY,56001,2021-08-31,299321.1488285837,2021,8,Albany,50733.0,247100.0,851.0,926.0,18546.0,8158.0,16016.0,37311.0,217.23,5.899930002731629,0.06356007610706864,0.049929904022430714,0.5093656343656343,0.13330003254034506,-0.012246407850161622,0.14554644039050668,0
824,Albany County,WY,56001,2021-09-30,301921.35169035656,2021,9,Albany,50733.0,247100.0,851.0,926.0,18546.0,8158.0,16016.0,37311.0,217.23,5.95118269549123,0.06301268490448289,0.049929904022430714,0.5093656343656343,0.1309573533459607,-0.012246407850161622,0.14320376119612233,0
824,Albany County,WY,56001,2021-10-31,304567.6630422243,2021,10,Albany,50733.0,247100.0,851.0,926.0,18546.0,8158.0,16016.0,37311.0,217.23,6.003344234368642,0.062465183631009606,0.049929904022430714,0.5093656343656343,0.12642030534790538,-0.012246407850161622,0.138666713198067,0
824,Albany County,WY,56001,2021-11-30,307442.4511152364,2021,11,Albany,50733.0,247100.0,851.0,926.0,18546.0,8158.0,16016.0,37311.0,217.23,6.060009286169483,0.061881093294006574,0.049929904022430714,0.5093656343656343,0.12283630856055705,-0.012246407850161622,0.13508271641071867,0
824,Albany County,WY,56001,2021-12-31,310550.76575626695,2021,12,Albany,50733.0,247100.0,851.0,926.0,18546.0,8158.0,16016.0,37311.0,217.23,6.12127738860834,0.061261723034782355,0.049929904022430714,0.5093656343656343,0.12262271581020578,-0.012246407850161622,0.1348691236603674,0
824,Albany County,WY,56001,2022-01-31,314675.17993453465,2022,1,Albany,55887.0,291500.0,927.0,764.0,18634.0,8235.0,16290.0,37525.0,250.47,5.6305613100458896,0.06660081994506221,0.04100032199205753,0.505524861878453,0.12827434666780557,0.10159068062208032,0.02668366604572525,0
824,Albany County,WY,56001,2022-02-28,318252.3218293386,2022,2,Albany,55887.0,291500.0,927.0,764.0,18634.0,8235.0,16290.0,37525.0,250.47,5.694568000238672,0.06585222970105598,0.04100032199205753,0.505524861878453,0.131465656352872,0.10159068062208032,0.029874975730791675,0
824,Albany County,WY,56001,2022-03-31,322367.7232502568,2022,3,Albany,55887.0,291500.0,927.0,764.0,18634.0,8235.0,16290.0,37525.0,250.47,5.768205902092737,0.0650115488880083,0.04100032199205753,0.505524861878453,0.13413439528156346,0.10159068062208032,0.032543714659483136,0
824,Albany County,WY,56001,2022-04-30,325980.63394125906,2022,4,Albany,55887.0,291500.0,927.0,764.0,18634.0,8235.0,16290.0,37525.0,250.47,5.832852612257932,0.06429101246479725,0.04100032199205753,0.505524861878453,0.1329836597370193,0.10159068062208032,0.03139297911493899,0
824,Albany County,WY,56001,2022-05-31,329666.02373732696,2022,5,Albany,55887.0,291500.0,927.0,764.0,18634.0,8235.0,16290.0,37525.0,250.47,5.898796209088464,0.0635722928387025,0.04100032199205753,0.505524861878453,0.1330519710840794,0.10159068062208032,0.03146129046199908,0
824,Albany County,WY,56001,2022-06-30,332992.8130977456,2022,6,Albany,55887.0,291500.0,927.0,764.0,18634.0,8235.0,16290.0,37525.0,250.47,5.958323279076451,0.0629371691389873,0.04100032199205753,0.505524861878453,0.13327001214881884,0.10159068062208032,0.03167933152673852,0
824,Albany County,WY,56001,2022-07-31,335697.06202720525,2022,7,Albany,55887.0,291500.0,927.0,764.0,18634.0,8235.0,16290.0,37525.0,250.47,6.00671107819717,0.062430171040047916,0.04100032199205753,0.505524861878453,0.13194154532376534,0.10159068062208032,0.03035086470168502,0
824,Albany County,WY,56001,2022-08-31,337179.9406299517,2022,8,Albany,55887.0,291500.0,927.0,764.0,18634.0,8235.0,16290.0,37525.0,250.47,6.033244594090785,0.06215561032736693,0.04100032199205753,0.505524861878453,0.12648218126093425,0.10159068062208032,0.024891500638853925,0
824,Albany County,WY,56001,2022-09-30,338030.57855615666,2022,9,Albany,55887.0,291500.0,927.0,764.0,18634.0,8235.0,16290.0,37525.0,250.47,6.048465270208754,0.06199919868053691,0.04100032199205753,0.505524861878453,0.11959812270194425,0.10159068062208032,0.018007442079863933,0
824,Albany County,WY,56001,2022-10-31,339129.9139451597,2022,10,Albany,55887.0,291500.0,927.0,764.0,18634.0,8235.0,16290.0,37525.0,250.47,6.068135951923698,0.0617982199098751,0.04100032199205753,0.505524861878453,0.11347971271048496,0.10159068062208032,0.011889032088404639,0
824,Albany County,WY,56001,2022-11-30,340670.99685679795,2022,11,Albany,55887.0,291500.0,927.0,764.0,18634.0,8235.0,16290.0,37525.0,250.47,6.095710932002039,0.061518665202983505,0.04100032199205753,0.505524861878453,0.10808053871879508,0.10159068062208032,0.006489858096714762,0
824,Albany County,WY,56001,2022-12-31,341182.33363159053,2022,12,Albany,55887.0,291500.0,927.0,764.0,18634.0,8235.0,16290.0,37525.0,250.47,6.104860408173467,0.06142646595128249,0.04100032199205753,0.505524861878453,0.0986362657993396,0.10159068062208032,-0.002954414822740725,0
824,Albany County,WY,56001,2023-01-31,341043.9710170377,2023,1,Albany,59881.0,322100.0,936.0,783.0,18735.0,8198.0,16609.0,37713.0,265.23,5.695361984887321,0.06584304930837843,0.04179343474779824,0.49358781383587214,0.08379685708923357,0.07146563601553124,0.012331221073702325,0
824,Albany County,WY,56001,2023-02-28,340931.4765814239,2023,2,Albany,59881.0,322100.0,936.0,783.0,18735.0,8198.0,16609.0,37713.0,265.23,5.693483351671213,0.06586477501333624,0.04179343474779824,0.49358781383587214,0.07126155316550009,0.07146563601553124,-0.0002040828500311509,0
824,Albany County,WY,56001,2023-03-31,341256.3825808107,2023,3,Albany,59881.0,322100.0,936.0,783.0,18735.0,8198.0,16609.0,37713.0,265.23,5.698909212952534,0.06580206597215069,0.04179343474779824,0.49358781383587214,0.058593519041267195,0.07146563601553124,-0.012872116974264047,0
824,Albany County,WY,56001,2023-04-30,341527.642053527,2023,4,Albany,59881.0,322100.0,936.0,783.0,18735.0,8198.0,16609.0,37713.0,265.23,5.703439188616206,0.06574980246102777,0.04179343474779824,0.49358781383587214,0.04769304214271042,0.07146563601553124,-0.023772593872820824,0
824,Albany County,WY,56001,2023-05-31,342371.4710591824,2023,5,Albany,59881.0,322100.0,936.0,783.0,18735.0,8198.0,16609.0,37713.0,265.23,5.71753095404523,0.06558775160363275,0.04179343474779824,0.49358781383587214,0.03854036026466279,0.07146563601553124,-0.032925275750868455,0
824,Albany County,WY,56001,2023-06-30,343772.76104713784,2023,6,Albany,59881.0,322100.0,936.0,783.0,18735.0,8198.0,16609.0,37713.0,265.23,5.740932199648267,0.06532040215053844,0.04179343474779824,0.49358781383587214,0.03237291474584447,0.07146563601553124,-0.03909272126968677,0
824,Albany County,WY,56001,2023-07-31,345324.9488427851,2023,7,Albany,59881.0,322100.0,936.0,783.0,18735.0,8198.0,16609.0,37713.0,265.23,5.766853406636247,0.06502679599388916,0.04179343474779824,0.49358781383587214,0.028680283221542036,0.07146563601553124,-0.042785352793989206,0
824,Albany County,WY,56001,2023-08-31,347080.1529788219,2023,8,Albany,59881.0,322100.0,936.0,783.0,18735.0,8198.0,16609.0,37713.0,265.23,5.796164943451544,0.0646979517764883,0.04179343474779824,0.49358781383587214,0.02936180702319846,0.07146563601553124,-0.04210382899233278,0
824,Albany County,WY,56001,2023-09-30,348299.42748917494,2023,9,Albany,59881.0,322100.0,936.0,783.0,18735.0,8198.0,16609.0,37713.0,265.23,5.816526569181793,0.06447146686940193,0.04179343474779824,0.49358781383587214,0.03037846154889312,0.07146563601553124,-0.04108717446663812,0
824,Albany County,WY,56001,2023-10-31,348782.5356664176,2023,10,Albany,59881.0,322100.0,936.0,783.0,18735.0,8198.0,16609.0,37713.0,265.23,5.824594373280633,0.0643821656869791,0.04179343474779824,0.49358781383587214,0.02846290263506157,0.07146563601553124,-0.04300273338046967,0
824,Albany County,WY,56001,2023-11-30,347820.31567902904,2023,11,Albany,59881.0,322100.0,936.0,783.0,18735.0,8198.0,16609.0,37713.0,265.23,5.80852550356589,0.06456027433636731,0.04179343474779824,0.49358781383587214,0.020985992022198197,0.07146563601553124,-0.050479643993333045,0
824,Albany County,WY,56001,2023-12-31,346435.8428506032,2023,12,Albany,59881.0,322100.0,936.0,783.0,18735.0,8198.0,16609.0,37713.0,265.23,5.785405100960292,0.06481827866085912,0.04179343474779824,0.49358781383587214,0.015397952065963283,0.07146563601553124,-0.05606768394956796,0
2144,Big Horn County,WY,56003,2014-01-31,141231.53961321,2014,1,Big Horn,52432.0,137000.0,593.0,299.0,5375.0,3277.0,4363.0,11827.0,167.47,2.693613434795736,0.13921819484407094,0.05562790697674418,0.7510887004354801,,,,0
2144,Big Horn County,WY,56003,2014-02-28,141470.51498950992,2014,2,Big Horn,52432.0,137000.0,593.0,299.0,5375.0,3277.0,4363.0,11827.0,167.47,2.6981712501813764,0.13898302414081085,0.05562790697674418,0.7510887004354801,,,,0
2144,Big Horn County,WY,56003,2014-03-31,141651.9797619848,2014,3,Big Horn,52432.0,137000.0,593.0,299.0,5375.0,3277.0,4363.0,11827.0,167.47,2.701632204798307,0.13880497846226852,0.05562790697674418,0.7510887004354801,,,,0
2144,Big Horn County,WY,56003,2014-04-30,141538.35519511683,2014,4,Big Horn,52432.0,137000.0,593.0,299.0,5375.0,3277.0,4363.0,11827.0,167.47,2.6994651204439433,0.13891640872112063,0.05562790697674418,0.7510887004354801,,,,0
2144,Big Horn County,WY,56003,2014-05-31,141717.55226363873,2014,5,Big Horn,52432.0,137000.0,593.0,299.0,5375.0,3277.0,4363.0,11827.0,167.47,2.702882824680324,0.13874075360420113,0.05562790697674418,0.7510887004354801,,,,0
2144,Big Horn County,WY,56003,2014-06-30,141974.1058058458,2014,6,Big Horn,52432.0,137000.0,593.0,299.0,5375.0,3277.0,4363.0,11827.0,167.47,2.7077758965106384,0.13849004287365207,0.05562790697674418,0.7510887004354801,,,,0
2144,Big Horn County,WY,56003,2014-07-31,142437.0653004916,2014,7,Big Horn,52432.0,137000.0,593.0,299.0,5375.0,3277.0,4363.0,11827.0,167.47,2.7166056091793487,0.13803991228350684,0.05562790697674418,0.7510887004354801,,,,0
2144,Big Horn County,WY,56003,2014-08-31,142831.1131716125,2014,8,Big Horn,52432.0,137000.0,593.0,299.0,5375.0,3277.0,4363.0,11827.0,167.47,2.7241210171576995,0.13765908255840573,0.05562790697674418,0.7510887004354801,,,,0
2144,Big Horn County,WY,56003,2014-09-30,142983.93678251444,2014,9,Big Horn,52432.0,137000.0,593.0,299.0,5375.0,3277.0,4363.0,11827.0,167.47,2.727035718311612,0.1375119502403047,0.05562790697674418,0.7510887004354801,,,,0
2144,Big Horn County,WY,56003,2014-10-31,142815.85141417175,2014,10,Big Horn,52432.0,137000.0,593.0,299.0,5375.0,3277.0,4363.0,11827.0,167.47,2.7238299400017496,0.13767379324707732,0.05562790697674418,0.7510887004354801,,,,0
2144,Big Horn County,WY,56003,2014-11-30,142417.13710883036,2014,11,Big Horn,52432.0,137000.0,593.0,299.0,5375.0,3277.0,4363.0,11827.0,167.47,2.716225532286206,0.13805922797742357,0.05562790697674418,0.7510887004354801,,,,0
2144,Big Horn County,WY,56003,2014-12-31,142296.06640145674,2014,12,Big Horn,52432.0,137000.0,593.0,299.0,5375.0,3277.0,4363.0,11827.0,167.47,2.7139164327406307,0.13817669382741776,0.05562790697674418,0.7510887004354801,,,,0
2144,Big Horn County,WY,56003,2015-01-31,142586.95667423424,2015,1,Big Horn,51679.0,141400.0,595.0,238.0,5373.0,3321.0,4491.0,11895.0,169.47,2.7590889273057577,0.1359144304080791,0.04429555183324028,0.7394789579158316,0.009597127275793316,-0.014361458651205417,0.023958585926998732,0
2144,Big Horn County,WY,56003,2015-02-28,143315.99992569952,2015,2,Big Horn,51679.0,141400.0,595.0,238.0,5373.0,3321.0,4491.0,11895.0,169.47,2.7731960743377293,0.1352230386701215,0.04429555183324028,0.7394789579158316,0.013045014618957573,-0.014361458651205417,0.02740647327016299,0
2144,Big Horn County,WY,56003,2015-03-31,144392.1968591095,2015,3,Big Horn,51679.0,141400.0,595.0,238.0,5373.0,3321.0,4491.0,11895.0,169.47,2.7940207213589563,0.13421518213279657,0.04429555183324028,0.7394789579158316,0.0193447144313057,-0.014361458651205417,0.033706173082511115,0
2144,Big Horn County,WY,56003,2015-04-30,145207.45702850938,2015,4,Big Horn,51679.0,141400.0,595.0,238.0,5373.0,3321.0,4491.0,11895.0,169.47,2.8097961846883526,0.13346163755347007,0.04429555183324028,0.7394789579158316,0.0259230215607249,-0.014361458651205417,0.04028448021193032,0
2144,Big Horn County,WY,56003,2015-05-31,145831.45687845335,2015,5,Big Horn,51679.0,141400.0,595.0,238.0,5373.0,3321.0,4491.0,11895.0,169.47,2.821870718830731,0.132890567061621,0.04429555183324028,0.7394789579158316,0.029028899731216695,-0.014361458651205417,0.04339035838242211,0
2144,Big Horn County,WY,56003,2015-06-30,146338.79054394213,2015,6,Big Horn,51679.0,141400.0,595.0,238.0,5373.0,3321.0,4491.0,11895.0,169.47,2.8316877366810917,0.13242985628052426,0.04429555183324028,0.7394789579158316,0.03074282252613858,-0.014361458651205417,0.045104281177344,0
2144,Big Horn County,WY,56003,2015-07-31,147523.80891926071,2015,7,Big Horn,51679.0,141400.0,595.0,238.0,5373.0,3321.0,4491.0,11895.0,169.47,2.8546181025031583,0.13136608349508114,0.04429555183324028,0.7394789579158316,0.03571221864223251,-0.014361458651205417,0.050073677293437924,0
2144,Big Horn County,WY,56003,2015-08-31,149121.75952181456,2015,8,Big Horn,51679.0,141400.0,595.0,238.0,5373.0,3321.0,4491.0,11895.0,169.47,2.8855387976124645,0.12995839817169683,0.04429555183324028,0.7394789579158316,0.04404254934738061,-0.014361458651205417,0.05840400799858603,0
2144,Big Horn County,WY,56003,2015-09-30,150622.2781247636,2015,9,Big Horn,51679.0,141400.0,595.0,238.0,5373.0,3321.0,4491.0,11895.0,169.47,2.914574162130916,0.12866373581169344,0.04429555183324028,0.7394789579158316,0.05342097520973588,-0.014361458651205417,0.0677824338609413,0
2144,Big Horn County,WY,56003,2015-10-31,151354.92249730576,2015,10,Big Horn,51679.0,141400.0,595.0,238.0,5373.0,3321.0,4491.0,11895.0,169.47,2.9287509916466217,0.12804092975796655,0.04429555183324028,0.7394789579158316,0.05979077951487577,-0.014361458651205417,0.07415223816608119,0
2144,Big Horn County,WY,56003,2015-11-30,151430.79621729572,2015,11,Big Horn,51679.0,141400.0,595.0,238.0,5373.0,3321.0,4491.0,11895.0,169.47,2.9302191647921925,0.12797677542546362,0.04429555183324028,0.7394789579158316,0.0632905512036619,-0.014361458651205417,0.07765200985486731,0
2144,Big Horn County,WY,56003,2015-12-31,151388.8682299486,2015,12,Big Horn,51679.0,141400.0,595.0,238.0,5373.0,3321.0,4491.0,11895.0,169.47,2.9294078490285917,0.12801221930375864,0.04429555183324028,0.7394789579158316,0.06390058459408521,-0.014361458651205417,0.07826204324529062,0
2144,Big Horn County,WY,56003,2016-01-31,151765.83317788967,2016,1,Big Horn,50820.0,148200.0,598.0,267.0,5376.0,3279.0,4459.0,11931.0,179.07,2.9863406764637874,0.12557174168221436,0.04966517857142857,0.7353666741421844,0.06437388606747696,-0.016621838657868815,0.08099572472534577,0
2144,Big Horn County,WY,56003,2016-02-29,152399.08624579178,2016,2,Big Horn,50820.0,148200.0,598.0,267.0,5376.0,3279.0,4459.0,11931.0,179.07,2.998801382246985,0.12504996236830282,0.04966517857142857,0.7353666741421844,0.0633780340283101,-0.016621838657868815,0.07999987268617892,0
2144,Big Horn County,WY,56003,2016-03-31,153103.42533082733,2016,3,Big Horn,50820.0,148200.0,598.0,267.0,5376.0,3279.0,4459.0,11931.0,179.07,3.0126608683751934,0.12447468081671179,0.04966517857142857,0.7353666741421844,0.060330327131304706,-0.016621838657868815,0.07695216578917352,0
2144,Big Horn County,WY,56003,2016-04-30,153374.5722076006,2016,4,Big Horn,50820.0,148200.0,598.0,267.0,5376.0,3279.0,4459.0,11931.0,179.07,3.0179963047540457,0.12425462529867509,0.04966517857142857,0.7353666741421844,0.0562444611745232,-0.016621838657868815,0.07286629983239201,0
2144,Big Horn County,WY,56003,2016-05-31,153558.72027440197,2016,5,Big Horn,50820.0,148200.0,598.0,267.0,5376.0,3279.0,4459.0,11931.0,179.07,3.021619840110232,0.12410561878833824,0.04966517857142857,0.7353666741421844,0.05298763079895097,-0.016621838657868815,0.06960946945681978,0
2144,Big Horn County,WY,56003,2016-06-30,153656.41063624524,2016,6,Big Horn,50820.0,148200.0,598.0,267.0,5376.0,3279.0,4459.0,11931.0,179.07,3.0235421219253293,0.12402671597682512,0.04966517857142857,0.7353666741421844,0.050004650613165946,-0.016621838657868815,0.06662648927103476,0
2144,Big Horn County,WY,56003,2016-07-31,153588.5322446595,2016,7,Big Horn,50820.0,148200.0,598.0,267.0,5376.0,3279.0,4459.0,11931.0,179.07,3.0222064589661453,0.12408152953530589,0.04966517857142857,0.7353666741421844,0.041110132458130666,-0.016621838657868815,0.05773197111599948,0
2144,Big Horn County,WY,56003,2016-08-31,153147.48987149203,2016,8,Big Horn,50820.0,148200.0,598.0,267.0,5376.0,3279.0,4459.0,11931.0,179.07,3.0135279392265257,0.12443886619357186,0.04966517857142857,0.7353666741421844,0.026996263741701387,-0.016621838657868815,0.0436181023995702,0
2144,Big Horn County,WY,56003,2016-09-30,152458.81803181695,2016,9,Big Horn,50820.0,148200.0,598.0,267.0,5376.0,3279.0,4459.0,11931.0,179.07,2.9999767420664494,0.12500096908807762,0.04966517857142857,0.7353666741421844,0.012193016397827217,-0.016621838657868815,0.02881485505569603,0
2144,Big Horn County,WY,56003,2016-10-31,151934.98943180343,2016,10,Big Horn,50820.0,148200.0,598.0,267.0,5376.0,3279.0,4459.0,11931.0,179.07,2.989669213534109,0.12543193685187326,0.04966517857142857,0.7353666741421844,0.003832494674945286,-0.016621838657868815,0.0204543333328141,0
2144,Big Horn County,WY,56003,2016-11-30,151539.3943460134,2016,11,Big Horn,50820.0,148200.0,598.0,267.0,5376.0,3279.0,4459.0,11931.0,179.07,2.98188497335721,0.1257593781619951,0.04966517857142857,0.7353666741421844,0.0007171469174727108,-0.016621838657868815,0.017338985575341526,0
2144,Big Horn County,WY,56003,2016-12-31,151450.2906625433,2016,12,Big Horn,50820.0,148200.0,598.0,267.0,5376.0,3279.0,4459.0,11931.0,179.07,2.9801316541232445,0.12583336695248287,0.04966517857142857,0.7353666741421844,0.0004057262156251795,-0.016621838657868815,0.017027564873493994,0
2144,Big Horn County,WY,56003,2017-01-31,151585.68013734123,2017,1,Big Horn,51716.0,151900.0,651.0,266.0,5454.0,3255.0,4481.0,11920.0,186.43,2.9311176451647696,0.12793754649138955,0.04877154382104877,0.7264003570631555,-0.0011870461010633493,0.01763085399449027,-0.01881790009555362,0
2144,Big Horn County,WY,56003,2017-02-28,151933.53285036833,2017,2,Big Horn,51716.0,151900.0,651.0,266.0,5454.0,3255.0,4481.0,11920.0,186.43,2.9378438558737785,0.1276446327296271,0.04877154382104877,0.7264003570631555,-0.0030548306219670973,0.01763085399449027,-0.020685684616457367,0
2144,Big Horn County,WY,56003,2017-03-31,152050.1972882931,2017,3,Big Horn,51716.0,151900.0,651.0,266.0,5454.0,3255.0,4481.0,11920.0,186.43,2.9400997232634603,0.12754669409095976,0.04877154382104877,0.7264003570631555,-0.006879193200664213,0.01763085399449027,-0.024510047195154483,0
2144,Big Horn County,WY,56003,2017-04-30,152375.7390865146,2017,4,Big Horn,51716.0,151900.0,651.0,266.0,5454.0,3255.0,4481.0,11920.0,186.43,2.9463945217440366,0.127274198086015,0.04877154382104877,0.7264003570631555,-0.006512377551958437,0.01763085399449027,-0.024143231546448707,0
2144,Big Horn County,WY,56003,2017-05-31,152690.72639979617,2017,5,Big Horn,51716.0,151900.0,651.0,266.0,5454.0,3255.0,4481.0,11920.0,186.43,2.952485234739658,0.12701164279761973,0.04877154382104877,0.7264003570631555,-0.005652520892690083,0.01763085399449027,-0.023283374887180353,0
2144,Big Horn County,WY,56003,2017-06-30,153291.85458395805,2017,6,Big Horn,51716.0,151900.0,651.0,266.0,5454.0,3255.0,4481.0,11920.0,186.43,2.9641088750862026,0.12651357146558734,0.04877154382104877,0.7264003570631555,-0.0023725404672521044,0.01763085399449027,-0.020003394461742374,0
2144,Big Horn County,WY,56003,2017-07-31,153833.94045320785,2017,7,Big Horn,51716.0,151900.0,651.0,266.0,5454.0,3255.0,4481.0,11920.0,186.43,2.974590851055918,0.12606775814794252,0.04877154382104877,0.7264003570631555,0.0015978289847671245,0.01763085399449027,-0.016033025009723145,0
2144,Big Horn County,WY,56003,2017-08-31,154312.46841237877,2017,8,Big Horn,51716.0,151900.0,651.0,266.0,5454.0,3255.0,4481.0,11920.0,186.43,2.983843847404648,0.12567681794949676,0.04877154382104877,0.7264003570631555,0.0076069058778847065,0.01763085399449027,-0.010023948116605563,0
2144,Big Horn County,WY,56003,2017-09-30,154555.1926207623,2017,9,Big Horn,51716.0,151900.0,651.0,266.0,5454.0,3255.0,4481.0,11920.0,186.43,2.988537253862679,0.12547944634630642,0.04877154382104877,0.7264003570631555,0.013750431860936052,0.01763085399449027,-0.0038804221335542177,0
2144,Big Horn County,WY,56003,2017-10-31,154798.31820874367,2017,10,Big Horn,51716.0,151900.0,651.0,266.0,5454.0,3255.0,4481.0,11920.0,186.43,2.993238421547368,0.1252823688552488,0.04877154382104877,0.7264003570631555,0.018845749669962997,0.01763085399449027,0.001214895675472727,0
2144,Big Horn County,WY,56003,2017-11-30,155374.81479102743,2017,11,Big Horn,51716.0,151900.0,651.0,266.0,5454.0,3255.0,4481.0,11920.0,186.43,3.0043857759886192,0.12481752609702826,0.04877154382104877,0.7264003570631555,0.025309725313119147,0.01763085399449027,0.007678871318628877,0
2144,Big Horn County,WY,56003,2017-12-31,156178.2531577898,2017,12,Big Horn,51716.0,151900.0,651.0,266.0,5454.0,3255.0,4481.0,11920.0,186.43,3.019921362011559,0.12417541884276541,0.04877154382104877,0.7264003570631555,0.031217916285028346,0.01763085399449027,0.013587062290538077,0
2144,Big Horn County,WY,56003,2018-01-31,156748.07167448933,2018,1,Big Horn,53435.0,154600.0,656.0,238.0,5461.0,3269.0,4494.0,11901.0,190.84,2.9334344844107667,0.12783650086370532,0.043581761582127815,0.7274143302180686,0.03405593148687136,0.03323922963879644,0.0008167018480749189,0
2144,Big Horn County,WY,56003,2018-02-28,156778.02593256778,2018,2,Big Horn,53435.0,154600.0,656.0,238.0,5461.0,3269.0,4494.0,11901.0,190.84,2.933995058156036,0.12781207621926974,0.043581761582127815,0.7274143302180686,0.03188560807685925,0.03323922963879644,-0.0013536215619371905,0
2144,Big Horn County,WY,56003,2018-03-31,156708.3743492012,2018,3,Big Horn,53435.0,154600.0,656.0,238.0,5461.0,3269.0,4494.0,11901.0,190.84,2.932691575731285,0.12786888437339047,0.043581761582127815,0.7274143302180686,0.030635784392150534,0.03323922963879644,-0.002603445246645908,0
2144,Big Horn County,WY,56003,2018-04-30,156408.10406581472,2018,4,Big Horn,53435.0,154600.0,656.0,238.0,5461.0,3269.0,4494.0,11901.0,190.84,2.927072219815004,0.1281143654267952,0.043581761582127815,0.7274143302180686,0.02646330054557211,0.03323922963879644,-0.006775929093224331,0
2144,Big Horn County,WY,56003,2018-05-31,156362.40233940168,2018,5,Big Horn,53435.0,154600.0,656.0,238.0,5461.0,3269.0,4494.0,11901.0,190.84,2.9262169428165374,0.12815181079467594,0.043581761582127815,0.7274143302180686,0.02404648943768728,0.03323922963879644,-0.009192740201109162,0
2144,Big Horn County,WY,56003,2018-06-30,156074.5397358544,2018,6,Big Horn,53435.0,154600.0,656.0,238.0,5461.0,3269.0,4494.0,11901.0,190.84,2.9208297882633927,0.12838817294552443,0.043581761582127815,0.7274143302180686,0.01815285723725313,0.03323922963879644,-0.015086372401543313,0
2144,Big Horn County,WY,56003,2018-07-31,156112.1960465625,2018,7,Big Horn,53435.0,154600.0,656.0,238.0,5461.0,3269.0,4494.0,11901.0,190.84,2.921534500731028,0.12835720403307482,0.043581761582127815,0.7274143302180686,0.01480983706614225,0.03323922963879644,-0.01842939257265419,0
2144,Big Horn County,WY,56003,2018-08-31,156025.33825144265,2018,8,Big Horn,53435.0,154600.0,656.0,238.0,5461.0,3269.0,4494.0,11901.0,190.84,2.9199090156534604,0.12842865924576657,0.043581761582127815,0.7274143302180686,0.011100009329683358,0.03323922963879644,-0.022139220309113083,0
2144,Big Horn County,WY,56003,2018-09-30,156311.8302745844,2018,9,Big Horn,53435.0,154600.0,656.0,238.0,5461.0,3269.0,4494.0,11901.0,190.84,2.9252705207183385,0.12819327215860837,0.043581761582127815,0.7274143302180686,0.01136576276755985,0.03323922963879644,-0.02187346687123659,0
2144,Big Horn County,WY,56003,2018-10-31,156377.9689326478,2018,10,Big Horn,53435.0,154600.0,656.0,238.0,5461.0,3269.0,4494.0,11901.0,190.84,2.9265082611143973,0.12813905396501502,0.043581761582127815,0.7274143302180686,0.010204572906108655,0.03323922963879644,-0.023034656732687786,0
2144,Big Horn County,WY,56003,2018-11-30,156672.21309527947,2018,11,Big Horn,53435.0,154600.0,656.0,238.0,5461.0,3269.0,4494.0,11901.0,190.84,2.9320148422434635,0.12789839757873278,0.043581761582127815,0.7274143302180686,0.008350119715328397,0.03323922963879644,-0.024889109923468045,0
2144,Big Horn County,WY,56003,2018-12-31,156864.26146923905,2018,12,Big Horn,53435.0,154600.0,656.0,238.0,5461.0,3269.0,4494.0,11901.0,190.84,2.9356088980862554,0.1277418120119697,0.043581761582127815,0.7274143302180686,0.004392470126786341,0.03323922963879644,-0.0288467595120101,0
2144,Big Horn County,WY,56003,2019-01-31,157174.63546500888,2019,1,Big Horn,52804.0,163400.0,678.0,265.0,5474.0,3276.0,4475.0,11882.0,200.66,2.9765668408644967,0.12598406823986763,0.0484106686152722,0.7320670391061452,0.002721333576628515,-0.01180873959015627,0.014530073166784785,0
2144,Big Horn County,WY,56003,2019-02-28,157490.61020623482,2019,2,Big Horn,52804.0,163400.0,678.0,265.0,5474.0,3276.0,4475.0,11882.0,200.66,2.9825507576364445,0.12573130533985374,0.0484106686152722,0.7320670391061452,0.004545179526457055,-0.01180873959015627,0.016353919116613325,0
2144,Big Horn County,WY,56003,2019-03-31,158029.30476210432,2019,3,Big Horn,52804.0,163400.0,678.0,265.0,5474.0,3276.0,4475.0,11882.0,200.66,2.9927525331812803,0.12530270907543997,0.0484106686152722,0.7320670391061452,0.008429226698246639,-0.01180873959015627,0.02023796628840291,0
2144,Big Horn County,WY,56003,2019-04-30,158927.26532622418,2019,4,Big Horn,52804.0,163400.0,678.0,265.0,5474.0,3276.0,4475.0,11882.0,200.66,3.009758073748659,0.12459473180611384,0.0484106686152722,0.7320670391061452,0.01610633461389832,-0.01180873959015627,0.02791507420405459,0
2144,Big Horn County,WY,56003,2019-05-31,159631.55635199122,2019,5,Big Horn,52804.0,163400.0,678.0,265.0,5474.0,3276.0,4475.0,11882.0,200.66,3.023095908491615,0.12404502250380393,0.0484106686152722,0.7320670391061452,0.02090754531574346,-0.01180873959015627,0.03271628490589973,0
2144,Big Horn County,WY,56003,2019-06-30,160500.42568415744,2019,6,Big Horn,52804.0,163400.0,678.0,265.0,5474.0,3276.0,4475.0,11882.0,200.66,3.0395505204938535,0.12337350455983588,0.0484106686152722,0.7320670391061452,0.028357514017299357,-0.01180873959015627,0.040166253607455626,0
2144,Big Horn County,WY,56003,2019-07-31,161151.530066481,2019,7,Big Horn,52804.0,163400.0,678.0,265.0,5474.0,3276.0,4475.0,11882.0,200.66,3.0518811087508713,0.12287503563776989,0.0484106686152722,0.7320670391061452,0.03228020710448187,-0.01180873959015627,0.04408894669463814,0
2144,Big Horn County,WY,56003,2019-08-31,162094.5329500202,2019,8,Big Horn,52804.0,163400.0,678.0,265.0,5474.0,3276.0,4475.0,11882.0,200.66,3.0697396589277366,0.12216019652004884,0.0484106686152722,0.7320670391061452,0.03889877610005077,-0.01180873959015627,0.05070751569020704,0
2144,Big Horn County,WY,56003,2019-09-30,162351.62272108483,2019,9,Big Horn,52804.0,163400.0,678.0,265.0,5474.0,3276.0,4475.0,11882.0,200.66,3.0746084145345964,0.12196675135189979,0.0484106686152722,0.7320670391061452,0.03863938152275903,-0.01180873959015627,0.0504481211129153,0
2144,Big Horn County,WY,56003,2019-10-31,162764.54123434934,2019,10,Big Horn,52804.0,163400.0,678.0,265.0,5474.0,3276.0,4475.0,11882.0,200.66,3.0824282485105168,0.12165733303969249,0.0484106686152722,0.7320670391061452,0.04084061422010299,-0.01180873959015627,0.05264935381025926,0
2144,Big Horn County,WY,56003,2019-11-30,163348.8489590535,2019,11,Big Horn,52804.0,163400.0,678.0,265.0,5474.0,3276.0,4475.0,11882.0,200.66,3.093493844387802,0.12122215813693074,0.0484106686152722,0.7320670391061452,0.04261531596361423,-0.01180873959015627,0.0544240555537705,0
2144,Big Horn County,WY,56003,2019-12-31,164663.24458919934,2019,12,Big Horn,52804.0,163400.0,678.0,265.0,5474.0,3276.0,4475.0,11882.0,200.66,3.1183858152639825,0.12025452340260047,0.0484106686152722,0.7320670391061452,0.049718036772127716,-0.01180873959015627,0.061526776362283986,0
2144,Big Horn County,WY,56003,2020-01-31,165941.87560360334,2020,1,Big Horn,51237.0,160000.0,662.0,286.0,5468.0,3290.0,4408.0,11809.0,210.56,3.238711782571254,0.11578677732857189,0.052304316020482806,0.7463702359346642,0.05578024795576053,-0.029675782137716822,0.08545603009347735,0
2144,Big Horn County,WY,56003,2020-02-29,167274.81577161912,2020,2,Big Horn,51237.0,160000.0,662.0,286.0,5468.0,3290.0,4408.0,11809.0,210.56,3.2647269701898844,0.1148641229187349,0.052304316020482806,0.7463702359346642,0.06212564388805042,-0.029675782137716822,0.09180142602576724,0
2144,Big Horn County,WY,56003,2020-03-31,168593.2922099148,2020,3,Big Horn,51237.0,160000.0,662.0,286.0,5468.0,3290.0,4408.0,11809.0,210.56,3.290459867086574,0.1139658330894736,0.052304316020482806,0.7463702359346642,0.06684828148623057,-0.029675782137716822,0.09652406362394739,0
2144,Big Horn County,WY,56003,2020-04-30,169772.16793990674,2020,4,Big Horn,51237.0,160000.0,662.0,286.0,5468.0,3290.0,4408.0,11809.0,210.56,3.313468156603758,0.1131744692498774,0.052304316020482806,0.7463702359346642,0.0682381502722118,-0.029675782137716822,0.09791393240992863,0
2144,Big Horn County,WY,56003,2020-05-31,170549.38667197447,2020,5,Big Horn,51237.0,160000.0,662.0,286.0,5468.0,3290.0,4408.0,11809.0,210.56,3.328637247925805,0.11265871648635672,0.052304316020482806,0.7463702359346642,0.06839393519354764,-0.029675782137716822,0.09806971733126446,0
2144,Big Horn County,WY,56003,2020-06-30,170994.91768365912,2020,6,Big Horn,51237.0,160000.0,662.0,286.0,5468.0,3290.0,4408.0,11809.0,210.56,3.3373327416448877,0.11236518172748093,0.052304316020482806,0.7463702359346642,0.06538606956814808,-0.029675782137716822,0.0950618517058649,0
2144,Big Horn County,WY,56003,2020-07-31,171573.97483819805,2020,7,Big Horn,51237.0,160000.0,662.0,286.0,5468.0,3290.0,4408.0,11809.0,210.56,3.3486342845638513,0.11198595252059378,0.052304316020482806,0.7463702359346642,0.06467481113841989,-0.029675782137716822,0.09435059327613671,0
2144,Big Horn County,WY,56003,2020-08-31,172522.2080502193,2020,8,Big Horn,51237.0,160000.0,662.0,286.0,5468.0,3290.0,4408.0,11809.0,210.56,3.367141090427217,0.11137044451927633,0.052304316020482806,0.7463702359346642,0.06433082541663726,-0.029675782137716822,0.09400660755435408,0
2144,Big Horn County,WY,56003,2020-09-30,173791.91759229524,2020,9,Big Horn,51237.0,160000.0,662.0,286.0,5468.0,3290.0,4408.0,11809.0,210.56,3.3919221966995576,0.11055678115638566,0.052304316020482806,0.7463702359346642,0.07046615660173905,-0.029675782137716822,0.10014193873945587,0
2144,Big Horn County,WY,56003,2020-10-31,175782.12331939043,2020,10,Big Horn,51237.0,160000.0,662.0,286.0,5468.0,3290.0,4408.0,11809.0,210.56,3.430765332072339,0.10930505694876042,0.052304316020482806,0.7463702359346642,0.0799779975805559,-0.029675782137716822,0.10965377971827273,0
2144,Big Horn County,WY,56003,2020-11-30,178974.32975844745,2020,11,Big Horn,51237.0,160000.0,662.0,286.0,5468.0,3290.0,4408.0,11809.0,210.56,3.493068090607324,0.1073554795591747,0.052304316020482806,0.7463702359346642,0.09565712215891264,-0.029675782137716822,0.12533290429662947,0
2144,Big Horn County,WY,56003,2020-12-31,182938.1536325604,2020,12,Big Horn,51237.0,160000.0,662.0,286.0,5468.0,3290.0,4408.0,11809.0,210.56,3.5704306191338366,0.10502934799807775,0.052304316020482806,0.7463702359346642,0.11098353545111528,-0.029675782137716822,0.1406593175888321,0
2144,Big Horn County,WY,56003,2021-01-31,186385.1831604732,2021,1,Big Horn,56059.0,158800.0,724.0,238.0,5340.0,3235.0,4215.0,11671.0,239.45,3.3248039237316616,0.1127886060658612,0.04456928838951311,0.767497034400949,0.12319559172456374,0.09411167710833968,0.02908391461622406,0
2144,Big Horn County,WY,56003,2021-02-28,189130.3430502295,2021,2,Big Horn,56059.0,158800.0,724.0,238.0,5340.0,3235.0,4215.0,11671.0,239.45,3.3737730435831805,0.11115151942814862,0.04456928838951311,0.767497034400949,0.1306564121908813,0.09411167710833968,0.036544735082541635,0
2144,Big Horn County,WY,56003,2021-03-31,191872.45891795843,2021,3,Big Horn,56059.0,158800.0,724.0,238.0,5340.0,3235.0,4215.0,11671.0,239.45,3.422687863107769,0.10956301450740631,0.04456928838951311,0.767497034400949,0.13807884289405092,0.09411167710833968,0.04396716578571125,0
2144,Big Horn County,WY,56003,2021-04-30,195488.34565760312,2021,4,Big Horn,56059.0,158800.0,724.0,238.0,5340.0,3235.0,4215.0,11671.0,239.45,3.487189312288894,0.10753646172248114,0.04456928838951311,0.767497034400949,0.15147463821513418,0.09411167710833968,0.05736296110679451,0
2144,Big Horn County,WY,56003,2021-05-31,199546.30062212984,2021,5,Big Horn,56059.0,158800.0,724.0,238.0,5340.0,3235.0,4215.0,11671.0,239.45,3.5595765286953003,0.10534961026317632,0.04456928838951311,0.767497034400949,0.17002062872220391,0.09411167710833968,0.07590895161386424,0
2144,Big Horn County,WY,56003,2021-06-30,203787.29910240357,2021,6,Big Horn,56059.0,158800.0,724.0,238.0,5340.0,3235.0,4215.0,11671.0,239.45,3.6352289391962676,0.10315718934690005,0.04456928838951311,0.767497034400949,0.19177401213415246,0.09411167710833968,0.09766233502581279,0
2144,Big Horn County,WY,56003,2021-07-31,207010.9940019116,2021,7,Big Horn,56059.0,158800.0,724.0,238.0,5340.0,3235.0,4215.0,11671.0,239.45,3.6927343335041938,0.10155076594533852,0.04456928838951311,0.767497034400949,0.20654076002571053,0.09411167710833968,0.11242908291737086,0
2144,Big Horn County,WY,56003,2021-08-31,209014.15193017363,2021,8,Big Horn,56059.0,158800.0,724.0,238.0,5340.0,3235.0,4215.0,11671.0,239.45,3.7284673634951324,0.10057751977972747,0.04456928838951311,0.767497034400949,0.21152026914315813,0.09411167710833968,0.11740859203481846,0
2144,Big Horn County,WY,56003,2021-09-30,209855.76533240752,2021,9,Big Horn,56059.0,158800.0,724.0,238.0,5340.0,3235.0,4215.0,11671.0,239.45,3.7434803569883073,0.1001741599364752,0.04456928838951311,0.767497034400949,0.20751165094291535,0.09411167710833968,0.11339997383457567,0
2144,Big Horn County,WY,56003,2021-10-31,211137.4175393948,2021,10,Big Horn,56059.0,158800.0,724.0,238.0,5340.0,3235.0,4215.0,11671.0,239.45,3.7663429162024795,0.09956607997290491,0.04456928838951311,0.767497034400949,0.2011313411874367,0.09411167710833968,0.10701966407909702,0
2144,Big Horn County,WY,56003,2021-11-30,213479.98455239987,2021,11,Big Horn,56059.0,158800.0,724.0,238.0,5340.0,3235.0,4215.0,11671.0,239.45,3.80813044386093,0.09847351752473076,0.04456928838951311,0.767497034400949,0.19279667000582124,0.09411167710833968,0.09868499289748156,0
2144,Big Horn County,WY,56003,2021-12-31,216125.82951930552,2021,12,Big Horn,56059.0,158800.0,724.0,238.0,5340.0,3235.0,4215.0,11671.0,239.45,3.8553279494694075,0.09726798988698475,0.04456928838951311,0.767497034400949,0.18141473075870262,0.09411167710833968,0.08730305365036295,0
2144,Big Horn County,WY,56003,2022-01-31,219688.6318883033,2022,1,Big Horn,61262.0,179800.0,785.0,170.0,5355.0,3286.0,4262.0,11690.0,290.73,3.5860506005077095,0.10457186520092823,0.031746031746031744,0.7709995307367433,0.17868077367049406,0.09281292923526996,0.0858678444352241,0
2144,Big Horn County,WY,56003,2022-02-28,223135.5043322309,2022,2,Big Horn,61262.0,179800.0,785.0,170.0,5355.0,3286.0,4262.0,11690.0,290.73,3.642315045741747,0.10295649752714685,0.031746031746031744,0.7709995307367433,0.17979749168524606,0.09281292923526996,0.0869845624499761,0
2144,Big Horn County,WY,56003,2022-03-31,227352.84757176248,2022,3,Big Horn,61262.0,179800.0,785.0,170.0,5355.0,3286.0,4262.0,11690.0,290.73,3.7111561420091164,0.10104667808371583,0.031746031746031744,0.7709995307367433,0.18491652660257452,0.09281292923526996,0.09210359736730456,0
2144,Big Horn County,WY,56003,2022-04-30,231111.1871170262,2022,4,Big Horn,61262.0,179800.0,785.0,170.0,5355.0,3286.0,4262.0,11690.0,290.73,3.772504768323368,0.09940345288593576,0.031746031746031744,0.7709995307367433,0.18222488578330043,0.09281292923526996,0.08941195654803047,0
2144,Big Horn County,WY,56003,2022-05-31,235167.30123138195,2022,5,Big Horn,61262.0,179800.0,785.0,170.0,5355.0,3286.0,4262.0,11690.0,290.73,3.838714067960268,0.09768896389807413,0.031746031746031744,0.7709995307367433,0.17850995231781175,0.09281292923526996,0.08569702308254179,0
2144,Big Horn County,WY,56003,2022-06-30,239581.947377583,2022,6,Big Horn,61262.0,179800.0,785.0,170.0,5355.0,3286.0,4262.0,11690.0,290.73,3.9107758051905424,0.09588890252984703,0.031746031746031744,0.7709995307367433,0.17564710083915758,0.09281292923526996,0.08283417160388762,0
2144,Big Horn County,WY,56003,2022-07-31,243595.1077664969,2022,7,Big Horn,61262.0,179800.0,785.0,170.0,5355.0,3286.0,4262.0,11690.0,290.73,3.976283956881866,0.09430916002640528,0.031746031746031744,0.7709995307367433,0.17672546301694236,0.09281292923526996,0.0839125337816724,0
2144,Big Horn County,WY,56003,2022-08-31,246018.78703673903,2022,8,Big Horn,61262.0,179800.0,785.0,170.0,5355.0,3286.0,4262.0,11690.0,290.73,4.015846479656868,0.09338006368013392,0.031746031746031744,0.7709995307367433,0.17704368228103395,0.09281292923526996,0.084230753045764,0
2144,Big Horn County,WY,56003,2022-09-30,246852.00336290785,2022,9,Big Horn,61262.0,179800.0,785.0,170.0,5355.0,3286.0,4262.0,11690.0,290.73,4.02944734685299,0.09306487161145711,0.031746031746031744,0.7709995307367433,0.17629364612356024,0.09281292923526996,0.08348071688829029,0
2144,Big Horn County,WY,56003,2022-10-31,247044.55750737863,2022,10,Big Horn,61262.0,179800.0,785.0,170.0,5355.0,3286.0,4262.0,11690.0,290.73,4.032590472191222,0.09299233398134603,0.031746031746031744,0.7709995307367433,0.17006526075030792,0.09281292923526996,0.07725233151503796,0
2144,Big Horn County,WY,56003,2022-11-30,246966.6046064487,2022,11,Big Horn,61262.0,179800.0,785.0,170.0,5355.0,3286.0,4262.0,11690.0,290.73,4.031318021064424,0.09302168621789493,0.031746031746031744,0.7709995307367433,0.15686070112970874,0.09281292923526996,0.06404777189443878,0
2144,Big Horn County,WY,56003,2022-12-31,246431.83025772884,2022,12,Big Horn,61262.0,179800.0,785.0,170.0,5355.0,3286.0,4262.0,11690.0,290.73,4.02258872151952,0.09322354979863437,0.031746031746031744,0.7709995307367433,0.14022387238872902,0.09281292923526996,0.04741094315345906,0
2144,Big Horn County,WY,56003,2023-01-31,245340.1420266468,2023,1,Big Horn,60547.0,198200.0,876.0,180.0,5370.0,3364.0,4357.0,11737.0,314.16,4.052061076959169,0.09254549545966252,0.0335195530726257,0.7720908882258435,0.11676302919208648,-0.01167118278867818,0.12843421198076466,0
2144,Big Horn County,WY,56003,2023-02-28,243763.7284288616,2023,2,Big Horn,60547.0,198200.0,876.0,180.0,5370.0,3364.0,4357.0,11737.0,314.16,4.02602488032209,0.09314398473612989,0.0335195530726257,0.7720908882258435,0.09244707227728721,-0.01167118278867818,0.10411825506596539,0
2144,Big Horn County,WY,56003,2023-03-31,243107.51136435577,2023,3,Big Horn,60547.0,198200.0,876.0,180.0,5370.0,3364.0,4357.0,11737.0,314.16,4.015186736987064,0.0933954071290329,0.0335195530726257,0.7720908882258435,0.06929609178358942,-0.01167118278867818,0.0809672745722676,0
2144,Big Horn County,WY,56003,2023-04-30,243711.68466680567,2023,4,Big Horn,60547.0,198200.0,876.0,180.0,5370.0,3364.0,4357.0,11737.0,314.16,4.0251653206072255,0.09316387530225181,0.0335195530726257,0.7720908882258435,0.05452136569831678,-0.01167118278867818,0.06619254848699496,0
2144,Big Horn County,WY,56003,2023-05-31,245687.03629317184,2023,5,Big Horn,60547.0,198200.0,876.0,180.0,5370.0,3364.0,4357.0,11737.0,314.16,4.057790415597335,0.09241482718244268,0.0335195530726257,0.7720908882258435,0.044732983738412946,-0.01167118278867818,0.056404166527091126,0
2144,Big Horn County,WY,56003,2023-06-30,247714.08138136924,2023,6,Big Horn,60547.0,198200.0,876.0,180.0,5370.0,3364.0,4357.0,11737.0,314.16,4.091269284710543,0.0916585963679805,0.0335195530726257,0.7720908882258435,0.033943016545273874,-0.01167118278867818,0.045614199333952055,0
2144,Big Horn County,WY,56003,2023-07-31,249310.7177913411,2023,7,Big Horn,60547.0,198200.0,876.0,180.0,5370.0,3364.0,4357.0,11737.0,314.16,4.117639483233539,0.0910715961236889,0.0335195530726257,0.7720908882258435,0.02346356656030646,-0.01167118278867818,0.03513474934898464,0
2144,Big Horn County,WY,56003,2023-08-31,250861.3762306699,2023,8,Big Horn,60547.0,198200.0,876.0,180.0,5370.0,3364.0,4357.0,11737.0,314.16,4.143250305228499,0.09050865199400954,0.0335195530726257,0.7720908882258435,0.019683818671976994,-0.01167118278867818,0.031355001460655174,0
2144,Big Horn County,WY,56003,2023-09-30,252555.16942009504,2023,9,Big Horn,60547.0,198200.0,876.0,180.0,5370.0,3364.0,4357.0,11737.0,314.16,4.1712251543444765,0.08990164427097021,0.0335195530726257,0.7720908882258435,0.02310358425085468,-0.01167118278867818,0.03477476703953286,0
2144,Big Horn County,WY,56003,2023-10-31,254159.2329547992,2023,10,Big Horn,60547.0,198200.0,876.0,180.0,5370.0,3364.0,4357.0,11737.0,314.16,4.1977180199646424,0.08933425213806014,0.0335195530726257,0.7720908882258435,0.02879915882060291,-0.01167118278867818,0.04047034160928109,0
2144,Big Horn County,WY,56003,2023-11-30,255099.49181452105,2023,11,Big Horn,60547.0,198200.0,876.0,180.0,5370.0,3364.0,4357.0,11737.0,314.16,4.213247424554826,0.08900497934550394,0.0335195530726257,0.7720908882258435,0.03293112127865405,-0.01167118278867818,0.04460230406733223,0
2144,Big Horn County,WY,56003,2023-12-31,255158.56605775256,2023,12,Big Horn,60547.0,198200.0,876.0,180.0,5370.0,3364.0,4357.0,11737.0,314.16,4.214223100364222,0.08898437293639956,0.0335195530726257,0.7720908882258435,0.03541237262612107,-0.01167118278867818,0.04708355541479925,0
2172,Campbell County,WY,56005,2014-01-31,245896.09785512844,2014,1,Campbell,78609.0,206500.0,921.0,396.0,19386.0,12837.0,17316.0,47448.0,169.27,3.128090903778555,0.11988142657459903,0.02042711234911792,0.7413374913374914,,,,0
2172,Campbell County,WY,56005,2014-02-28,245585.08543083223,2014,2,Campbell,78609.0,206500.0,921.0,396.0,19386.0,12837.0,17316.0,47448.0,169.27,3.1241344557344863,0.12003324610810875,0.02042711234911792,0.7413374913374914,,,,0
2172,Campbell County,WY,56005,2014-03-31,244870.29256229868,2014,3,Campbell,78609.0,206500.0,921.0,396.0,19386.0,12837.0,17316.0,47448.0,169.27,3.1150414400679143,0.12038363123407571,0.02042711234911792,0.7413374913374914,,,,0
2172,Campbell County,WY,56005,2014-04-30,244333.2163745369,2014,4,Campbell,78609.0,206500.0,921.0,396.0,19386.0,12837.0,17316.0,47448.0,169.27,3.1082091920077457,0.12064825011271811,0.02042711234911792,0.7413374913374914,,,,0
2172,Campbell County,WY,56005,2014-05-31,244267.43266732883,2014,5,Campbell,78609.0,206500.0,921.0,396.0,19386.0,12837.0,17316.0,47448.0,169.27,3.107372344990126,0.12068074191514104,0.02042711234911792,0.7413374913374914,,,,0
2172,Campbell County,WY,56005,2014-06-30,244110.6487794719,2014,6,Campbell,78609.0,206500.0,921.0,396.0,19386.0,12837.0,17316.0,47448.0,169.27,3.105377867413043,0.12075825101194412,0.02042711234911792,0.7413374913374914,,,,0
2172,Campbell County,WY,56005,2014-07-31,243941.74935147725,2014,7,Campbell,78609.0,206500.0,921.0,396.0,19386.0,12837.0,17316.0,47448.0,169.27,3.1032292657517235,0.12084186113434332,0.02042711234911792,0.7413374913374914,,,,0
2172,Campbell County,WY,56005,2014-08-31,244035.76121598747,2014,8,Campbell,78609.0,206500.0,921.0,396.0,19386.0,12837.0,17316.0,47448.0,169.27,3.1044252085128607,0.12079530824955498,0.02042711234911792,0.7413374913374914,,,,0
2172,Campbell County,WY,56005,2014-09-30,244345.83986310067,2014,9,Campbell,78609.0,206500.0,921.0,396.0,19386.0,12837.0,17316.0,47448.0,169.27,3.1083697778002604,0.1206420171365136,0.02042711234911792,0.7413374913374914,,,,0
2172,Campbell County,WY,56005,2014-10-31,244447.50879123632,2014,10,Campbell,78609.0,206500.0,921.0,396.0,19386.0,12837.0,17316.0,47448.0,169.27,3.1096631275202116,0.12059184053773768,0.02042711234911792,0.7413374913374914,,,,0
2172,Campbell County,WY,56005,2014-11-30,244441.7940466123,2014,11,Campbell,78609.0,206500.0,921.0,396.0,19386.0,12837.0,17316.0,47448.0,169.27,3.1095904291698444,0.12059465982473849,0.02042711234911792,0.7413374913374914,,,,0
2172,Campbell County,WY,56005,2014-12-31,244797.48725560165,2014,12,Campbell,78609.0,206500.0,921.0,396.0,19386.0,12837.0,17316.0,47448.0,169.27,3.1141152699512986,0.12041943457213919,0.02042711234911792,0.7413374913374914,,,,0
2172,Campbell County,WY,56005,2015-01-31,245749.7213971729,2015,1,Campbell,80060.0,212200.0,936.0,460.0,19525.0,12651.0,17510.0,48013.0,176.33,3.0695693404593167,0.12216697471440298,0.0235595390524968,0.7225014277555682,-0.0005952776771666057,0.0184584462338917,-0.019053723911058307,0
2172,Campbell County,WY,56005,2015-02-28,246885.8998021196,2015,2,Campbell,80060.0,212200.0,936.0,460.0,19525.0,12651.0,17510.0,48013.0,176.33,3.0837609268313715,0.12160475759880657,0.0235595390524968,0.7225014277555682,0.005296797112110063,0.0184584462338917,-0.013161649121781638,0
2172,Campbell County,WY,56005,2015-03-31,247808.49741854693,2015,3,Campbell,80060.0,212200.0,936.0,460.0,19525.0,12651.0,17510.0,48013.0,176.33,3.095284754166212,0.12115201985705999,0.0235595390524968,0.7225014277555682,0.01199902538402342,0.0184584462338917,-0.00645942084986828,0
2172,Campbell County,WY,56005,2015-04-30,248315.66986873996,2015,4,Campbell,80060.0,212200.0,936.0,460.0,19525.0,12651.0,17510.0,48013.0,176.33,3.101619658615288,0.12090457286030293,0.0235595390524968,0.7225014277555682,0.016299271762126644,0.0184584462338917,-0.0021591744717650574,0
2172,Campbell County,WY,56005,2015-05-31,248670.04389179812,2015,5,Campbell,80060.0,212200.0,936.0,460.0,19525.0,12651.0,17510.0,48013.0,176.33,3.106046014136874,0.12073227450373339,0.0235595390524968,0.7225014277555682,0.01802373397220447,0.0184584462338917,-0.0004347122616872312,0
2172,Campbell County,WY,56005,2015-06-30,249107.0952924116,2015,6,Campbell,80060.0,212200.0,936.0,460.0,19525.0,12651.0,17510.0,48013.0,176.33,3.1115050623583764,0.12052045311980544,0.0235595390524968,0.7225014277555682,0.02046795802608936,0.0184584462338917,0.00200951179219766,0
2172,Campbell County,WY,56005,2015-07-31,250117.9479789445,2015,7,Campbell,80060.0,212200.0,936.0,460.0,19525.0,12651.0,17510.0,48013.0,176.33,3.1241312512983326,0.12003336922677521,0.0235595390524968,0.7225014277555682,0.025318333757492262,0.0184584462338917,0.006859887523600561,0
2172,Campbell County,WY,56005,2015-08-31,251771.58629208145,2015,8,Campbell,80060.0,212200.0,936.0,460.0,19525.0,12651.0,17510.0,48013.0,176.33,3.1447862389717893,0.11924498884941984,0.0235595390524968,0.7225014277555682,0.031699555169896865,0.0184584462338917,0.013241108936005164,0
2172,Campbell County,WY,56005,2015-09-30,253858.87884097628,2015,9,Campbell,80060.0,212200.0,936.0,460.0,19525.0,12651.0,17510.0,48013.0,176.33,3.1708578421306055,0.11826452609052475,0.0235595390524968,0.7225014277555682,0.03893268239477887,0.0184584462338917,0.02047423616088717,0
2172,Campbell County,WY,56005,2015-10-31,255364.17196504064,2015,10,Campbell,80060.0,212200.0,936.0,460.0,19525.0,12651.0,17510.0,48013.0,176.33,3.189659904634532,0.11756739314280187,0.0235595390524968,0.7225014277555682,0.04465851678254329,0.0184584462338917,0.02620007054865159,0
2172,Campbell County,WY,56005,2015-11-30,256224.14476341952,2015,11,Campbell,80060.0,212200.0,936.0,460.0,19525.0,12651.0,17510.0,48013.0,176.33,3.2004015084114354,0.11717279816748259,0.0235595390524968,0.7225014277555682,0.048201048281295344,0.0184584462338917,0.029742602047403643,0
2172,Campbell County,WY,56005,2015-12-31,256395.52949299256,2015,12,Campbell,80060.0,212200.0,936.0,460.0,19525.0,12651.0,17510.0,48013.0,176.33,3.2025422120034044,0.11709447531853527,0.0235595390524968,0.7225014277555682,0.0473781098303554,0.0184584462338917,0.028919663596463696,0
2172,Campbell County,WY,56005,2016-01-31,256992.44724226385,2016,1,Campbell,80822.0,214000.0,947.0,521.0,19626.0,12241.0,17534.0,48473.0,171.56,3.1797338254715775,0.1179343997274315,0.026546418016916335,0.698129348693966,0.045748681956472304,0.009517861603797195,0.03623082035267511,0
2172,Campbell County,WY,56005,2016-02-29,257882.30137401688,2016,2,Campbell,80822.0,214000.0,947.0,521.0,19626.0,12241.0,17534.0,48473.0,171.56,3.1907438738711846,0.11752745278956832,0.026546418016916335,0.698129348693966,0.044540419605619386,0.009517861603797195,0.03502255800182219,0
2172,Campbell County,WY,56005,2016-03-31,258875.0100319941,2016,3,Campbell,80822.0,214000.0,947.0,521.0,19626.0,12241.0,17534.0,48473.0,171.56,3.203026527826509,0.1170767699680793,0.026546418016916335,0.698129348693966,0.044657518724048995,0.009517861603797195,0.0351396571202518,0
2172,Campbell County,WY,56005,2016-04-30,259357.05917786525,2016,4,Campbell,80822.0,214000.0,947.0,521.0,19626.0,12241.0,17534.0,48473.0,171.56,3.20899085865068,0.11685916741990358,0.026546418016916335,0.698129348693966,0.04446513309031919,0.009517861603797195,0.03494727148652199,0
2172,Campbell County,WY,56005,2016-05-31,259222.21339940056,2016,5,Campbell,80822.0,214000.0,947.0,521.0,19626.0,12241.0,17534.0,48473.0,171.56,3.2073224295290954,0.11691995682986511,0.026546418016916335,0.698129348693966,0.04243442170378153,0.009517861603797195,0.03291656009998434,0
2172,Campbell County,WY,56005,2016-06-30,258986.1421138813,2016,6,Campbell,80822.0,214000.0,947.0,521.0,19626.0,12241.0,17534.0,48473.0,171.56,3.204401550492209,0.11702653181602614,0.026546418016916335,0.698129348693966,0.039657829938056555,0.009517861603797195,0.03013996833425936,0
2172,Campbell County,WY,56005,2016-07-31,258271.0722596167,2016,7,Campbell,80822.0,214000.0,947.0,521.0,19626.0,12241.0,17534.0,48473.0,171.56,3.1955540850216115,0.11735054078969338,0.026546418016916335,0.698129348693966,0.032597118065907704,0.009517861603797195,0.02307925646211051,0
2172,Campbell County,WY,56005,2016-08-31,257396.6363401632,2016,8,Campbell,80822.0,214000.0,947.0,521.0,19626.0,12241.0,17534.0,48473.0,171.56,3.1847348041395067,0.11774920772447875,0.026546418016916335,0.698129348693966,0.02234187793358111,0.009517861603797195,0.012824016329783916,0
2172,Campbell County,WY,56005,2016-09-30,256248.08499033508,2016,9,Campbell,80822.0,214000.0,947.0,521.0,19626.0,12241.0,17534.0,48473.0,171.56,3.170523929008625,0.11827698146951278,0.026546418016916335,0.698129348693966,0.00941155243522318,0.009517861603797195,-0.00010630916857401473,0
2172,Campbell County,WY,56005,2016-10-31,255778.30943581028,2016,10,Campbell,80822.0,214000.0,947.0,521.0,19626.0,12241.0,17534.0,48473.0,171.56,3.16471145771956,0.11849421503665895,0.026546418016916335,0.698129348693966,0.0016217524470361067,0.009517861603797195,-0.007896109156761089,0
2172,Campbell County,WY,56005,2016-11-30,255754.94107950685,2016,11,Campbell,80822.0,214000.0,947.0,521.0,19626.0,12241.0,17534.0,48473.0,171.56,3.164422324113569,0.11850504186575239,0.026546418016916335,0.698129348693966,-0.0018312235341673144,0.009517861603797195,-0.01134908513796451,0
2172,Campbell County,WY,56005,2016-12-31,256312.15015930324,2016,12,Campbell,80822.0,214000.0,947.0,521.0,19626.0,12241.0,17534.0,48473.0,171.56,3.1713165989372105,0.11824741816243513,0.026546418016916335,0.698129348693966,-0.0003251980791326714,0.009517861603797195,-0.009843059682929867,0
2172,Campbell County,WY,56005,2017-01-31,256776.270155774,2017,1,Campbell,80178.0,213900.0,949.0,511.0,20034.0,12575.0,17588.0,48116.0,166.38,3.202577641694405,0.11709317991791035,0.025506638714185886,0.7149761200818741,-0.0008411806993147142,-0.007968127490039834,0.007126946790725119,0
2172,Campbell County,WY,56005,2017-02-28,257144.4245669116,2017,2,Campbell,80178.0,213900.0,949.0,511.0,20034.0,12575.0,17588.0,48116.0,166.38,3.207169355270917,0.11692553727594557,0.025506638714185886,0.7149761200818741,-0.0028612929354741024,-0.007968127490039834,0.005106834554565731,0
2172,Campbell County,WY,56005,2017-03-31,256865.94708798747,2017,3,Campbell,80178.0,213900.0,949.0,511.0,20034.0,12575.0,17588.0,48116.0,166.38,3.203696114744537,0.11705230039582032,0.025506638714185886,0.7149761200818741,-0.007760745016517245,-0.007968127490039834,0.0002073824735225882,0
2172,Campbell County,WY,56005,2017-04-30,256891.95227445604,2017,4,Campbell,80178.0,213900.0,949.0,511.0,20034.0,12575.0,17588.0,48116.0,166.38,3.2040204579118465,0.11704045118500846,0.025506638714185886,0.7149761200818741,-0.009504684049176593,-0.007968127490039834,-0.0015365565591367591,0
2172,Campbell County,WY,56005,2017-05-31,256881.4963598016,2017,5,Campbell,80178.0,213900.0,949.0,511.0,20034.0,12575.0,17588.0,48116.0,166.38,3.203890049138187,0.11704521511306887,0.025506638714185886,0.7149761200818741,-0.009029770284356253,-0.007968127490039834,-0.0010616427943164197,0
2172,Campbell County,WY,56005,2017-06-30,256432.29117255216,2017,6,Campbell,80178.0,213900.0,949.0,511.0,20034.0,12575.0,17588.0,48116.0,166.38,3.198287450080473,0.11725024903267042,0.025506638714185886,0.7149761200818741,-0.009860955958817974,-0.007968127490039834,-0.0018928284687781405,0
2172,Campbell County,WY,56005,2017-07-31,255221.93246120855,2017,7,Campbell,80178.0,213900.0,949.0,511.0,20034.0,12575.0,17588.0,48116.0,166.38,3.183191554556219,0.11780629395778858,0.025506638714185886,0.7149761200818741,-0.01180596716361293,-0.007968127490039834,-0.0038378396735730957,0
2172,Campbell County,WY,56005,2017-08-31,253542.58026966933,2017,8,Campbell,80178.0,213900.0,949.0,511.0,20034.0,12575.0,17588.0,48116.0,166.38,3.1622462554524846,0.11858658994485592,0.025506638714185886,0.7149761200818741,-0.01497321847438804,-0.007968127490039834,-0.007005090984348206,0
2172,Campbell County,WY,56005,2017-09-30,252613.90430832905,2017,9,Campbell,80178.0,213900.0,949.0,511.0,20034.0,12575.0,17588.0,48116.0,166.38,3.1506635773944107,0.11902254581878394,0.025506638714185886,0.7149761200818741,-0.014182274502239078,-0.007968127490039834,-0.006214147012199245,0
2172,Campbell County,WY,56005,2017-10-31,251943.32958241567,2017,10,Campbell,80178.0,213900.0,949.0,511.0,20034.0,12575.0,17588.0,48116.0,166.38,3.1423000022751335,0.11933933734159279,0.025506638714185886,0.7149761200818741,-0.014993373995839332,-0.007968127490039834,-0.007025246505799498,0
2172,Campbell County,WY,56005,2017-11-30,251610.46343684412,2017,11,Campbell,80178.0,213900.0,949.0,511.0,20034.0,12575.0,17588.0,48116.0,166.38,3.1381484127422,0.11949721640867668,0.025506638714185886,0.7149761200818741,-0.016204878096076847,-0.007968127490039834,-0.008236750606037013,0
2172,Campbell County,WY,56005,2017-12-31,251451.58746350184,2017,12,Campbell,80178.0,213900.0,949.0,511.0,20034.0,12575.0,17588.0,48116.0,166.38,3.136166872003565,0.11957271896071915,0.025506638714185886,0.7149761200818741,-0.018963450202343024,-0.007968127490039834,-0.01099532271230319,0
2172,Campbell County,WY,56005,2018-01-31,251690.1344279501,2018,1,Campbell,79916.0,220200.0,940.0,538.0,20158.0,12626.0,17488.0,47708.0,172.22,3.1494335856142714,0.11906902933686069,0.026689155670205376,0.7219807868252516,-0.01980765483016933,-0.003267729302302347,-0.016539925527866983,0
2172,Campbell County,WY,56005,2018-02-28,251773.27425560504,2018,2,Campbell,79916.0,220200.0,940.0,538.0,20158.0,12626.0,17488.0,47708.0,172.22,3.150473925817171,0.11902971071335952,0.026689155670205376,0.7219807868252516,-0.020887679444548612,-0.003267729302302347,-0.017619950142246266,0
2172,Campbell County,WY,56005,2018-03-31,252032.66874517748,2018,3,Campbell,79916.0,220200.0,940.0,538.0,20158.0,12626.0,17488.0,47708.0,172.22,3.1537197650680397,0.11890720417002856,0.026689155670205376,0.7219807868252516,-0.018816345247797295,-0.003267729302302347,-0.015548615945494948,0
2172,Campbell County,WY,56005,2018-04-30,251567.6834398322,2018,4,Campbell,79916.0,220200.0,940.0,538.0,20158.0,12626.0,17488.0,47708.0,172.22,3.147901339404277,0.11912698638482953,0.026689155670205376,0.7219807868252516,-0.020725712843411848,-0.003267729302302347,-0.0174579835411095,0
2172,Campbell County,WY,56005,2018-05-31,251237.1547117716,2018,5,Campbell,79916.0,220200.0,940.0,538.0,20158.0,12626.0,17488.0,47708.0,172.22,3.143765387554077,0.11928371038265001,0.026689155670205376,0.7219807868252516,-0.021972550487343034,-0.003267729302302347,-0.018704821185040688,0
2172,Campbell County,WY,56005,2018-06-30,250343.45806044096,2018,6,Campbell,79916.0,220200.0,940.0,538.0,20158.0,12626.0,17488.0,47708.0,172.22,3.132582437314692,0.11970953917543409,0.026689155670205376,0.7219807868252516,-0.023744408647872084,-0.003267729302302347,-0.020476679345569737,0
2172,Campbell County,WY,56005,2018-07-31,250025.2933326489,2018,7,Campbell,79916.0,220200.0,940.0,538.0,20158.0,12626.0,17488.0,47708.0,172.22,3.128601197915923,0.11986187317507944,0.026689155670205376,0.7219807868252516,-0.020361256097571,-0.003267729302302347,-0.017093526795268654,0
2172,Campbell County,WY,56005,2018-08-31,249675.1896078428,2018,8,Campbell,79916.0,220200.0,940.0,538.0,20158.0,12626.0,17488.0,47708.0,172.22,3.1242203014145202,0.12002994789778915,0.026689155670205376,0.7219807868252516,-0.015253416833232336,-0.003267729302302347,-0.01198568753092999,0
2172,Campbell County,WY,56005,2018-09-30,249813.63170237865,2018,9,Campbell,79916.0,220200.0,940.0,538.0,20158.0,12626.0,17488.0,47708.0,172.22,3.12595264655862,0.11996342952054624,0.026689155670205376,0.7219807868252516,-0.011085187941723529,-0.003267729302302347,-0.007817458639421182,0
2172,Campbell County,WY,56005,2018-10-31,249786.6248343058,2018,10,Campbell,79916.0,220200.0,940.0,538.0,20158.0,12626.0,17488.0,47708.0,172.22,3.125614705869986,0.11997639993686367,0.026689155670205376,0.7219807868252516,-0.008560277232520841,-0.003267729302302347,-0.005292547930218494,0
2172,Campbell County,WY,56005,2018-11-30,249948.7755615403,2018,11,Campbell,79916.0,220200.0,940.0,538.0,20158.0,12626.0,17488.0,47708.0,172.22,3.127643720425701,0.11989856694705593,0.026689155670205376,0.7219807868252516,-0.006604208158143332,-0.003267729302302347,-0.0033364788558409852,0
2172,Campbell County,WY,56005,2018-12-31,249605.7628060956,2018,12,Campbell,79916.0,220200.0,940.0,538.0,20158.0,12626.0,17488.0,47708.0,172.22,3.1233515542081136,0.12006333372711754,0.026689155670205376,0.7219807868252516,-0.0073406760960463835,-0.003267729302302347,-0.004072946793744037,0
2172,Campbell County,WY,56005,2019-01-31,248988.70407094088,2019,1,Campbell,82659.0,222700.0,936.0,519.0,20264.0,12900.0,17574.0,47409.0,176.33,3.0122394908109325,0.12449209338897729,0.025611922621397554,0.7340389211334927,-0.010733159498480638,0.034323539716702545,-0.04505669921518318,0
2172,Campbell County,WY,56005,2019-02-28,248260.0948590049,2019,2,Campbell,82659.0,222700.0,936.0,519.0,20264.0,12900.0,17574.0,47409.0,176.33,3.0034248522121594,0.12485746055001024,0.025611922621397554,0.7340389211334927,-0.013953742338170039,0.034323539716702545,-0.04827728205487258,0
2172,Campbell County,WY,56005,2019-03-31,247983.44324387156,2019,3,Campbell,82659.0,222700.0,936.0,519.0,20264.0,12900.0,17574.0,47409.0,176.33,3.000077949695394,0.12499675218041409,0.025611922621397554,0.7340389211334927,-0.01606627236646041,0.034323539716702545,-0.050389812083162955,0
2172,Campbell County,WY,56005,2019-04-30,248736.56396516983,2019,4,Campbell,82659.0,222700.0,936.0,519.0,20264.0,12900.0,17574.0,47409.0,176.33,3.009189125989545,0.12461828894742019,0.025611922621397554,0.7340389211334927,-0.011253907640086491,0.034323539716702545,-0.045577447356789036,0
2172,Campbell County,WY,56005,2019-05-31,249928.55135549064,2019,5,Campbell,82659.0,222700.0,936.0,519.0,20264.0,12900.0,17574.0,47409.0,176.33,3.0236096656805747,0.12402394537113388,0.025611922621397554,0.7340389211334927,-0.005208637861634169,0.034323539716702545,-0.039532177578336714,0
2172,Campbell County,WY,56005,2019-06-30,251747.76032893892,2019,6,Campbell,82659.0,222700.0,936.0,519.0,20264.0,12900.0,17574.0,47409.0,176.33,3.045618266963536,0.1231277090985775,0.025611922621397554,0.7340389211334927,0.005609502558516777,0.034323539716702545,-0.028714037158185768,0
2172,Campbell County,WY,56005,2019-07-31,253327.56905326917,2019,7,Campbell,82659.0,222700.0,936.0,519.0,20264.0,12900.0,17574.0,47409.0,176.33,3.064730628888193,0.12235985651242716,0.025611922621397554,0.7340389211334927,0.013207766608743565,0.034323539716702545,-0.02111577310795898,0
2172,Campbell County,WY,56005,2019-08-31,255275.0593960356,2019,8,Campbell,82659.0,222700.0,936.0,519.0,20264.0,12900.0,17574.0,47409.0,176.33,3.088291164858462,0.12142637464598856,0.025611922621397554,0.7340389211334927,0.022428619347354184,0.034323539716702545,-0.01189492036934836,0
2172,Campbell County,WY,56005,2019-09-30,256722.31438147876,2019,9,Campbell,82659.0,222700.0,936.0,519.0,20264.0,12900.0,17574.0,47409.0,176.33,3.1057999054123417,0.12074184152897417,0.025611922621397554,0.7340389211334927,0.027655347036189548,0.034323539716702545,-0.0066681926805129965,0
2172,Campbell County,WY,56005,2019-10-31,258008.3853758454,2019,10,Campbell,82659.0,222700.0,936.0,519.0,20264.0,12900.0,17574.0,47409.0,176.33,3.121358658776968,0.12013999062412618,0.025611922621397554,0.7340389211334927,0.03291513525591472,0.034323539716702545,-0.0014084044607878266,0
2172,Campbell County,WY,56005,2019-11-30,258742.1479318205,2019,11,Campbell,82659.0,222700.0,936.0,519.0,20264.0,12900.0,17574.0,47409.0,176.33,3.130235641996885,0.11979928762192951,0.025611922621397554,0.7340389211334927,0.03518069792710454,0.034323539716702545,0.0008571582104019981,0
2172,Campbell County,WY,56005,2019-12-31,259390.8961468056,2019,12,Campbell,82659.0,222700.0,936.0,519.0,20264.0,12900.0,17574.0,47409.0,176.33,3.138084130546046,0.11949966425366286,0.025611922621397554,0.7340389211334927,0.03920235346613987,0.034323539716702545,0.004878813749437327,0
2172,Campbell County,WY,56005,2020-01-31,259423.91741413643,2020,1,Campbell,80887.0,224400.0,884.0,557.0,20339.0,13056.0,17506.0,46958.0,181.52,3.207238708496253,0.11692300888193712,0.027385810511824572,0.7458014395064549,0.04191038859426488,-0.021437472023615123,0.06334786061788,0
2172,Campbell County,WY,56005,2020-02-29,259386.28501790797,2020,2,Campbell,80887.0,224400.0,884.0,557.0,20339.0,13056.0,17506.0,46958.0,181.52,3.2067734619643202,0.11693997235785168,0.027385810511824572,0.7458014395064549,0.04481666763731007,-0.021437472023615123,0.0662541396609252,0
2172,Campbell County,WY,56005,2020-03-31,259776.16936628692,2020,3,Campbell,80887.0,224400.0,884.0,557.0,20339.0,13056.0,17506.0,46958.0,181.52,3.211593573334243,0.11676446332238698,0.027385810511824572,0.7458014395064549,0.047554489800426536,-0.021437472023615123,0.06899196182404166,0
2172,Campbell County,WY,56005,2020-04-30,260829.5360834212,2020,4,Campbell,80887.0,224400.0,884.0,557.0,20339.0,13056.0,17506.0,46958.0,181.52,3.2246162681694366,0.11629290706670084,0.027385810511824572,0.7458014395064549,0.04861758933015059,-0.021437472023615123,0.07005506135376571,0
2172,Campbell County,WY,56005,2020-05-31,261953.51539852843,2020,5,Campbell,80887.0,224400.0,884.0,557.0,20339.0,13056.0,17506.0,46958.0,181.52,3.238511941332086,0.11579392226843312,0.027385810511824572,0.7458014395064549,0.04811360678009868,-0.021437472023615123,0.0695510788037138,0
2172,Campbell County,WY,56005,2020-06-30,262916.7295364668,2020,6,Campbell,80887.0,224400.0,884.0,557.0,20339.0,13056.0,17506.0,46958.0,181.52,3.250420086496802,0.11536970299865543,0.027385810511824572,0.7458014395064549,0.044365714288517655,-0.021437472023615123,0.06580318631213278,0
2172,Campbell County,WY,56005,2020-07-31,264222.8083440931,2020,7,Campbell,80887.0,224400.0,884.0,557.0,20339.0,13056.0,17506.0,46958.0,181.52,3.2665670422205433,0.11479941943731939,0.027385810511824572,0.7458014395064549,0.0430085021205604,-0.021437472023615123,0.06444597414417552,0
2172,Campbell County,WY,56005,2020-08-31,265836.59267223155,2020,8,Campbell,80887.0,224400.0,884.0,557.0,20339.0,13056.0,17506.0,46958.0,181.52,3.286518138541812,0.11410251950302118,0.027385810511824572,0.7458014395064549,0.041373149814101895,-0.021437472023615123,0.06281062183771702,0
2172,Campbell County,WY,56005,2020-09-30,267835.7574027845,2020,9,Campbell,80887.0,224400.0,884.0,557.0,20339.0,13056.0,17506.0,46958.0,181.52,3.3112336642820783,0.11325084183731418,0.027385810511824572,0.7458014395064549,0.04328974303648425,-0.021437472023615123,0.06472721506009937,0
2172,Campbell County,WY,56005,2020-10-31,269417.2452858146,2020,10,Campbell,80887.0,224400.0,884.0,557.0,20339.0,13056.0,17506.0,46958.0,181.52,3.3307854820405582,0.11258605575831367,0.027385810511824572,0.7458014395064549,0.044218950067648866,-0.021437472023615123,0.06565642209126399,0
2172,Campbell County,WY,56005,2020-11-30,271045.54582631524,2020,11,Campbell,80887.0,224400.0,884.0,557.0,20339.0,13056.0,17506.0,46958.0,181.52,3.350916041221893,0.11190969734450831,0.027385810511824572,0.7458014395064549,0.04755080682771751,-0.021437472023615123,0.06898827885133263,0
2172,Campbell County,WY,56005,2020-12-31,272182.9313601253,2020,12,Campbell,80887.0,224400.0,884.0,557.0,20339.0,13056.0,17506.0,46958.0,181.52,3.364977454475074,0.11144205424059782,0.027385810511824572,0.7458014395064549,0.049315667601841584,-0.021437472023615123,0.0707531396254567,0
2172,Campbell County,WY,56005,2021-01-31,273495.0155539007,2021,1,Campbell,87547.0,230400.0,867.0,469.0,19851.0,13396.0,17190.0,46758.0,191.81,3.12397929745052,0.12003920778413528,0.02362601380283109,0.7792902850494473,0.05423978744913316,0.0823370875418794,-0.028097300092746247,0
2172,Campbell County,WY,56005,2021-02-28,275025.2279917843,2021,2,Campbell,87547.0,230400.0,867.0,469.0,19851.0,13396.0,17190.0,46758.0,191.81,3.141458051010135,0.11937132182281371,0.02362601380283109,0.7792902850494473,0.060292096680426344,0.0823370875418794,-0.022044990861453062,0
2172,Campbell County,WY,56005,2021-03-31,277815.61718115007,2021,3,Campbell,87547.0,230400.0,867.0,469.0,19851.0,13396.0,17190.0,46758.0,191.81,3.173331092797584,0.11817235234329201,0.02362601380283109,0.7792902850494473,0.06944227354983945,0.0823370875418794,-0.012894813992039955,0
2172,Campbell County,WY,56005,2021-04-30,280874.11295151844,2021,4,Campbell,87547.0,230400.0,867.0,469.0,19851.0,13396.0,17190.0,46758.0,191.81,3.208266564833957,0.11688554938370838,0.02362601380283109,0.7792902850494473,0.07684933680856743,0.0823370875418794,-0.00548775073331198,0
2172,Campbell County,WY,56005,2021-05-31,283860.350590527,2021,5,Campbell,87547.0,230400.0,867.0,469.0,19851.0,13396.0,17190.0,46758.0,191.81,3.242376672993101,0.11565590238898128,0.02362601380283109,0.7792902850494473,0.08362871236398628,0.0823370875418794,0.0012916248221068738,0
2172,Campbell County,WY,56005,2021-06-30,285406.0244309747,2021,6,Campbell,87547.0,230400.0,867.0,469.0,19851.0,13396.0,17190.0,46758.0,191.81,3.260032033433181,0.11502954454256781,0.02362601380283109,0.7792902850494473,0.08553770973097619,0.0823370875418794,0.00320062218909678,0
2172,Campbell County,WY,56005,2021-07-31,285868.7336065424,2021,7,Campbell,87547.0,230400.0,867.0,469.0,19851.0,13396.0,17190.0,46758.0,191.81,3.2653172993539745,0.11484335689955512,0.02362601380283109,0.7792902850494473,0.08192300050894996,0.0823370875418794,-0.0004140870329294444,0
2172,Campbell County,WY,56005,2021-08-31,285689.3464803316,2021,8,Campbell,87547.0,230400.0,867.0,469.0,19851.0,13396.0,17190.0,46758.0,191.81,3.263268261394812,0.11491546816310912,0.02362601380283109,0.7792902850494473,0.07468028990492637,0.0823370875418794,-0.007656797636953039,0
2172,Campbell County,WY,56005,2021-09-30,285525.8938891233,2021,9,Campbell,87547.0,230400.0,867.0,469.0,19851.0,13396.0,17190.0,46758.0,191.81,3.2614012346410877,0.11498125284829243,0.02362601380283109,0.7792902850494473,0.06604844945977661,0.0823370875418794,-0.01628863808210279,0
2172,Campbell County,WY,56005,2021-10-31,286126.1579403797,2021,10,Campbell,87547.0,230400.0,867.0,469.0,19851.0,13396.0,17190.0,46758.0,191.81,3.2682577123188654,0.11474003368416541,0.02362601380283109,0.7792902850494473,0.06201871983673213,0.0823370875418794,-0.020318367705147278,0
2172,Campbell County,WY,56005,2021-11-30,286510.5963135527,2021,11,Campbell,87547.0,230400.0,867.0,469.0,19851.0,13396.0,17190.0,46758.0,191.81,3.2726489350126524,0.11458607612568446,0.02362601380283109,0.7792902850494473,0.05705701763181681,0.0823370875418794,-0.025280069910062597,0
2172,Campbell County,WY,56005,2021-12-31,286673.21788670326,2021,12,Campbell,87547.0,230400.0,867.0,469.0,19851.0,13396.0,17190.0,46758.0,191.81,3.27450646951584,0.11452107469967725,0.02362601380283109,0.7792902850494473,0.053237307917026744,0.0823370875418794,-0.029099779624852662,0
2172,Campbell County,WY,56005,2022-01-31,287422.37560870795,2022,1,Campbell,93315.0,247800.0,924.0,461.0,19900.0,13703.0,17509.0,46857.0,216.44,3.0801304785801635,0.12174808911759556,0.023165829145728643,0.7826260780170198,0.050923633933878554,0.06588461055204631,-0.014960976618167754,0
2172,Campbell County,WY,56005,2022-02-28,289026.91115693614,2022,2,Campbell,93315.0,247800.0,924.0,461.0,19900.0,13703.0,17509.0,46857.0,216.44,3.0973253084384735,0.1210722034841918,0.023165829145728643,0.7826260780170198,0.05091054107069093,0.06588461055204631,-0.014974069481355379,0
2172,Campbell County,WY,56005,2022-03-31,291248.4923951008,2022,3,Campbell,93315.0,247800.0,924.0,461.0,19900.0,13703.0,17509.0,46857.0,216.44,3.1211326410019913,0.12014869059829897,0.023165829145728643,0.7826260780170198,0.048351764203348635,0.06588461055204631,-0.017532846348697673,0
2172,Campbell County,WY,56005,2022-04-30,293108.4221977389,2022,4,Campbell,93315.0,247800.0,924.0,461.0,19900.0,13703.0,17509.0,46857.0,216.44,3.1410643754781,0.11938628285608487,0.023165829145728643,0.7826260780170198,0.043557980896346216,0.06588461055204631,-0.022326629655700092,0
2172,Campbell County,WY,56005,2022-05-31,294822.2323066956,2022,5,Campbell,93315.0,247800.0,924.0,461.0,19900.0,13703.0,17509.0,46857.0,216.44,3.15943023422489,0.11869228696293703,0.023165829145728643,0.7826260780170198,0.03861716401520732,0.06588461055204631,-0.02726744653683899,0
2172,Campbell County,WY,56005,2022-06-30,297720.0988109404,2022,6,Campbell,93315.0,247800.0,924.0,461.0,19900.0,13703.0,17509.0,46857.0,216.44,3.190484903937635,0.11753699242932704,0.023165829145728643,0.7826260780170198,0.04314581097058756,0.06588461055204631,-0.022738799581458746,0
2172,Campbell County,WY,56005,2022-07-31,300332.7023181456,2022,7,Campbell,93315.0,247800.0,924.0,461.0,19900.0,13703.0,17509.0,46857.0,216.44,3.218482583916258,0.11651453448093513,0.023165829145728643,0.7826260780170198,0.05059653963945143,0.06588461055204631,-0.015288070912594875,0
2172,Campbell County,WY,56005,2022-08-31,302743.2237313189,2022,8,Campbell,93315.0,247800.0,924.0,461.0,19900.0,13703.0,17509.0,46857.0,216.44,3.244314673217799,0.1155868150200316,0.023165829145728643,0.7826260780170198,0.059693780888540715,0.06588461055204631,-0.006190829663505593,0
2172,Campbell County,WY,56005,2022-09-30,303441.78895797854,2022,9,Campbell,93315.0,247800.0,924.0,461.0,19900.0,13703.0,17509.0,46857.0,216.44,3.2518007711298136,0.11532071808621568,0.023165829145728643,0.7826260780170198,0.06274700632164887,0.06588461055204631,-0.0031376042303974394,0
2172,Campbell County,WY,56005,2022-10-31,304948.9566817705,2022,10,Campbell,93315.0,247800.0,924.0,461.0,19900.0,13703.0,17509.0,46857.0,216.44,3.267952169337947,0.1147507615070055,0.023165829145728643,0.7826260780170198,0.065784963097687,0.06588461055204631,-9.964745435930844e-05,0
2172,Campbell County,WY,56005,2022-11-30,306286.99637863785,2022,11,Campbell,93315.0,247800.0,924.0,461.0,19900.0,13703.0,17509.0,46857.0,216.44,3.28229112552792,0.11424946345662298,0.023165829145728643,0.7826260780170198,0.06902502148102818,0.06588461055204631,0.003140410928981874,0
2172,Campbell County,WY,56005,2022-12-31,307504.11970745336,2022,12,Campbell,93315.0,247800.0,924.0,461.0,19900.0,13703.0,17509.0,46857.0,216.44,3.295334294673454,0.11379725589787547,0.023165829145728643,0.7826260780170198,0.07266427598054426,0.06588461055204631,0.00677966542849795,0
2172,Campbell County,WY,56005,2023-01-31,307589.8670457197,2023,1,Campbell,95253.0,266400.0,952.0,465.0,19952.0,14019.0,17879.0,47018.0,230.39,3.2291882360211197,0.11612825657449452,0.023305934242181234,0.7841042563901784,0.0701667411742064,0.020768365214595796,0.04939837595961061,0
2172,Campbell County,WY,56005,2023-02-28,307798.1592481455,2023,2,Campbell,95253.0,266400.0,952.0,465.0,19952.0,14019.0,17879.0,47018.0,230.39,3.2313749619239864,0.1160496706258818,0.023305934242181234,0.7841042563901784,0.06494636785228947,0.020768365214595796,0.04417800263769367,0
2172,Campbell County,WY,56005,2023-03-31,308659.14663642994,2023,3,Campbell,95253.0,266400.0,952.0,465.0,19952.0,14019.0,17879.0,47018.0,230.39,3.2404139149048317,0.1157259565745981,0.023305934242181234,0.7841042563901784,0.059779379794042686,0.020768365214595796,0.03901101457944689,0
2172,Campbell County,WY,56005,2023-04-30,310008.7570177415,2023,4,Campbell,95253.0,266400.0,952.0,465.0,19952.0,14019.0,17879.0,47018.0,230.39,3.254582606508367,0.11522214837936266,0.023305934242181234,0.7841042563901784,0.05765898739204833,0.020768365214595796,0.03689062217745254,0
2172,Campbell County,WY,56005,2023-05-31,311757.9782179045,2023,5,Campbell,95253.0,266400.0,952.0,465.0,19952.0,14019.0,17879.0,47018.0,230.39,3.272946555152116,0.11457565642484839,0.023305934242181234,0.7841042563901784,0.057443924017206216,0.020768365214595796,0.03667555880261042,0
2172,Campbell County,WY,56005,2023-06-30,313977.9890507629,2023,6,Campbell,95253.0,266400.0,952.0,465.0,19952.0,14019.0,17879.0,47018.0,230.39,3.296253021435156,0.11376553849519982,0.023305934242181234,0.7841042563901784,0.05460797005225593,0.020768365214595796,0.03383960483766013,0
2172,Campbell County,WY,56005,2023-07-31,315838.2760504016,2023,7,Campbell,95253.0,266400.0,952.0,465.0,19952.0,14019.0,17879.0,47018.0,230.39,3.315782978493083,0.11309545963422053,0.023305934242181234,0.7841042563901784,0.05162798993441209,0.020768365214595796,0.030859624719816292,0
2172,Campbell County,WY,56005,2023-08-31,317701.8138820184,2023,8,Campbell,95253.0,266400.0,952.0,465.0,19952.0,14019.0,17879.0,47018.0,230.39,3.3353470639456857,0.11243207762504281,0.023305934242181234,0.7841042563901784,0.04941015678677929,0.020768365214595796,0.028641791572183495,0
2172,Campbell County,WY,56005,2023-09-30,318897.9336759223,2023,9,Campbell,95253.0,266400.0,952.0,465.0,19952.0,14019.0,17879.0,47018.0,230.39,3.3479043565653814,0.11201036829639686,0.023305934242181234,0.7841042563901784,0.050936111242358084,0.020768365214595796,0.030167746027762288,0
2172,Campbell County,WY,56005,2023-10-31,319673.4731316743,2023,10,Campbell,95253.0,266400.0,952.0,465.0,19952.0,14019.0,17879.0,47018.0,230.39,3.35604624664498,0.11173862707490556,0.023305934242181234,0.7841042563901784,0.048285183888231886,0.020768365214595796,0.02751681867363609,0
2172,Campbell County,WY,56005,2023-11-30,319421.9108077897,2023,11,Campbell,95253.0,266400.0,952.0,465.0,19952.0,14019.0,17879.0,47018.0,230.39,3.353405255559297,0.11182662738967279,0.023305934242181234,0.7841042563901784,0.04288433588252705,0.020768365214595796,0.02211597066793125,0
2172,Campbell County,WY,56005,2023-12-31,318603.6045661399,2023,12,Campbell,95253.0,266400.0,952.0,465.0,19952.0,14019.0,17879.0,47018.0,230.39,3.344814384493296,0.11211384456444463,0.023305934242181234,0.7841042563901784,0.03609540213394924,0.020768365214595796,0.015327036919353443,0
917,Carbon County,WY,56007,2014-01-31,144592.86379532344,2014,1,Carbon,56933.0,140900.0,811.0,1207.0,8560.0,4293.0,6161.0,15795.0,192.54,2.5397021726472073,0.14765510855516034,0.14100467289719626,0.6968024671319591,,,,0
917,Carbon County,WY,56007,2014-02-28,144493.8401430352,2014,2,Carbon,56933.0,140900.0,811.0,1207.0,8560.0,4293.0,6161.0,15795.0,192.54,2.5379628711474047,0.14775629866896503,0.14100467289719626,0.6968024671319591,,,,0
917,Carbon County,WY,56007,2014-03-31,144578.6516347183,2014,3,Carbon,56933.0,140900.0,811.0,1207.0,8560.0,4293.0,6161.0,15795.0,192.54,2.539452543072002,0.14766962313316498,0.14100467289719626,0.6968024671319591,,,,0
917,Carbon County,WY,56007,2014-04-30,144854.94428997568,2014,4,Carbon,56933.0,140900.0,811.0,1207.0,8560.0,4293.0,6161.0,15795.0,192.54,2.544305486975492,0.14738796183070613,0.14100467289719626,0.6968024671319591,,,,0
917,Carbon County,WY,56007,2014-05-31,145213.7289619361,2014,5,Carbon,56933.0,140900.0,811.0,1207.0,8560.0,4293.0,6161.0,15795.0,192.54,2.550607362372194,0.14702380520505945,0.14100467289719626,0.6968024671319591,,,,0
917,Carbon County,WY,56007,2014-06-30,145258.16421253709,2014,6,Carbon,56933.0,140900.0,811.0,1207.0,8560.0,4293.0,6161.0,15795.0,192.54,2.5513878455823,0.1469788298354201,0.14100467289719626,0.6968024671319591,,,,0
917,Carbon County,WY,56007,2014-07-31,145224.77106960546,2014,7,Carbon,56933.0,140900.0,811.0,1207.0,8560.0,4293.0,6161.0,15795.0,192.54,2.550801311534707,0.14701262630854564,0.14100467289719626,0.6968024671319591,,,,0
917,Carbon County,WY,56007,2014-08-31,145291.41849887333,2014,8,Carbon,56933.0,140900.0,811.0,1207.0,8560.0,4293.0,6161.0,15795.0,192.54,2.5519719406824395,0.14694518933453427,0.14100467289719626,0.6968024671319591,,,,0
917,Carbon County,WY,56007,2014-09-30,145552.12410798136,2014,9,Carbon,56933.0,140900.0,811.0,1207.0,8560.0,4293.0,6161.0,15795.0,192.54,2.556551105825819,0.14668198853739212,0.14100467289719626,0.6968024671319591,,,,0
917,Carbon County,WY,56007,2014-10-31,145514.42445594713,2014,10,Carbon,56933.0,140900.0,811.0,1207.0,8560.0,4293.0,6161.0,15795.0,192.54,2.5558889300747745,0.1467199906801228,0.14100467289719626,0.6968024671319591,,,,0
917,Carbon County,WY,56007,2014-11-30,145573.01546630322,2014,11,Carbon,56933.0,140900.0,811.0,1207.0,8560.0,4293.0,6161.0,15795.0,192.54,2.5569180522070365,0.14666093802901264,0.14100467289719626,0.6968024671319591,,,,0
917,Carbon County,WY,56007,2014-12-31,145977.77242469715,2014,12,Carbon,56933.0,140900.0,811.0,1207.0,8560.0,4293.0,6161.0,15795.0,192.54,2.5640274080884047,0.14625428683680838,0.14100467289719626,0.6968024671319591,,,,0
917,Carbon County,WY,56007,2015-01-31,147208.44070867685,2015,1,Carbon,56825.0,146200.0,794.0,1188.0,8559.0,4217.0,6108.0,15739.0,203.99,2.5905576895499665,0.1447564752225785,0.138801261829653,0.6904060248853962,0.018089253125630478,-0.0018969666098748172,0.019986219735505295,0
917,Carbon County,WY,56007,2015-02-28,148976.61897122877,2015,2,Carbon,56825.0,146200.0,794.0,1188.0,8559.0,4217.0,6108.0,15739.0,203.99,2.6216738930264634,0.1430383851315312,0.138801261829653,0.6904060248853962,0.031024013368016634,-0.0018969666098748172,0.03292097997789145,0
917,Carbon County,WY,56007,2015-03-31,150976.2948056494,2015,3,Carbon,56825.0,146200.0,794.0,1188.0,8559.0,4217.0,6108.0,15739.0,203.99,2.656863964903641,0.1411438466378539,0.138801261829653,0.6904060248853962,0.04425026169904345,-0.0018969666098748172,0.046147228308918264,0
917,Carbon County,WY,56007,2015-04-30,152716.04119645583,2015,4,Carbon,56825.0,146200.0,794.0,1188.0,8559.0,4217.0,6108.0,15739.0,203.99,2.687479827478325,0.13953593108524434,0.138801261829653,0.6904060248853962,0.054268751025464024,-0.0018969666098748172,0.05616571763533884,0
917,Carbon County,WY,56007,2015-05-31,153744.44916742833,2015,5,Carbon,56825.0,146200.0,794.0,1188.0,8559.0,4217.0,6108.0,15739.0,203.99,2.705577636030415,0.13860256494069587,0.138801261829653,0.6904060248853962,0.05874596201388327,-0.0018969666098748172,0.060642928623758086,0
917,Carbon County,WY,56007,2015-06-30,154119.9388681544,2015,6,Carbon,56825.0,146200.0,794.0,1188.0,8559.0,4217.0,6108.0,15739.0,203.99,2.7121854618240984,0.13826488095242248,0.138801261829653,0.6904060248853962,0.06100706768296371,-0.0018969666098748172,0.06290403429283853,0
917,Carbon County,WY,56007,2015-07-31,154653.16372989272,2015,7,Carbon,56825.0,146200.0,794.0,1188.0,8559.0,4217.0,6108.0,15739.0,203.99,2.7215690933549093,0.1377881608501562,0.138801261829653,0.6904060248853962,0.06492275794856162,-0.0018969666098748172,0.06681972455843643,0
917,Carbon County,WY,56007,2015-08-31,155570.61807158907,2015,8,Carbon,56825.0,146200.0,794.0,1188.0,8559.0,4217.0,6108.0,15739.0,203.99,2.737714352337687,0.13697557587766376,0.138801261829653,0.6904060248853962,0.07074884173421059,-0.0018969666098748172,0.0726458083440854,0
917,Carbon County,WY,56007,2015-09-30,157151.7939385639,2015,9,Carbon,56825.0,146200.0,794.0,1188.0,8559.0,4217.0,6108.0,15739.0,203.99,2.7655397085536984,0.1355974021418462,0.138801261829653,0.6904060248853962,0.07969426692788795,-0.0018969666098748172,0.08159123353776276,0
917,Carbon County,WY,56007,2015-10-31,158761.61439837728,2015,10,Carbon,56825.0,146200.0,794.0,1188.0,8559.0,4217.0,6108.0,15739.0,203.99,2.7938691491135463,0.13422246353913245,0.138801261829653,0.6904060248853962,0.09103695384123656,-0.0018969666098748172,0.09293392045111137,0
917,Carbon County,WY,56007,2015-11-30,159688.75522653505,2015,11,Carbon,56825.0,146200.0,794.0,1188.0,8559.0,4217.0,6108.0,15739.0,203.99,2.8101848698026406,0.13344317807331169,0.138801261829653,0.6904060248853962,0.0969667332576436,-0.0018969666098748172,0.09886369986751842,0
917,Carbon County,WY,56007,2015-12-31,159976.65865962228,2015,12,Carbon,56825.0,146200.0,794.0,1188.0,8559.0,4217.0,6108.0,15739.0,203.99,2.8152513622458826,0.13320302585728674,0.138801261829653,0.6904060248853962,0.09589738220006394,-0.0018969666098748172,0.09779434880993876,0
917,Carbon County,WY,56007,2016-01-31,159783.2434352399,2016,1,Carbon,56972.0,153700.0,829.0,1196.0,8571.0,4273.0,6095.0,15696.0,207.09,2.8045924916667824,0.13370926475565642,0.13954031034885078,0.7010664479081214,0.08542175072316938,0.002586889573251261,0.08283486114991812,0
917,Carbon County,WY,56007,2016-02-29,159778.52438071938,2016,2,Carbon,56972.0,153700.0,829.0,1196.0,8571.0,4273.0,6095.0,15696.0,207.09,2.8045096605476263,0.13371321385527873,0.13954031034885078,0.7010664479081214,0.07250738729395345,0.002586889573251261,0.06992049772070219,0
917,Carbon County,WY,56007,2016-03-31,159548.64992066353,2016,3,Carbon,56972.0,153700.0,829.0,1196.0,8571.0,4273.0,6095.0,15696.0,207.09,2.8004747932434095,0.133905865142849,0.13954031034885078,0.7010664479081214,0.05677947737457223,0.002586889573251261,0.05419258780132097,0
917,Carbon County,WY,56007,2016-04-30,158937.28513122207,2016,4,Carbon,56972.0,153700.0,829.0,1196.0,8571.0,4273.0,6095.0,15696.0,207.09,2.789743823829637,0.1344209446031559,0.13954031034885078,0.7010664479081214,0.040737331101735164,0.002586889573251261,0.0381504415284839,0
917,Carbon County,WY,56007,2016-05-31,158229.7705126721,2016,5,Carbon,56972.0,153700.0,829.0,1196.0,8571.0,4273.0,6095.0,15696.0,207.09,2.7773251862787354,0.13502199953130176,0.13954031034885078,0.7010664479081214,0.029173875021395013,0.002586889573251261,0.026586985448143752,0
917,Carbon County,WY,56007,2016-06-30,157876.4508654192,2016,6,Carbon,56972.0,153700.0,829.0,1196.0,8571.0,4273.0,6095.0,15696.0,207.09,2.7711235495580144,0.13532417205281635,0.13954031034885078,0.7010664479081214,0.02437395203276327,0.002586889573251261,0.021787062459512008,0
917,Carbon County,WY,56007,2016-07-31,157585.07938235355,2016,7,Carbon,56972.0,153700.0,829.0,1196.0,8571.0,4273.0,6095.0,15696.0,207.09,2.7660092568692263,0.13557438358845286,0.13954031034885078,0.7010664479081214,0.01895800630099953,0.002586889573251261,0.01637111672774827,0
917,Carbon County,WY,56007,2016-08-31,157366.67042535407,2016,8,Carbon,56972.0,153700.0,829.0,1196.0,8571.0,4273.0,6095.0,15696.0,207.09,2.7621756376001203,0.13576254706446317,0.13954031034885078,0.7010664479081214,0.011544932944461905,0.002586889573251261,0.008958043371210644,0
917,Carbon County,WY,56007,2016-09-30,156950.76953962594,2016,9,Carbon,56972.0,153700.0,829.0,1196.0,8571.0,4273.0,6095.0,15696.0,207.09,2.754875544822473,0.136122301678846,0.13954031034885078,0.7010664479081214,-0.0012791734278041478,0.002586889573251261,-0.0038660630010554087,0
917,Carbon County,WY,56007,2016-10-31,156706.94427600852,2016,10,Carbon,56972.0,153700.0,829.0,1196.0,8571.0,4273.0,6095.0,15696.0,207.09,2.750595806290959,0.13633409864958265,0.13954031034885078,0.7010664479081214,-0.012941857073921037,0.002586889573251261,-0.015528746647172298,0
917,Carbon County,WY,56007,2016-11-30,156645.1358140594,2016,11,Carbon,56972.0,153700.0,829.0,1196.0,8571.0,4273.0,6095.0,15696.0,207.09,2.749510914380036,0.13638789285713948,0.13954031034885078,0.7010664479081214,-0.019059697773697093,0.002586889573251261,-0.021646587346948354,0
917,Carbon County,WY,56007,2016-12-31,156871.46703074485,2016,12,Carbon,56972.0,153700.0,829.0,1196.0,8571.0,4273.0,6095.0,15696.0,207.09,2.7534835889690523,0.13619111495790895,0.13954031034885078,0.7010664479081214,-0.01941027931758621,0.002586889573251261,-0.02199716889083747,0
917,Carbon County,WY,56007,2017-01-31,157228.14306738813,2017,1,Carbon,57644.0,158600.0,851.0,1067.0,8734.0,4390.0,6205.0,15689.0,209.58,2.7275716998714197,0.13748492845034205,0.12216624685138538,0.7074939564867043,-0.015991040818290614,0.011795267850874147,-0.02778630866916476,0
917,Carbon County,WY,56007,2017-02-28,157172.7853135075,2017,2,Carbon,57644.0,158600.0,851.0,1067.0,8734.0,4390.0,6205.0,15689.0,209.58,2.726611361347365,0.13753335195328034,0.12216624685138538,0.7074939564867043,-0.016308443686730567,0.011795267850874147,-0.028103711537604714,0
917,Carbon County,WY,56007,2017-03-31,156861.01322092258,2017,3,Carbon,57644.0,158600.0,851.0,1067.0,8734.0,4390.0,6205.0,15689.0,209.58,2.7212027829595895,0.13780670898482203,0.12216624685138538,0.7074939564867043,-0.016845248775701926,0.011795267850874147,-0.028640516626576074,0
917,Carbon County,WY,56007,2017-04-30,156353.06618460212,2017,4,Carbon,57644.0,158600.0,851.0,1067.0,8734.0,4390.0,6205.0,15689.0,209.58,2.712390989254773,0.13825440413479287,0.12216624685138538,0.7074939564867043,-0.016259362581198977,0.011795267850874147,-0.028054630432073124,0
917,Carbon County,WY,56007,2017-05-31,155995.5961994246,2017,5,Carbon,57644.0,158600.0,851.0,1067.0,8734.0,4390.0,6205.0,15689.0,209.58,2.706189650257175,0.13857121948728277,0.12216624685138538,0.7074939564867043,-0.014119810109113451,0.011795267850874147,-0.025915077959987598,0
917,Carbon County,WY,56007,2017-06-30,155694.336041262,2017,6,Carbon,57644.0,158600.0,851.0,1067.0,8734.0,4390.0,6205.0,15689.0,209.58,2.700963431428457,0.1388393473367664,0.12216624685138538,0.7074939564867043,-0.013821661255973727,0.011795267850874147,-0.025616929106847874,0
917,Carbon County,WY,56007,2017-07-31,155366.31890293595,2017,7,Carbon,57644.0,158600.0,851.0,1067.0,8734.0,4390.0,6205.0,15689.0,209.58,2.6952730362732624,0.1391324719066348,0.12216624685138538,0.7074939564867043,-0.01407976242493203,0.011795267850874147,-0.025875030275806177,0
917,Carbon County,WY,56007,2017-08-31,154978.6091189823,2017,8,Carbon,57644.0,158600.0,851.0,1067.0,8734.0,4390.0,6205.0,15689.0,209.58,2.6885471015020177,0.13948053942982727,0.12216624685138538,0.7074939564867043,-0.015175140326200931,0.011795267850874147,-0.026970408177075078,0
917,Carbon County,WY,56007,2017-09-30,154533.86750437712,2017,9,Carbon,57644.0,158600.0,851.0,1067.0,8734.0,4390.0,6205.0,15689.0,209.58,2.680831786558482,0.13988195823409208,0.12216624685138538,0.7074939564867043,-0.015399109175050052,0.011795267850874147,-0.0271943770259242,0
917,Carbon County,WY,56007,2017-10-31,154570.71436948096,2017,10,Carbon,57644.0,158600.0,851.0,1067.0,8734.0,4390.0,6205.0,15689.0,209.58,2.6814710007889975,0.13984861290301473,0.12216624685138538,0.7074939564867043,-0.013632005374088596,0.011795267850874147,-0.025427273224962743,0
917,Carbon County,WY,56007,2017-11-30,154877.76896220993,2017,11,Carbon,57644.0,158600.0,851.0,1067.0,8734.0,4390.0,6205.0,15689.0,209.58,2.686797740653146,0.1395713545258675,0.12216624685138538,0.7074939564867043,-0.01128261559265642,0.011795267850874147,-0.023077883443530567,0
917,Carbon County,WY,56007,2017-12-31,155314.1058040683,2017,12,Carbon,57644.0,158600.0,851.0,1067.0,8734.0,4390.0,6205.0,15689.0,209.58,2.6943672507818386,0.13917924510520394,0.12216624685138538,0.7074939564867043,-0.009927625821025354,0.011795267850874147,-0.0217228936718995,0
917,Carbon County,WY,56007,2018-01-31,155776.22324382627,2018,1,Carbon,60206.0,165700.0,811.0,1174.0,8755.0,4331.0,6341.0,15477.0,211.85,2.587387025276987,0.14493386429494645,0.13409480296973159,0.6830152972717237,-0.009234477970903487,0.044445215460412246,-0.053679693431315734,0
917,Carbon County,WY,56007,2018-02-28,156155.9890413742,2018,2,Carbon,60206.0,165700.0,811.0,1174.0,8755.0,4331.0,6341.0,15477.0,211.85,2.593694798547889,0.14458139030465272,0.13409480296973159,0.6830152972717237,-0.006469289642638376,0.044445215460412246,-0.05091450510305062,0
917,Carbon County,WY,56007,2018-03-31,156688.55928387167,2018,3,Carbon,60206.0,165700.0,811.0,1174.0,8755.0,4331.0,6341.0,15477.0,211.85,2.6025405986757413,0.14408997123457457,0.13409480296973159,0.6830152972717237,-0.0010994059869295914,0.044445215460412246,-0.04554462144734184,0
917,Carbon County,WY,56007,2018-04-30,156748.93534446074,2018,4,Carbon,60206.0,165700.0,811.0,1174.0,8755.0,4331.0,6341.0,15477.0,211.85,2.603543423320944,0.14403447111385972,0.13409480296973159,0.6830152972717237,0.0025318925270785275,0.044445215460412246,-0.04191332293333372,0
917,Carbon County,WY,56007,2018-05-31,156632.85181370354,2018,5,Carbon,60206.0,165700.0,811.0,1174.0,8755.0,4331.0,6341.0,15477.0,211.85,2.601615317637836,0.1441412177494731,0.13409480296973159,0.6830152972717237,0.0040850872063356025,0.044445215460412246,-0.040360128254076644,0
917,Carbon County,WY,56007,2018-06-30,156325.3670402716,2018,6,Carbon,60206.0,165700.0,811.0,1174.0,8755.0,4331.0,6341.0,15477.0,211.85,2.5965081061733315,0.1444247368642594,0.13409480296973159,0.6830152972717237,0.004053011914591176,0.044445215460412246,-0.04039220354582107,0
917,Carbon County,WY,56007,2018-07-31,156534.14642472382,2018,7,Carbon,60206.0,165700.0,811.0,1174.0,8755.0,4331.0,6341.0,15477.0,211.85,2.5999758566376077,0.14423210855694826,0.13409480296973159,0.6830152972717237,0.007516606752570709,0.044445215460412246,-0.03692860870784154,0
917,Carbon County,WY,56007,2018-08-31,157105.4501545834,2018,8,Carbon,60206.0,165700.0,811.0,1174.0,8755.0,4331.0,6341.0,15477.0,211.85,2.6094650060555993,0.1437076178947655,0.13409480296973159,0.6830152972717237,0.013723448982357667,0.044445215460412246,-0.03072176647805458,0
917,Carbon County,WY,56007,2018-09-30,157942.919407077,2018,9,Carbon,60206.0,165700.0,811.0,1174.0,8755.0,4331.0,6341.0,15477.0,211.85,2.6233750690475532,0.14294562924856494,0.13409480296973159,0.6830152972717237,0.022060225099868935,0.044445215460412246,-0.02238499036054331,0
917,Carbon County,WY,56007,2018-10-31,158502.22326113374,2018,10,Carbon,60206.0,165700.0,811.0,1174.0,8755.0,4331.0,6341.0,15477.0,211.85,2.6326649048455923,0.14244121965913242,0.13409480296973159,0.6830152972717237,0.02543501793137226,0.044445215460412246,-0.019010197529039985,0
917,Carbon County,WY,56007,2018-11-30,158789.78506400905,2018,11,Carbon,60206.0,165700.0,811.0,1174.0,8755.0,4331.0,6341.0,15477.0,211.85,2.6374412029367345,0.1421832644392017,0.13409480296973159,0.6830152972717237,0.025258732276506768,0.044445215460412246,-0.01918648318390548,0
917,Carbon County,WY,56007,2018-12-31,158703.55022814518,2018,12,Carbon,60206.0,165700.0,811.0,1174.0,8755.0,4331.0,6341.0,15477.0,211.85,2.636008873337295,0.14226052263823932,0.13409480296973159,0.6830152972717237,0.021823158988229396,0.044445215460412246,-0.02262205647218285,0
917,Carbon County,WY,56007,2019-01-31,158671.19695313924,2019,1,Carbon,60161.0,174900.0,792.0,1127.0,8803.0,4317.0,6204.0,15247.0,213.63,2.6374428110094454,0.14218317774878078,0.12802453708962855,0.6958413926499033,0.018584182162265206,-0.0007474338105836198,0.019331615972848826,0
917,Carbon County,WY,56007,2019-02-28,158633.2569871333,2019,2,Carbon,60161.0,174900.0,792.0,1127.0,8803.0,4317.0,6204.0,15247.0,213.63,2.636812170461483,0.14221718338563688,0.12802453708962855,0.6958413926499033,0.0158640597838533,-0.0007474338105836198,0.01661149359443692,0
917,Carbon County,WY,56007,2019-03-31,158726.29892391778,2019,3,Carbon,60161.0,174900.0,792.0,1127.0,8803.0,4317.0,6204.0,15247.0,213.63,2.6383587195013014,0.14213381873670383,0.12802453708962855,0.6958413926499033,0.01300503144172982,-0.0007474338105836198,0.01375246525231344,0
917,Carbon County,WY,56007,2019-04-30,158839.4363568884,2019,4,Carbon,60161.0,174900.0,792.0,1127.0,8803.0,4317.0,6204.0,15247.0,213.63,2.6402392971674074,0.14203258030524749,0.12802453708962855,0.6958413926499033,0.01333662016800119,-0.0007474338105836198,0.01408405397858481,0
917,Carbon County,WY,56007,2019-05-31,158848.7407172059,2019,5,Carbon,60161.0,174900.0,792.0,1127.0,8803.0,4317.0,6204.0,15247.0,213.63,2.640393954841274,0.1420242609298592,0.12802453708962855,0.6958413926499033,0.01414702521114708,-0.0007474338105836198,0.0148944590217307,0
917,Carbon County,WY,56007,2019-06-30,158966.5533384921,2019,6,Carbon,60161.0,174900.0,792.0,1127.0,8803.0,4317.0,6204.0,15247.0,213.63,2.642352243787372,0.14191900450883865,0.12802453708962855,0.6958413926499033,0.016895442807692618,-0.0007474338105836198,0.017642876618276238,0
917,Carbon County,WY,56007,2019-07-31,158621.42368413662,2019,7,Carbon,60161.0,174900.0,792.0,1127.0,8803.0,4317.0,6204.0,15247.0,213.63,2.636615476540227,0.14222779291733348,0.12802453708962855,0.6958413926499033,0.013334325494383847,-0.0007474338105836198,0.014081759304967467,0
917,Carbon County,WY,56007,2019-08-31,158558.87111887906,2019,8,Carbon,60161.0,174900.0,792.0,1127.0,8803.0,4317.0,6204.0,15247.0,213.63,2.63557572378915,0.14228390275991193,0.12802453708962855,0.6958413926499033,0.009251244707714212,-0.0007474338105836198,0.009998678518297832,0
917,Carbon County,WY,56007,2019-09-30,158371.36783287677,2019,9,Carbon,60161.0,174900.0,792.0,1127.0,8803.0,4317.0,6204.0,15247.0,213.63,2.632459032145024,0.14245235934191777,0.12802453708962855,0.6958413926499033,0.0027126789058236067,-0.0007474338105836198,0.0034601127164072265,0
917,Carbon County,WY,56007,2019-10-31,158685.26755176776,2019,10,Carbon,60161.0,174900.0,792.0,1127.0,8803.0,4317.0,6204.0,15247.0,213.63,2.6376766934021667,0.14217057038795455,0.12802453708962855,0.6958413926499033,0.0011548373698988534,-0.0007474338105836198,0.0019022711804824732,0
917,Carbon County,WY,56007,2019-11-30,159151.38123420408,2019,11,Carbon,60161.0,174900.0,792.0,1127.0,8803.0,4317.0,6204.0,15247.0,213.63,2.645424464922526,0.14175418915655272,0.12802453708962855,0.6958413926499033,0.002277200451208383,-0.0007474338105836198,0.003024634261792003,0
917,Carbon County,WY,56007,2019-12-31,159961.64649780924,2019,12,Carbon,60161.0,174900.0,792.0,1127.0,8803.0,4317.0,6204.0,15247.0,213.63,2.6588927460947995,0.1410361514396451,0.12802453708962855,0.6958413926499033,0.007927335386356926,-0.0007474338105836198,0.008674769196940546,0
917,Carbon County,WY,56007,2020-01-31,160381.34038719305,2020,1,Carbon,62423.0,183800.0,768.0,1209.0,8809.0,4398.0,6226.0,15073.0,221.7,2.5692667828715865,0.14595603792490344,0.1372459984107163,0.7063925473819467,0.010777907187268898,0.037599109057362634,-0.026821201870093736,0
917,Carbon County,WY,56007,2020-02-29,160459.13918505755,2020,2,Carbon,62423.0,183800.0,768.0,1209.0,8809.0,4398.0,6226.0,15073.0,221.7,2.570513099099011,0.1458852709723366,0.1372459984107163,0.7063925473819467,0.011510084534621656,0.037599109057362634,-0.026089024522740978,0
917,Carbon County,WY,56007,2020-03-31,160470.35312731416,2020,3,Carbon,62423.0,183800.0,768.0,1209.0,8809.0,4398.0,6226.0,15073.0,221.7,2.570692743497015,0.14587507626052293,0.1372459984107163,0.7063925473819467,0.010987808669515653,0.037599109057362634,-0.02661130038784698,0
917,Carbon County,WY,56007,2020-04-30,160828.54153259532,2020,4,Carbon,62423.0,183800.0,768.0,1209.0,8809.0,4398.0,6226.0,15073.0,221.7,2.5764308273007597,0.14555019138350975,0.1372459984107163,0.7063925473819467,0.012522741337596566,0.037599109057362634,-0.02507636771976607,0
917,Carbon County,WY,56007,2020-05-31,161320.70228960225,2020,5,Carbon,62423.0,183800.0,768.0,1209.0,8809.0,4398.0,6226.0,15073.0,221.7,2.5843151128526705,0.14510614364904592,0.1372459984107163,0.7063925473819467,0.01556173225695967,0.037599109057362634,-0.022037376800402964,0
917,Carbon County,WY,56007,2020-06-30,161609.9012573906,2020,6,Carbon,62423.0,183800.0,768.0,1209.0,8809.0,4398.0,6226.0,15073.0,221.7,2.5889480040592505,0.1448464779563096,0.1372459984107163,0.7063925473819467,0.01662832755309185,0.037599109057362634,-0.020970781504270786,0
917,Carbon County,WY,56007,2020-07-31,162009.87272501396,2020,7,Carbon,62423.0,183800.0,768.0,1209.0,8809.0,4398.0,6226.0,15073.0,221.7,2.5953554415041564,0.14448887963594922,0.1372459984107163,0.7063925473819467,0.021361862491064088,0.037599109057362634,-0.016237246566298547,0
917,Carbon County,WY,56007,2020-08-31,162780.1353258911,2020,8,Carbon,62423.0,183800.0,768.0,1209.0,8809.0,4398.0,6226.0,15073.0,221.7,2.6076948452636226,0.14380516979627256,0.1372459984107163,0.7063925473819467,0.02662269337076184,0.037599109057362634,-0.010976415686600793,0
917,Carbon County,WY,56007,2020-09-30,164154.12385159932,2020,9,Carbon,62423.0,183800.0,768.0,1209.0,8809.0,4398.0,6226.0,15073.0,221.7,2.6297057791454965,0.1426015043104379,0.1372459984107163,0.7063925473819467,0.03651389830025886,0.037599109057362634,-0.0010852107571037717,0
917,Carbon County,WY,56007,2020-10-31,165606.63406760152,2020,10,Carbon,62423.0,183800.0,768.0,1209.0,8809.0,4398.0,6226.0,15073.0,221.7,2.652974609800899,0.14135076853530198,0.1372459984107163,0.7063925473819467,0.043616944550796566,0.037599109057362634,0.006017835493433932,0
917,Carbon County,WY,56007,2020-11-30,167101.96969456563,2020,11,Carbon,62423.0,183800.0,768.0,1209.0,8809.0,4398.0,6226.0,15073.0,221.7,2.676929492247499,0.14008587117666557,0.1372459984107163,0.7063925473819467,0.04995613860656123,0.037599109057362634,0.012357029549198595,0
917,Carbon County,WY,56007,2020-12-31,168358.1129990555,2020,12,Carbon,62423.0,183800.0,768.0,1209.0,8809.0,4398.0,6226.0,15073.0,221.7,2.6970525767594555,0.13904067100188583,0.1372459984107163,0.7063925473819467,0.05249049809800033,0.037599109057362634,0.014891389040637693,0
917,Carbon County,WY,56007,2021-01-31,169367.1271874241,2021,1,Carbon,62654.0,188100.0,722.0,1010.0,8226.0,4167.0,5937.0,14714.0,232.22,2.70321331738475,0.1387237912703084,0.12278142475079018,0.7018696311268318,0.05602763250723264,0.003700559088797295,0.052327073418435344,0
917,Carbon County,WY,56007,2021-02-28,170307.96308045392,2021,2,Carbon,62654.0,188100.0,722.0,1010.0,8226.0,4167.0,5937.0,14714.0,232.22,2.718229691327831,0.13795743648757508,0.12278142475079018,0.7018696311268318,0.06137901490321296,0.003700559088797295,0.05767845581441566,0
917,Carbon County,WY,56007,2021-03-31,171589.7943924731,2021,3,Carbon,62654.0,188100.0,722.0,1010.0,8226.0,4167.0,5937.0,14714.0,232.22,2.7386885816144715,0.1369268497767408,0.12278142475079018,0.7018696311268318,0.06929280735324972,0.003700559088797295,0.06559224826445242,0
917,Carbon County,WY,56007,2021-04-30,173066.78018387558,2021,4,Carbon,62654.0,188100.0,722.0,1010.0,8226.0,4167.0,5937.0,14714.0,232.22,2.762262268711903,0.13575828922822372,0.12278142475079018,0.7018696311268318,0.07609494269274286,0.003700559088797295,0.07239438360394557,0
917,Carbon County,WY,56007,2021-05-31,174592.6501682963,2021,5,Carbon,62654.0,188100.0,722.0,1010.0,8226.0,4167.0,5937.0,14714.0,232.22,2.7866161804241756,0.13457181603780033,0.12278142475079018,0.7018696311268318,0.0822705808388331,0.003700559088797295,0.0785700217500358,0
917,Carbon County,WY,56007,2021-06-30,176096.7149278661,2021,6,Carbon,62654.0,188100.0,722.0,1010.0,8226.0,4167.0,5937.0,14714.0,232.22,2.8106220660750485,0.13342242079657354,0.12278142475079018,0.7018696311268318,0.08964063190288596,0.003700559088797295,0.08594007281408866,0
917,Carbon County,WY,56007,2021-07-31,177622.84411241836,2021,7,Carbon,62654.0,188100.0,722.0,1010.0,8226.0,4167.0,5937.0,14714.0,232.22,2.8349801147958367,0.13227606008340764,0.12278142475079018,0.7018696311268318,0.0963704935063121,0.003700559088797295,0.09266993441751481,0
917,Carbon County,WY,56007,2021-08-31,178792.78396800024,2021,8,Carbon,62654.0,188100.0,722.0,1010.0,8226.0,4167.0,5937.0,14714.0,232.22,2.8536531421457565,0.13141050482331046,0.12278142475079018,0.7018696311268318,0.09836979561450354,0.003700559088797295,0.09466923652570625,0
917,Carbon County,WY,56007,2021-09-30,179519.79264735672,2021,9,Carbon,62654.0,188100.0,722.0,1010.0,8226.0,4167.0,5937.0,14714.0,232.22,2.8652566898738585,0.13087832630329158,0.12278142475079018,0.7018696311268318,0.09360513421915906,0.003700559088797295,0.08990457513036176,0
917,Carbon County,WY,56007,2021-10-31,180332.38493766397,2021,10,Carbon,62654.0,188100.0,722.0,1010.0,8226.0,4167.0,5937.0,14714.0,232.22,2.8782262096221145,0.13028857799513754,0.12278142475079018,0.7018696311268318,0.0889200541570776,0.003700559088797295,0.0852194950682803,0
917,Carbon County,WY,56007,2021-11-30,181735.89828187137,2021,11,Carbon,62654.0,188100.0,722.0,1010.0,8226.0,4167.0,5937.0,14714.0,232.22,2.900627227022558,0.12928238296409109,0.12278142475079018,0.7018696311268318,0.08757484196059506,0.003700559088797295,0.08387428287179777,0
917,Carbon County,WY,56007,2021-12-31,183253.53454913312,2021,12,Carbon,62654.0,188100.0,722.0,1010.0,8226.0,4167.0,5937.0,14714.0,232.22,2.924849723068489,0.12821171530364428,0.12278142475079018,0.7018696311268318,0.08847462878228618,0.003700559088797295,0.08477406969348888,0
917,Carbon County,WY,56007,2022-01-31,184672.53419749343,2022,1,Carbon,65196.0,212800.0,825.0,1017.0,8218.0,4256.0,5847.0,14609.0,261.8,2.832574608833263,0.13238839281781967,0.12375273789243124,0.7278946468274329,0.09036822708300485,0.04057203051680669,0.04979619656619816,0
917,Carbon County,WY,56007,2022-02-28,185535.54328760377,2022,2,Carbon,65196.0,212800.0,825.0,1017.0,8218.0,4256.0,5847.0,14609.0,261.8,2.845811756666111,0.13177259497982932,0.12375273789243124,0.7278946468274329,0.08941202708153062,0.04057203051680669,0.04883999656472393,0
917,Carbon County,WY,56007,2022-03-31,185952.55753025116,2022,3,Carbon,65196.0,212800.0,825.0,1017.0,8218.0,4256.0,5847.0,14609.0,261.8,2.8522080730451433,0.13147708385792253,0.12375273789243124,0.7278946468274329,0.08370406403615394,0.04057203051680669,0.043132033519347246,0
917,Carbon County,WY,56007,2022-04-30,186609.3719032569,2022,4,Carbon,65196.0,212800.0,825.0,1017.0,8218.0,4256.0,5847.0,14609.0,261.8,2.862282531186835,0.13101432018470502,0.12375273789243124,0.7278946468274329,0.07825067124374141,0.04057203051680669,0.03767864072693472,0
917,Carbon County,WY,56007,2022-05-31,187330.08867867207,2022,5,Carbon,65196.0,212800.0,825.0,1017.0,8218.0,4256.0,5847.0,14609.0,261.8,2.8733371476574034,0.13051026758406437,0.12375273789243124,0.7278946468274329,0.0729551816648506,0.04057203051680669,0.03238315114804391,0
917,Carbon County,WY,56007,2022-06-30,188995.90432766904,2022,6,Carbon,65196.0,212800.0,825.0,1017.0,8218.0,4256.0,5847.0,14609.0,261.8,2.898888034966394,0.12935994611614837,0.12375273789243124,0.7278946468274329,0.07325059644120446,0.04057203051680669,0.03267856592439777,0
917,Carbon County,WY,56007,2022-07-31,190193.84656071092,2022,7,Carbon,65196.0,212800.0,825.0,1017.0,8218.0,4256.0,5847.0,14609.0,261.8,2.9172625093673066,0.12854516821707954,0.12375273789243124,0.7278946468274329,0.07077356806839741,0.04057203051680669,0.030201537551590718,0
917,Carbon County,WY,56007,2022-08-31,191173.803188974,2022,8,Carbon,65196.0,212800.0,825.0,1017.0,8218.0,4256.0,5847.0,14609.0,261.8,2.9322934411462973,0.12788624587769917,0.12375273789243124,0.7278946468274329,0.06924786865665511,0.04057203051680669,0.02867583813984842,0
917,Carbon County,WY,56007,2022-09-30,191491.33486906555,2022,9,Carbon,65196.0,212800.0,825.0,1017.0,8218.0,4256.0,5847.0,14609.0,261.8,2.9371638577376764,0.1276741844048293,0.12375273789243124,0.7278946468274329,0.06668647531932792,0.04057203051680669,0.02611444480252123,0
917,Carbon County,WY,56007,2022-10-31,192181.86048835565,2022,10,Carbon,65196.0,212800.0,825.0,1017.0,8218.0,4256.0,5847.0,14609.0,261.8,2.947755391256452,0.12721544030156445,0.12375273789243124,0.7278946468274329,0.06570908245231566,0.04057203051680669,0.02513705193550897,0
917,Carbon County,WY,56007,2022-11-30,193034.71864394212,2022,11,Carbon,65196.0,212800.0,825.0,1017.0,8218.0,4256.0,5847.0,14609.0,261.8,2.9608368403574166,0.12665338220890685,0.12375273789243124,0.7278946468274329,0.062171648358357645,0.04057203051680669,0.021599617841550955,0
917,Carbon County,WY,56007,2022-12-31,193391.32916939925,2022,12,Carbon,65196.0,212800.0,825.0,1017.0,8218.0,4256.0,5847.0,14609.0,261.8,2.966306662516094,0.1264198353928504,0.12375273789243124,0.7278946468274329,0.05532114098212948,0.04057203051680669,0.01474911046532279,0
917,Carbon County,WY,56007,2023-01-31,193465.2796648459,2023,1,Carbon,66721.0,214500.0,894.0,979.0,8220.0,4518.0,5885.0,14549.0,266.26,2.8996160079262285,0.12932746921486185,0.11909975669099757,0.767714528462192,0.04761263230377999,0.023391005583164537,0.024221626720615452,0
917,Carbon County,WY,56007,2023-02-28,192960.5343498302,2023,2,Carbon,66721.0,214500.0,894.0,979.0,8220.0,4518.0,5885.0,14549.0,266.26,2.8920509936875978,0.12966576343864697,0.11909975669099757,0.767714528462192,0.04001923798889995,0.023391005583164537,0.01662823240573541,0
917,Carbon County,WY,56007,2023-03-31,192641.23412244537,2023,3,Carbon,66721.0,214500.0,894.0,979.0,8220.0,4518.0,5885.0,14549.0,266.26,2.8872653905433876,0.1298806826792685,0.11909975669099757,0.767714528462192,0.03596980155062446,0.023391005583164537,0.012578795967459921,0
917,Carbon County,WY,56007,2023-04-30,192421.8684580439,2023,4,Carbon,66721.0,214500.0,894.0,979.0,8220.0,4518.0,5885.0,14549.0,266.26,2.8839775851387706,0.13002874985311505,0.11909975669099757,0.767714528462192,0.031147934830413337,0.023391005583164537,0.0077569292472488005,0
917,Carbon County,WY,56007,2023-05-31,192992.61835282124,2023,5,Carbon,66721.0,214500.0,894.0,979.0,8220.0,4518.0,5885.0,14549.0,266.26,2.8925318618249314,0.12964420719065414,0.11909975669099757,0.767714528462192,0.030227550278173032,0.023391005583164537,0.006836544695008495,0
917,Carbon County,WY,56007,2023-06-30,193880.6191824946,2023,6,Carbon,66721.0,214500.0,894.0,979.0,8220.0,4518.0,5885.0,14549.0,266.26,2.90584102730017,0.1290504182702707,0.11909975669099757,0.767714528462192,0.02584561222213977,0.023391005583164537,0.002454606638975232,0
917,Carbon County,WY,56007,2023-07-31,194462.3307398886,2023,7,Carbon,66721.0,214500.0,894.0,979.0,8220.0,4518.0,5885.0,14549.0,266.26,2.914559595028381,0.12866437887894633,0.11909975669099757,0.767714528462192,0.022442809041222755,0.023391005583164537,-0.0009481965419417815,0
917,Carbon County,WY,56007,2023-08-31,194999.55167784492,2023,8,Carbon,66721.0,214500.0,894.0,979.0,8220.0,4518.0,5885.0,14549.0,266.26,2.922611346919934,0.12830991038038736,0.11909975669099757,0.767714528462192,0.020011886697097303,0.023391005583164537,-0.003379118886067234,0
917,Carbon County,WY,56007,2023-09-30,195337.8086408904,2023,9,Carbon,66721.0,214500.0,894.0,979.0,8220.0,4518.0,5885.0,14549.0,266.26,2.9276810695416797,0.12808772236202123,0.11909975669099757,0.767714528462192,0.020086933826300335,0.023391005583164537,-0.003304071756864202,0
917,Carbon County,WY,56007,2023-10-31,195776.9178354396,2023,10,Carbon,66721.0,214500.0,894.0,979.0,8220.0,4518.0,5885.0,14549.0,266.26,2.934262343721461,0.1278004336600645,0.11909975669099757,0.767714528462192,0.018706538369170245,0.023391005583164537,-0.004684467213994292,0
917,Carbon County,WY,56007,2023-11-30,195740.8005824429,2023,11,Carbon,66721.0,214500.0,894.0,979.0,8220.0,4518.0,5885.0,14549.0,266.26,2.933721026100372,0.127824014847951,0.11909975669099757,0.767714528462192,0.01401862813855903,0.023391005583164537,-0.009372377444605506,0
917,Carbon County,WY,56007,2023-12-31,195663.89451862453,2023,12,Carbon,66721.0,214500.0,894.0,979.0,8220.0,4518.0,5885.0,14549.0,266.26,2.9325683745541062,0.12787425631875277,0.11909975669099757,0.767714528462192,0.011751123274170494,0.023391005583164537,-0.011639882308994043,0
2223,Converse County,WY,56009,2014-01-31,187682.8315617465,2014,1,Converse,61820.0,187200.0,628.0,250.0,6449.0,4218.0,5721.0,13991.0,204.93,3.0359565118367278,0.12351955587569605,0.03876570010854396,0.7372836916622968,,,,0
2223,Converse County,WY,56009,2014-02-28,187920.62044561436,2014,2,Converse,61820.0,187200.0,628.0,250.0,6449.0,4218.0,5721.0,13991.0,204.93,3.039802983591303,0.12336325808752419,0.03876570010854396,0.7372836916622968,,,,0
2223,Converse County,WY,56009,2014-03-31,187985.36871296784,2014,3,Converse,61820.0,187200.0,628.0,250.0,6449.0,4218.0,5721.0,13991.0,204.93,3.0408503512288556,0.12332076777420387,0.03876570010854396,0.7372836916622968,,,,0
2223,Converse County,WY,56009,2014-04-30,187894.2632873073,2014,4,Converse,61820.0,187200.0,628.0,250.0,6449.0,4218.0,5721.0,13991.0,204.93,3.039376630334961,0.12338056305929822,0.03876570010854396,0.7372836916622968,,,,0
2223,Converse County,WY,56009,2014-05-31,188663.14698582352,2014,5,Converse,61820.0,187200.0,628.0,250.0,6449.0,4218.0,5721.0,13991.0,204.93,3.051814089062173,0.12287773404809141,0.03876570010854396,0.7372836916622968,,,,0
2223,Converse County,WY,56009,2014-06-30,189318.47133509605,2014,6,Converse,61820.0,187200.0,628.0,250.0,6449.0,4218.0,5721.0,13991.0,204.93,3.062414612343838,0.12245239377074138,0.03876570010854396,0.7372836916622968,,,,0
2223,Converse County,WY,56009,2014-07-31,190392.48363943488,2014,7,Converse,61820.0,187200.0,628.0,250.0,6449.0,4218.0,5721.0,13991.0,204.93,3.0797878298193933,0.12176163447661618,0.03876570010854396,0.7372836916622968,,,,0
2223,Converse County,WY,56009,2014-08-31,191214.19898650216,2014,8,Converse,61820.0,187200.0,628.0,250.0,6449.0,4218.0,5721.0,13991.0,204.93,3.0930798930200933,0.12123838147415222,0.03876570010854396,0.7372836916622968,,,,0
2223,Converse County,WY,56009,2014-09-30,192345.88133819844,2014,9,Converse,61820.0,187200.0,628.0,250.0,6449.0,4218.0,5721.0,13991.0,204.93,3.111385980883184,0.12052506577584893,0.03876570010854396,0.7372836916622968,,,,0
2223,Converse County,WY,56009,2014-10-31,193344.60930331235,2014,10,Converse,61820.0,187200.0,628.0,250.0,6449.0,4218.0,5721.0,13991.0,204.93,3.1275413992771326,0.11990248956789942,0.03876570010854396,0.7372836916622968,,,,0
2223,Converse County,WY,56009,2014-11-30,193996.51990345857,2014,11,Converse,61820.0,187200.0,628.0,250.0,6449.0,4218.0,5721.0,13991.0,204.93,3.138086701770601,0.11949956634034806,0.03876570010854396,0.7372836916622968,,,,0
2223,Converse County,WY,56009,2014-12-31,194548.1646391616,2014,12,Converse,61820.0,187200.0,628.0,250.0,6449.0,4218.0,5721.0,13991.0,204.93,3.147010104159845,0.11916072322243575,0.03876570010854396,0.7372836916622968,,,,0
2223,Converse County,WY,56009,2015-01-31,195345.97081823144,2015,1,Converse,62307.0,190300.0,647.0,196.0,6478.0,4229.0,5677.0,14101.0,210.58,3.1352170834453825,0.11960894254502512,0.030256251929607902,0.7449357054782455,0.04083026237785514,0.00787770947913291,0.03295255289872223,0
2223,Converse County,WY,56009,2015-02-28,196226.17196610392,2015,2,Converse,62307.0,190300.0,647.0,196.0,6478.0,4229.0,5677.0,14101.0,210.58,3.1493439254996054,0.11907241916759241,0.030256251929607902,0.7449357054782455,0.044197126961345035,0.00787770947913291,0.036319417482212124,0
2223,Converse County,WY,56009,2015-03-31,197133.24610029245,2015,3,Converse,62307.0,190300.0,647.0,196.0,6478.0,4229.0,5677.0,14101.0,210.58,3.163902067188156,0.11852452826811812,0.030256251929607902,0.7449357054782455,0.048662709496781975,0.00787770947913291,0.040785000017649065,0
2223,Converse County,WY,56009,2015-04-30,197804.41059843625,2015,4,Converse,62307.0,190300.0,647.0,196.0,6478.0,4229.0,5677.0,14101.0,210.58,3.17467396277202,0.11812236607521183,0.030256251929607902,0.7449357054782455,0.0527432138573356,0.00787770947913291,0.04486550437820269,0
2223,Converse County,WY,56009,2015-05-31,198521.04738190395,2015,5,Converse,62307.0,190300.0,647.0,196.0,6478.0,4229.0,5677.0,14101.0,210.58,3.186175668575023,0.11769595873152656,0.030256251929607902,0.7449357054782455,0.05225133023367401,0.00787770947913291,0.0443736207545411,0
2223,Converse County,WY,56009,2015-06-30,199205.99259274837,2015,6,Converse,62307.0,190300.0,647.0,196.0,6478.0,4229.0,5677.0,14101.0,210.58,3.197168738548612,0.11729127570859307,0.030256251929607902,0.7449357054782455,0.052226923173023465,0.00787770947913291,0.044349213693890555,0
2223,Converse County,WY,56009,2015-07-31,200509.56861442127,2015,7,Converse,62307.0,190300.0,647.0,196.0,6478.0,4229.0,5677.0,14101.0,210.58,3.2180905614846047,0.11652872808744102,0.030256251929607902,0.7449357054782455,0.05313804821279655,0.00787770947913291,0.04526033873366364,0
2223,Converse County,WY,56009,2015-08-31,202189.26060846308,2015,8,Converse,62307.0,190300.0,647.0,196.0,6478.0,4229.0,5677.0,14101.0,210.58,3.245048880678946,0.1155606629634314,0.030256251929607902,0.7449357054782455,0.057396687485198994,0.00787770947913291,0.04951897800606608,0
2223,Converse County,WY,56009,2015-09-30,204136.53834884404,2015,9,Converse,62307.0,190300.0,647.0,196.0,6478.0,4229.0,5677.0,14101.0,210.58,3.276301833643797,0.11445831887318426,0.030256251929607902,0.7449357054782455,0.06129924347022686,0.00787770947913291,0.05342153399109395,0
2223,Converse County,WY,56009,2015-10-31,205668.03968628423,2015,10,Converse,62307.0,190300.0,647.0,196.0,6478.0,4229.0,5677.0,14101.0,210.58,3.3008817578487846,0.11360600818503445,0.030256251929607902,0.7449357054782455,0.06373816382767261,0.00787770947913291,0.0558604543485397,0
2223,Converse County,WY,56009,2015-11-30,206538.5996154721,2015,11,Converse,62307.0,190300.0,647.0,196.0,6478.0,4229.0,5677.0,14101.0,210.58,3.3148538625751858,0.11312715900805247,0.030256251929607902,0.7449357054782455,0.06465105517488179,0.00787770947913291,0.05677334569574888,0
2223,Converse County,WY,56009,2015-12-31,206808.06579712543,2015,12,Converse,62307.0,190300.0,647.0,196.0,6478.0,4229.0,5677.0,14101.0,210.58,3.3191786765070606,0.11297975690619685,0.030256251929607902,0.7449357054782455,0.06301730566671182,0.00787770947913291,0.05513959618757891,0
2223,Converse County,WY,56009,2016-01-31,207499.5962275657,2016,1,Converse,66737.0,194500.0,685.0,296.0,6506.0,4095.0,5576.0,14223.0,205.77,3.109213722935788,0.12060927083710304,0.04549646480172149,0.7343974175035868,0.06221590012032108,0.07109955542715918,-0.0088836553068381,0
2223,Converse County,WY,56009,2016-02-29,208612.160239362,2016,2,Converse,66737.0,194500.0,685.0,296.0,6506.0,4095.0,5576.0,14223.0,205.77,3.125884595342344,0.11996604115160249,0.04549646480172149,0.7343974175035868,0.06312097998526744,0.07109955542715918,-0.007978575441891733,0
2223,Converse County,WY,56009,2016-03-31,209772.5134194058,2016,3,Converse,66737.0,194500.0,685.0,296.0,6506.0,4095.0,5576.0,14223.0,205.77,3.1432715498060415,0.1193024509839564,0.04549646480172149,0.7343974175035868,0.06411535126187218,0.07109955542715918,-0.006984204165287,0
2223,Converse County,WY,56009,2016-04-30,209889.19305947865,2016,4,Converse,66737.0,194500.0,685.0,296.0,6506.0,4095.0,5576.0,14223.0,205.77,3.145019899897788,0.11923612947955825,0.04549646480172149,0.7343974175035868,0.06109460564848468,0.07109955542715918,-0.010004949778674499,0
2223,Converse County,WY,56009,2016-05-31,209852.46888511648,2016,5,Converse,66737.0,194500.0,685.0,296.0,6506.0,4095.0,5576.0,14223.0,205.77,3.1444696178299365,0.11925699579784624,0.04549646480172149,0.7343974175035868,0.05707919463780464,0.07109955542715918,-0.014020360789354536,0
2223,Converse County,WY,56009,2016-06-30,209713.0295751709,2016,6,Converse,66737.0,194500.0,685.0,296.0,6506.0,4095.0,5576.0,14223.0,205.77,3.1423802324822945,0.11933629040931565,0.04549646480172149,0.7343974175035868,0.05274458285952699,0.07109955542715918,-0.01835497256763219,0
2223,Converse County,WY,56009,2016-07-31,209290.4215462883,2016,7,Converse,66737.0,194500.0,685.0,296.0,6506.0,4095.0,5576.0,14223.0,205.77,3.136047792772949,0.11957725927015236,0.04549646480172149,0.7343974175035868,0.04379268776320866,0.07109955542715918,-0.027306867663950518,0
2223,Converse County,WY,56009,2016-08-31,208186.40720891743,2016,8,Converse,66737.0,194500.0,685.0,296.0,6506.0,4095.0,5576.0,14223.0,205.77,3.1195050303267666,0.12021137852139283,0.04549646480172149,0.7343974175035868,0.029661054115370344,0.07109955542715918,-0.04143850131178883,0
2223,Converse County,WY,56009,2016-09-30,206840.8554596362,2016,9,Converse,66737.0,194500.0,685.0,296.0,6506.0,4095.0,5576.0,14223.0,205.77,3.0993430250031646,0.12099338375093768,0.04549646480172149,0.7343974175035868,0.013247589739034504,0.07109955542715918,-0.057851965688124674,0
2223,Converse County,WY,56009,2016-10-31,205803.0368236628,2016,10,Converse,66737.0,194500.0,685.0,296.0,6506.0,4095.0,5576.0,14223.0,205.77,3.083792151634967,0.12160352629511108,0.04549646480172149,0.7343974175035868,0.0006563836441699777,0.07109955542715918,-0.0704431717829892,0
2223,Converse County,WY,56009,2016-11-30,205242.39701721145,2016,11,Converse,66737.0,194500.0,685.0,296.0,6506.0,4095.0,5576.0,14223.0,205.77,3.0753914173129067,0.1219356982948377,0.04549646480172149,0.7343974175035868,-0.006275837062291956,0.07109955542715918,-0.07737539248945113,0
2223,Converse County,WY,56009,2016-12-31,204934.23578786795,2016,12,Converse,66737.0,194500.0,685.0,296.0,6506.0,4095.0,5576.0,14223.0,205.77,3.0707738703847633,0.12211905396766094,0.04549646480172149,0.7343974175035868,-0.00906072015148418,0.07109955542715918,-0.08016027557864336,0
2223,Converse County,WY,56009,2017-01-31,204743.74300766975,2017,1,Converse,62776.0,197200.0,711.0,333.0,6623.0,4123.0,5630.0,14166.0,202.1,3.261497116854686,0.11497787260399038,0.05027932960893855,0.7323268206039076,-0.013281246180708695,-0.05935238323568637,0.04607113705497767,0
2223,Converse County,WY,56009,2017-02-28,204565.8543575727,2017,2,Converse,62776.0,197200.0,711.0,333.0,6623.0,4123.0,5630.0,14166.0,202.1,3.258663412093359,0.11507785634083045,0.05027932960893855,0.7323268206039076,-0.01939630881127241,-0.05935238323568637,0.039956074424413957,0
2223,Converse County,WY,56009,2017-03-31,204300.7421180409,2017,3,Converse,62776.0,197200.0,711.0,333.0,6623.0,4123.0,5630.0,14166.0,202.1,3.2544402656754317,0.11522718789929054,0.05027932960893855,0.7323268206039076,-0.026084310151850088,-0.05935238323568637,0.03326807308383628,0
2223,Converse County,WY,56009,2017-04-30,204255.31966798689,2017,4,Converse,62776.0,197200.0,711.0,333.0,6623.0,4123.0,5630.0,14166.0,202.1,3.2537167017329374,0.11525281220712116,0.05027932960893855,0.7323268206039076,-0.026842131838084815,-0.05935238323568637,0.03251025139760155,0
2223,Converse County,WY,56009,2017-05-31,203982.34619934685,2017,5,Converse,62776.0,197200.0,711.0,333.0,6623.0,4123.0,5630.0,14166.0,202.1,3.24936832865023,0.11540704594599557,0.05027932960893855,0.7323268206039076,-0.027972616748117574,-0.05935238323568637,0.031379766487568794,0
2223,Converse County,WY,56009,2017-06-30,203821.97478703447,2017,6,Converse,62776.0,197200.0,711.0,333.0,6623.0,4123.0,5630.0,14166.0,202.1,3.246813667437149,0.11549785063458962,0.05027932960893855,0.7323268206039076,-0.028091028965011366,-0.05935238323568637,0.031261354270675,0
2223,Converse County,WY,56009,2017-07-31,202988.40536678975,2017,7,Converse,62776.0,197200.0,711.0,333.0,6623.0,4123.0,5630.0,14166.0,202.1,3.2335351944499453,0.11597214115487336,0.05027932960893855,0.7323268206039076,-0.030111345435389403,-0.05935238323568637,0.029241037800296965,0
2223,Converse County,WY,56009,2017-08-31,202070.9198753333,2017,8,Converse,62776.0,197200.0,711.0,333.0,6623.0,4123.0,5630.0,14166.0,202.1,3.2189199674291653,0.11649870260660716,0.05027932960893855,0.7323268206039076,-0.02937505582411626,-0.05935238323568637,0.02997732741157011,0
2223,Converse County,WY,56009,2017-09-30,201019.09867122627,2017,9,Converse,62776.0,197200.0,711.0,333.0,6623.0,4123.0,5630.0,14166.0,202.1,3.2021648188993606,0.11710827555993633,0.05027932960893855,0.7323268206039076,-0.0281460680264205,-0.05935238323568637,0.031206315209265867,0
2223,Converse County,WY,56009,2017-10-31,200684.552693168,2017,10,Converse,62776.0,197200.0,711.0,333.0,6623.0,4123.0,5630.0,14166.0,202.1,3.1968356170059895,0.11730349787306482,0.05027932960893855,0.7323268206039076,-0.024870790098595386,-0.05935238323568637,0.03448159313709098,0
2223,Converse County,WY,56009,2017-11-30,200669.2720808292,2017,11,Converse,62776.0,197200.0,711.0,333.0,6623.0,4123.0,5630.0,14166.0,202.1,3.196592202128667,0.11731243032823545,0.05027932960893855,0.7323268206039076,-0.022281580233146303,-0.05935238323568637,0.037070803002540065,0
2223,Converse County,WY,56009,2017-12-31,200928.1193377592,2017,12,Converse,62776.0,197200.0,711.0,333.0,6623.0,4123.0,5630.0,14166.0,202.1,3.2007155495373905,0.11716130165150099,0.05027932960893855,0.7323268206039076,-0.01954830257964102,-0.05935238323568637,0.03980408065604535,0
2223,Converse County,WY,56009,2018-01-31,200699.38066676524,2018,1,Converse,63923.0,207900.0,704.0,338.0,6654.0,3908.0,5429.0,13997.0,210.01,3.1397052808342103,0.11943796199252292,0.050796513375413285,0.7198379075336158,-0.019753289070001068,0.01827131387791514,-0.03802460294791621,0
2223,Converse County,WY,56009,2018-02-28,200017.801916124,2018,2,Converse,63923.0,207900.0,704.0,338.0,6654.0,3908.0,5429.0,13997.0,210.01,3.1290427845395867,0.11984495765058008,0.050796513375413285,0.7198379075336158,-0.022232705725652946,0.01827131387791514,-0.04050401960356809,0
2223,Converse County,WY,56009,2018-03-31,199321.98264434957,2018,3,Converse,63923.0,207900.0,704.0,338.0,6654.0,3908.0,5429.0,13997.0,210.01,3.118157512074677,0.12026332811856331,0.050796513375413285,0.7198379075336158,-0.024369757163264172,0.01827131387791514,-0.04264107104117931,0
2223,Converse County,WY,56009,2018-04-30,198962.21711260383,2018,4,Converse,63923.0,207900.0,704.0,338.0,6654.0,3908.0,5429.0,13997.0,210.01,3.1125294043240124,0.1204807895080572,0.050796513375413285,0.7198379075336158,-0.025914147861543557,0.01827131387791514,-0.0441854617394587,0
2223,Converse County,WY,56009,2018-05-31,198601.07674549284,2018,5,Converse,63923.0,207900.0,704.0,338.0,6654.0,3908.0,5429.0,13997.0,210.01,3.1068797888943394,0.1206998743049061,0.050796513375413285,0.7198379075336158,-0.026381054802629977,0.01827131387791514,-0.04465236868054512,0
2223,Converse County,WY,56009,2018-06-30,198311.79959028048,2018,6,Converse,63923.0,207900.0,704.0,338.0,6654.0,3908.0,5429.0,13997.0,210.01,3.102354388722064,0.12087593904913993,0.050796513375413285,0.7198379075336158,-0.02703425478293675,0.01827131387791514,-0.04530556866085189,0
2223,Converse County,WY,56009,2018-07-31,198532.76768315345,2018,7,Converse,63923.0,207900.0,704.0,338.0,6654.0,3908.0,5429.0,13997.0,210.01,3.1058111741181333,0.12074140344558382,0.050796513375413285,0.7198379075336158,-0.021950207823866585,0.01827131387791514,-0.040221521701781726,0
2223,Converse County,WY,56009,2018-08-31,199193.26072892052,2018,8,Converse,63923.0,207900.0,704.0,338.0,6654.0,3908.0,5429.0,13997.0,210.01,3.1161438094100795,0.12034104423152138,0.050796513375413285,0.7198379075336158,-0.014240837564297393,0.01827131387791514,-0.032512151442212534,0
2223,Converse County,WY,56009,2018-09-30,199890.06342088888,2018,9,Converse,63923.0,207900.0,704.0,338.0,6654.0,3908.0,5429.0,13997.0,210.01,3.127044466324936,0.11992154382144724,0.050796513375413285,0.7198379075336158,-0.00561655712218645,0.01827131387791514,-0.02388787100010159,0
2223,Converse County,WY,56009,2018-10-31,200125.6803584942,2018,10,Converse,63923.0,207900.0,704.0,338.0,6654.0,3908.0,5429.0,13997.0,210.01,3.13073041563278,0.11978035481033436,0.050796513375413285,0.7198379075336158,-0.002784829859467375,0.01827131387791514,-0.021056143737382516,0
2223,Converse County,WY,56009,2018-11-30,200430.1989822476,2018,11,Converse,63923.0,207900.0,704.0,338.0,6654.0,3908.0,5429.0,13997.0,210.01,3.135494250617893,0.11959836951577918,0.050796513375413285,0.7198379075336158,-0.0011913787103653428,0.01827131387791514,-0.019462692588280484,0
2223,Converse County,WY,56009,2018-12-31,200596.23525513604,2018,12,Converse,63923.0,207900.0,704.0,338.0,6654.0,3908.0,5429.0,13997.0,210.01,3.1380916924289544,0.11949937629443244,0.050796513375413285,0.7198379075336158,-0.001651755283018752,0.01827131387791514,-0.019923069160933893,0
2223,Converse County,WY,56009,2019-01-31,201297.9869465913,2019,1,Converse,69647.0,206700.0,739.0,297.0,6678.0,3964.0,5378.0,13921.0,222.21,2.8902606996222566,0.12974608139985805,0.0444743935309973,0.7370769802900706,0.0029826015298968223,0.08954523410978843,-0.08656263257989161,0
2223,Converse County,WY,56009,2019-02-28,202696.05143309283,2019,2,Converse,69647.0,206700.0,739.0,297.0,6678.0,3964.0,5378.0,13921.0,222.21,2.9103342776155876,0.12885117798469334,0.0444743935309973,0.7370769802900706,0.013390055741598017,0.08954523410978843,-0.07615517836819041,0
2223,Converse County,WY,56009,2019-03-31,204945.963265663,2019,3,Converse,69647.0,206700.0,739.0,297.0,6678.0,3964.0,5378.0,13921.0,222.21,2.942638782225552,0.12743664029207932,0.0444743935309973,0.7370769802900706,0.028215556290889898,0.08954523410978843,-0.06132967781889853,0
2223,Converse County,WY,56009,2019-04-30,207149.802410218,2019,4,Converse,69647.0,206700.0,739.0,297.0,6678.0,3964.0,5378.0,13921.0,222.21,2.9742817696414487,0.12608085885729864,0.0444743935309973,0.7370769802900706,0.04115145788197738,0.08954523410978843,-0.04839377622781105,0
2223,Converse County,WY,56009,2019-05-31,208772.87608834825,2019,5,Converse,69647.0,206700.0,739.0,297.0,6678.0,3964.0,5378.0,13921.0,222.21,2.9975860566621426,0.12510066196984118,0.0444743935309973,0.7370769802900706,0.0512172416662704,0.08954523410978843,-0.03832799244351803,0
2223,Converse County,WY,56009,2019-06-30,210100.5789693028,2019,6,Converse,69647.0,206700.0,739.0,297.0,6678.0,3964.0,5378.0,13921.0,222.21,3.0166493742631095,0.12431010484657432,0.0444743935309973,0.7370769802900706,0.05944567798476119,0.08954523410978843,-0.030099556125027238,0
2223,Converse County,WY,56009,2019-07-31,211303.29481758832,2019,7,Converse,69647.0,206700.0,739.0,297.0,6678.0,3964.0,5378.0,13921.0,222.21,3.0339181130212114,0.12360254496999938,0.0444743935309973,0.7370769802900706,0.06432453082413025,0.08954523410978843,-0.025220703285658175,0
2223,Converse County,WY,56009,2019-08-31,212678.11885211692,2019,8,Converse,69647.0,206700.0,739.0,297.0,6678.0,3964.0,5378.0,13921.0,222.21,3.053658001810802,0.12280353588307108,0.0444743935309973,0.7370769802900706,0.06769736121518566,0.08954523410978843,-0.02184787289460277,0
2223,Converse County,WY,56009,2019-09-30,213674.4404160192,2019,9,Converse,69647.0,206700.0,739.0,297.0,6678.0,3964.0,5378.0,13921.0,222.21,3.0679633066179335,0.12223092733576175,0.0444743935309973,0.7370769802900706,0.06895979099324179,0.08954523410978843,-0.020585443116546642,0
2223,Converse County,WY,56009,2019-10-31,214491.33158927687,2019,10,Converse,69647.0,206700.0,739.0,297.0,6678.0,3964.0,5378.0,13921.0,222.21,3.0796923283023947,0.1217654103150978,0.0444743935309973,0.7370769802900706,0.07178314749535808,0.08954523410978843,-0.01776208661443035,0
2223,Converse County,WY,56009,2019-11-30,215296.8528918404,2019,11,Converse,69647.0,206700.0,739.0,297.0,6678.0,3964.0,5378.0,13921.0,222.21,3.0912581000163737,0.1213098317471497,0.0444743935309973,0.7370769802900706,0.07417372224885921,0.08954523410978843,-0.015371511860929221,0
2223,Converse County,WY,56009,2019-12-31,216567.02688703305,2019,12,Converse,69647.0,206700.0,739.0,297.0,6678.0,3964.0,5378.0,13921.0,222.21,3.109495410958592,0.12059834488850246,0.0444743935309973,0.7370769802900706,0.07961660701948836,0.08954523410978843,-0.009928627090300068,0
2223,Converse County,WY,56009,2020-01-31,217924.7351803519,2020,1,Converse,73806.0,224900.0,738.0,424.0,6691.0,4177.0,5461.0,13842.0,224.62,2.9526696363486966,0.1270037106026291,0.0633687042295621,0.7648782274308734,0.0825976875673975,0.059715422056944245,0.022882265510453248,0
2223,Converse County,WY,56009,2020-02-29,219399.0949575816,2020,2,Converse,73806.0,224900.0,738.0,424.0,6691.0,4177.0,5461.0,13842.0,224.62,2.9726457870306153,0.1261502469066752,0.0633687042295621,0.7648782274308734,0.08240438531681127,0.059715422056944245,0.022688963259867023,0
2223,Converse County,WY,56009,2020-03-31,220672.023760926,2020,3,Converse,73806.0,224900.0,738.0,424.0,6691.0,4177.0,5461.0,13842.0,224.62,2.9898927426079993,0.12542255936341648,0.0633687042295621,0.7648782274308734,0.0767327164911169,0.059715422056944245,0.01701729443417266,0
2223,Converse County,WY,56009,2020-04-30,221971.0672691952,2020,4,Converse,73806.0,224900.0,738.0,424.0,6691.0,4177.0,5461.0,13842.0,224.62,3.007493527209105,0.12468854765848579,0.0633687042295621,0.7648782274308734,0.07154853485994006,0.059715422056944245,0.011833112802995815,0
2223,Converse County,WY,56009,2020-05-31,222825.9528544695,2020,5,Converse,73806.0,224900.0,738.0,424.0,6691.0,4177.0,5461.0,13842.0,224.62,3.0190764010306683,0.12421017231361899,0.0633687042295621,0.7648782274308734,0.06731275168223627,0.059715422056944245,0.007597329625292026,0
2223,Converse County,WY,56009,2020-06-30,223604.9634670976,2020,6,Converse,73806.0,224900.0,738.0,424.0,6691.0,4177.0,5461.0,13842.0,224.62,3.0296312422715985,0.12377744022695887,0.0633687042295621,0.7648782274308734,0.0642758081107806,0.059715422056944245,0.004560386053836352,0
2223,Converse County,WY,56009,2020-07-31,224564.25747053992,2020,7,Converse,73806.0,224900.0,738.0,424.0,6691.0,4177.0,5461.0,13842.0,224.62,3.042628749295991,0.12324868753270282,0.0633687042295621,0.7648782274308734,0.06275795493108327,0.059715422056944245,0.0030425328741390256,0
2223,Converse County,WY,56009,2020-08-31,225977.46874062312,2020,8,Converse,73806.0,224900.0,738.0,424.0,6691.0,4177.0,5461.0,13842.0,224.62,3.061776396778353,0.1224779185033174,0.0633687042295621,0.7648782274308734,0.06253276058809676,0.059715422056944245,0.0028173385311525134,0
2223,Converse County,WY,56009,2020-09-30,227912.9978041913,2020,9,Converse,73806.0,224900.0,738.0,424.0,6691.0,4177.0,5461.0,13842.0,224.62,3.088000945779358,0.1214377866407539,0.0633687042295621,0.7648782274308734,0.0666366897250319,0.059715422056944245,0.0069212676680876495,0
2223,Converse County,WY,56009,2020-10-31,229721.1948283627,2020,10,Converse,73806.0,224900.0,738.0,424.0,6691.0,4177.0,5461.0,13842.0,224.62,3.1125002686551593,0.12048191731145744,0.0633687042295621,0.7648782274308734,0.07100456287086243,0.059715422056944245,0.011289140813918186,0
2223,Converse County,WY,56009,2020-11-30,232038.41546282836,2020,11,Converse,73806.0,224900.0,738.0,424.0,6691.0,4177.0,5461.0,13842.0,224.62,3.143896369710164,0.11927874074124499,0.0633687042295621,0.7648782274308734,0.07776036828275656,0.059715422056944245,0.01804494622581232,0
2223,Converse County,WY,56009,2020-12-31,234172.9691724337,2020,12,Converse,73806.0,224900.0,738.0,424.0,6691.0,4177.0,5461.0,13842.0,224.62,3.172817510397985,0.11819148084346065,0.0633687042295621,0.7648782274308734,0.08129558104237344,0.059715422056944245,0.0215801589854292,0
2223,Converse County,WY,56009,2021-01-31,236257.6760040992,2021,1,Converse,73698.0,227200.0,785.0,281.0,6621.0,4512.0,5636.0,13702.0,235.59,3.2057542403335124,0.11697715167366873,0.04244071892463374,0.8005677785663591,0.08412510313973831,-0.0014632956670189712,0.08558839880675728,0
2223,Converse County,WY,56009,2021-02-28,238282.55632527132,2021,2,Converse,73698.0,227200.0,785.0,281.0,6621.0,4512.0,5636.0,13702.0,235.59,3.2332296171574715,0.11598310185271817,0.04244071892463374,0.8005677785663591,0.08606900302547116,-0.0014632956670189712,0.08753229869249013,0
2223,Converse County,WY,56009,2021-03-31,240424.51811278184,2021,3,Converse,73698.0,227200.0,785.0,281.0,6621.0,4512.0,5636.0,13702.0,235.59,3.2622936594314886,0.1149497988679996,0.04244071892463374,0.8005677785663591,0.0895106412458313,-0.0014632956670189712,0.09097393691285027,0
2223,Converse County,WY,56009,2021-04-30,242999.3806731342,2021,4,Converse,73698.0,227200.0,785.0,281.0,6621.0,4512.0,5636.0,13702.0,235.59,3.2972316843487506,0.11373177134626125,0.04244071892463374,0.8005677785663591,0.09473447896899523,-0.0014632956670189712,0.0961977746360142,0
2223,Converse County,WY,56009,2021-05-31,245541.0946404978,2021,5,Converse,73698.0,227200.0,785.0,281.0,6621.0,4512.0,5636.0,13702.0,235.59,3.33171991967893,0.11255447908002357,0.04244071892463374,0.8005677785663591,0.10194118546354347,-0.0014632956670189712,0.10340448113056244,0
2223,Converse County,WY,56009,2021-06-30,247819.7097643701,2021,6,Converse,73698.0,227200.0,785.0,281.0,6621.0,4512.0,5636.0,13702.0,235.59,3.3626381959397826,0.11151958020722945,0.04244071892463374,0.8005677785663591,0.10829252589840466,-0.0014632956670189712,0.10975582156542363,0
2223,Converse County,WY,56009,2021-07-31,249668.50832405264,2021,7,Converse,73698.0,227200.0,785.0,281.0,6621.0,4512.0,5636.0,13702.0,235.59,3.3877243388430167,0.11069377626163962,0.04244071892463374,0.8005677785663591,0.11179094632549047,-0.0014632956670189712,0.11325424199250944,0
2223,Converse County,WY,56009,2021-08-31,251256.4354384484,2021,8,Converse,73698.0,227200.0,785.0,281.0,6621.0,4512.0,5636.0,13702.0,235.59,3.4092707459964773,0.10999419756860444,0.04244071892463374,0.8005677785663591,0.11186498741978768,-0.0014632956670189712,0.11332828308680665,0
2223,Converse County,WY,56009,2021-09-30,252595.27201638385,2021,9,Converse,73698.0,227200.0,785.0,281.0,6621.0,4512.0,5636.0,13702.0,235.59,3.4274372712473045,0.10941119277247366,0.04244071892463374,0.8005677785663591,0.10829691351520898,-0.0014632956670189712,0.10976020918222795,0
2223,Converse County,WY,56009,2021-10-31,254429.172564552,2021,10,Converse,73698.0,227200.0,785.0,281.0,6621.0,4512.0,5636.0,13702.0,235.59,3.4523212646822437,0.10862256761452224,0.04244071892463374,0.8005677785663591,0.10755636960120274,-0.0014632956670189712,0.10901966526822171,0
2223,Converse County,WY,56009,2021-11-30,256926.12289443976,2021,11,Converse,73698.0,227200.0,785.0,281.0,6621.0,4512.0,5636.0,13702.0,235.59,3.4862021071730545,0.10756691335491327,0.04244071892463374,0.8005677785663591,0.1072568409932031,-0.0014632956670189712,0.10872013666022207,0
2223,Converse County,WY,56009,2021-12-31,260032.8959872782,2021,12,Converse,73698.0,227200.0,785.0,281.0,6621.0,4512.0,5636.0,13702.0,235.59,3.5283575671969145,0.10628174521946673,0.04244071892463374,0.8005677785663591,0.11043087896196302,-0.0014632956670189712,0.11189417462898199,0
2223,Converse County,WY,56009,2022-01-31,263021.183395173,2022,1,Converse,79235.0,251700.0,928.0,209.0,6623.0,4554.0,5656.0,13729.0,260.08,3.3195075837088788,0.11296856251824354,0.031556696361165634,0.8051626591230552,0.1132810067538692,0.07513093978126961,0.038150066972599594,0
2223,Converse County,WY,56009,2022-02-28,265105.13324675144,2022,2,Converse,79235.0,251700.0,928.0,209.0,6623.0,4554.0,5656.0,13729.0,260.08,3.3458084589733255,0.11208053437556022,0.031556696361165634,0.8051626591230552,0.11256626307494177,0.07513093978126961,0.03743532329367216,0
2223,Converse County,WY,56009,2022-03-31,266847.7843447574,2022,3,Converse,79235.0,251700.0,928.0,209.0,6623.0,4554.0,5656.0,13729.0,260.08,3.3678019100745553,0.11134859175600931,0.031556696361165634,0.8051626591230552,0.10990254421381662,0.07513093978126961,0.03477160443254701,0
2223,Converse County,WY,56009,2022-04-30,268397.00917926297,2022,4,Converse,79235.0,251700.0,928.0,209.0,6623.0,4554.0,5656.0,13729.0,260.08,3.3873541891747707,0.11070587221094753,0.031556696361165634,0.8051626591230552,0.10451725611717455,0.07513093978126961,0.02938631633590494,0
2223,Converse County,WY,56009,2022-05-31,269777.41934484366,2022,5,Converse,79235.0,251700.0,928.0,209.0,6623.0,4554.0,5656.0,13729.0,260.08,3.4047759114639193,0.11013940704214063,0.031556696361165634,0.8051626591230552,0.09870577770222466,0.07513093978126961,0.02357483792095505,0
2223,Converse County,WY,56009,2022-06-30,271781.4319552043,2022,6,Converse,79235.0,251700.0,928.0,209.0,6623.0,4554.0,5656.0,13729.0,260.08,3.4300679239629495,0.10932728106641733,0.031556696361165634,0.8051626591230552,0.09669013902734869,0.07513093978126961,0.021559199246079075,0
2223,Converse County,WY,56009,2022-07-31,273682.4426430895,2022,7,Converse,79235.0,251700.0,928.0,209.0,6623.0,4554.0,5656.0,13729.0,260.08,3.454059981612791,0.10856788880223865,0.031556696361165634,0.8051626591230552,0.09618327309373131,0.07513093978126961,0.021052333312461702,0
2223,Converse County,WY,56009,2022-08-31,275326.2341874381,2022,8,Converse,79235.0,251700.0,928.0,209.0,6623.0,4554.0,5656.0,13729.0,260.08,3.4748057573980953,0.10791970146866475,0.031556696361165634,0.8051626591230552,0.09579774029265087,0.07513093978126961,0.020666800511381256,0
2223,Converse County,WY,56009,2022-09-30,275775.49336864566,2022,9,Converse,79235.0,251700.0,928.0,209.0,6623.0,4554.0,5656.0,13729.0,260.08,3.4804757161436948,0.10774389209515683,0.031556696361165634,0.8051626591230552,0.0917682313181154,0.07513093978126961,0.01663729153684579,0
2223,Converse County,WY,56009,2022-10-31,276295.5817358689,2022,10,Converse,79235.0,251700.0,928.0,209.0,6623.0,4554.0,5656.0,13729.0,260.08,3.4870395877562803,0.10754107906222309,0.031556696361165634,0.8051626591230552,0.08594301097987933,0.07513093978126961,0.010812071198609718,0
2223,Converse County,WY,56009,2022-11-30,276731.73261055065,2022,11,Converse,79235.0,251700.0,928.0,209.0,6623.0,4554.0,5656.0,13729.0,260.08,3.4925441106903596,0.10737158590271174,0.031556696361165634,0.8051626591230552,0.07708678857948659,0.07513093978126961,0.0019558487982169748,0
2223,Converse County,WY,56009,2022-12-31,276979.6605473782,2022,12,Converse,79235.0,251700.0,928.0,209.0,6623.0,4554.0,5656.0,13729.0,260.08,3.4956731311589344,0.10727547626161338,0.031556696361165634,0.8051626591230552,0.06517161798224591,0.07513093978126961,-0.009959321799023702,0
2223,Converse County,WY,56009,2023-01-31,276696.2740011806,2023,1,Converse,79164.0,269700.0,930.0,290.0,6643.0,4469.0,5707.0,13759.0,265.2,3.4952285635033675,0.10728912092207406,0.043654975161824476,0.7830734186087261,0.05199235449207773,-0.0008960686565280263,0.05288842314860576,0
2223,Converse County,WY,56009,2023-02-28,275663.63196718507,2023,2,Converse,79164.0,269700.0,930.0,290.0,6643.0,4469.0,5707.0,13759.0,265.2,3.482184224738329,0.10769102833098373,0.043654975161824476,0.7830734186087261,0.039827590628379594,-0.0008960686565280263,0.04072365928490762,0
2223,Converse County,WY,56009,2023-03-31,274838.7064286959,2023,3,Converse,79164.0,269700.0,930.0,290.0,6643.0,4469.0,5707.0,13759.0,265.2,3.4717637616681305,0.10801426184015993,0.043654975161824476,0.7830734186087261,0.029945619011078284,-0.0008960686565280263,0.03084168766760631,0
2223,Converse County,WY,56009,2023-04-30,274141.29898498725,2023,4,Converse,79164.0,269700.0,930.0,290.0,6643.0,4469.0,5707.0,13759.0,265.2,3.462954107738205,0.10828904696196728,0.043654975161824476,0.7830734186087261,0.021402212428856426,-0.0008960686565280263,0.022298281085384453,0
2223,Converse County,WY,56009,2023-05-31,274244.9564017009,2023,5,Converse,79164.0,269700.0,930.0,290.0,6643.0,4469.0,5707.0,13759.0,265.2,3.464263508687041,0.10824811653606725,0.043654975161824476,0.7830734186087261,0.01656008522769148,-0.0008960686565280263,0.017456153884219505,0
2223,Converse County,WY,56009,2023-06-30,274922.891099999,2023,6,Converse,79164.0,269700.0,930.0,290.0,6643.0,4469.0,5707.0,13759.0,265.2,3.472827182810356,0.1079811865837028,0.043654975161824476,0.7830734186087261,0.011558770303750965,-0.0008960686565280263,0.012454838960278991,0
2223,Converse County,WY,56009,2023-07-31,275944.45282730856,2023,7,Converse,79164.0,269700.0,930.0,290.0,6643.0,4469.0,5707.0,13759.0,265.2,3.485731555092069,0.1075814342192209,0.043654975161824476,0.7830734186087261,0.00826509060052838,-0.0008960686565280263,0.009161159257056406,0
2223,Converse County,WY,56009,2023-08-31,278073.9629616022,2023,8,Converse,79164.0,269700.0,930.0,290.0,6643.0,4469.0,5707.0,13759.0,265.2,3.51263153657726,0.10675756796438814,0.043654975161824476,0.7830734186087261,0.009979901778242706,-0.0008960686565280263,0.010875970434770732,0
2223,Converse County,WY,56009,2023-09-30,280074.7266040831,2023,9,Converse,79164.0,269700.0,930.0,290.0,6643.0,4469.0,5707.0,13759.0,265.2,3.537905191805405,0.10599492628253167,0.043654975161824476,0.7830734186087261,0.015589613068665242,-0.0008960686565280263,0.01648568172519327,0
2223,Converse County,WY,56009,2023-10-31,281969.24913007667,2023,10,Converse,79164.0,269700.0,930.0,290.0,6643.0,4469.0,5707.0,13759.0,265.2,3.5618368087776853,0.105282757221179,0.043654975161824476,0.7830734186087261,0.020534774239103326,-0.0008960686565280263,0.021430842895631352,0
2223,Converse County,WY,56009,2023-11-30,282800.01450975845,2023,11,Converse,79164.0,269700.0,930.0,290.0,6643.0,4469.0,5707.0,13759.0,265.2,3.572331040747795,0.10497347410488064,0.043654975161824476,0.7830734186087261,0.02192839195549645,-0.0008960686565280263,0.022824460612024478,0
2223,Converse County,WY,56009,2023-12-31,283393.377315783,2023,12,Converse,79164.0,269700.0,930.0,290.0,6643.0,4469.0,5707.0,13759.0,265.2,3.5798264023518644,0.10475368295893721,0.043654975161824476,0.7830734186087261,0.02315591244400328,-0.0008960686565280263,0.024051981100531306,0
463,Crook County,WY,56011,2014-01-31,211089.48149871887,2014,1,Crook,58795.0,188100.0,726.0,340.0,3590.0,2338.0,2974.0,7155.0,178.48,3.5902624627726656,0.10444918829427231,0.0947075208913649,0.7861466039004708,,,,0
463,Crook County,WY,56011,2014-02-28,210438.77809274523,2014,2,Crook,58795.0,188100.0,726.0,340.0,3590.0,2338.0,2974.0,7155.0,178.48,3.57919513721822,0.10477215843879725,0.0947075208913649,0.7861466039004708,,,,0
463,Crook County,WY,56011,2014-03-31,209970.1472376436,2014,3,Crook,58795.0,188100.0,726.0,340.0,3590.0,2338.0,2974.0,7155.0,178.48,3.5712245469452095,0.10500599866249555,0.0947075208913649,0.7861466039004708,,,,0
463,Crook County,WY,56011,2014-04-30,209283.19642359656,2014,4,Crook,58795.0,188100.0,726.0,340.0,3590.0,2338.0,2974.0,7155.0,178.48,3.5595407164486192,0.10535067017694921,0.0947075208913649,0.7861466039004708,,,,0
463,Crook County,WY,56011,2014-05-31,209288.5306371424,2014,5,Crook,58795.0,188100.0,726.0,340.0,3590.0,2338.0,2974.0,7155.0,178.48,3.5596314420808297,0.10534798506577657,0.0947075208913649,0.7861466039004708,,,,0
463,Crook County,WY,56011,2014-06-30,209512.00976053983,2014,6,Crook,58795.0,188100.0,726.0,340.0,3590.0,2338.0,2974.0,7155.0,178.48,3.5634324306580463,0.10523561405954597,0.0947075208913649,0.7861466039004708,,,,0
463,Crook County,WY,56011,2014-07-31,210615.40527076757,2014,7,Crook,58795.0,188100.0,726.0,340.0,3590.0,2338.0,2974.0,7155.0,178.48,3.582199256242326,0.10468429397011528,0.0947075208913649,0.7861466039004708,,,,0
463,Crook County,WY,56011,2014-08-31,212062.5262252584,2014,8,Crook,58795.0,188100.0,726.0,340.0,3590.0,2338.0,2974.0,7155.0,178.48,3.6068122497705315,0.10396992525015901,0.0947075208913649,0.7861466039004708,,,,0
463,Crook County,WY,56011,2014-09-30,213290.4943479135,2014,9,Crook,58795.0,188100.0,726.0,340.0,3590.0,2338.0,2974.0,7155.0,178.48,3.627697837365652,0.10337134370383948,0.0947075208913649,0.7861466039004708,,,,0
463,Crook County,WY,56011,2014-10-31,214308.2457069571,2014,10,Crook,58795.0,188100.0,726.0,340.0,3590.0,2338.0,2974.0,7155.0,178.48,3.6450080059011327,0.1028804324689792,0.0947075208913649,0.7861466039004708,,,,0
463,Crook County,WY,56011,2014-11-30,214464.55791356135,2014,11,Crook,58795.0,188100.0,726.0,340.0,3590.0,2338.0,2974.0,7155.0,178.48,3.647666602832917,0.10280544820317752,0.0947075208913649,0.7861466039004708,,,,0
463,Crook County,WY,56011,2014-12-31,214877.87755751383,2014,12,Crook,58795.0,188100.0,726.0,340.0,3590.0,2338.0,2974.0,7155.0,178.48,3.6546964462541682,0.10260770094445221,0.0947075208913649,0.7861466039004708,,,,0
463,Crook County,WY,56011,2015-01-31,215874.60922083555,2015,1,Crook,60445.0,205800.0,743.0,305.0,3587.0,2317.0,2958.0,7229.0,190.48,3.571422106391522,0.10500019007243332,0.0850292723724561,0.7832995267072346,0.022668717020585927,0.028063610851262855,-0.005394893830676928,0
463,Crook County,WY,56011,2015-02-28,217773.07530074552,2015,2,Crook,60445.0,205800.0,743.0,305.0,3587.0,2317.0,2958.0,7229.0,190.48,3.602830263888585,0.10408483679030087,0.0850292723724561,0.7832995267072346,0.03485240350886243,0.028063610851262855,0.006788792657599574,0
463,Crook County,WY,56011,2015-03-31,220104.6082974315,2015,3,Crook,60445.0,205800.0,743.0,305.0,3587.0,2317.0,2958.0,7229.0,190.48,3.6414030655543304,0.1029822827215404,0.0850292723724561,0.7832995267072346,0.04826619971036994,0.028063610851262855,0.020202588859107085,0
463,Crook County,WY,56011,2015-04-30,221970.94791633004,2015,4,Crook,60445.0,205800.0,743.0,305.0,3587.0,2317.0,2958.0,7229.0,190.48,3.6722797239859384,0.10211640402844104,0.0850292723724561,0.7832995267072346,0.06062479792717346,0.028063610851262855,0.0325611870759106,0
463,Crook County,WY,56011,2015-05-31,223557.07816184964,2015,5,Crook,60445.0,205800.0,743.0,305.0,3587.0,2317.0,2958.0,7229.0,190.48,3.6985206081867754,0.10139189144165571,0.0850292723724561,0.7832995267072346,0.06817644273801893,0.028063610851262855,0.04011283188675607,0
463,Crook County,WY,56011,2015-06-30,224945.61091562035,2015,6,Crook,60445.0,205800.0,743.0,305.0,3587.0,2317.0,2958.0,7229.0,190.48,3.721492446283735,0.10076602476365988,0.0850292723724561,0.7832995267072346,0.07366451771772042,0.028063610851262855,0.04560090686645757,0
463,Crook County,WY,56011,2015-07-31,226580.7325197837,2015,7,Crook,60445.0,205800.0,743.0,305.0,3587.0,2317.0,2958.0,7229.0,190.48,3.7485438418361103,0.10003884596860353,0.0850292723724561,0.7832995267072346,0.07580322639975479,0.028063610851262855,0.04773961554849193,0
463,Crook County,WY,56011,2015-08-31,228792.36794037517,2015,8,Crook,60445.0,205800.0,743.0,305.0,3587.0,2317.0,2958.0,7229.0,190.48,3.7851330621287977,0.09907181434438031,0.0850292723724561,0.7832995267072346,0.07889107997018718,0.028063610851262855,0.05082746911892433,0
463,Crook County,WY,56011,2015-09-30,231338.83218123455,2015,9,Crook,60445.0,205800.0,743.0,305.0,3587.0,2317.0,2958.0,7229.0,190.48,3.8272616789020524,0.09798128047193738,0.0850292723724561,0.7832995267072346,0.08461857565898412,0.028063610851262855,0.056554964807721264,0
463,Crook County,WY,56011,2015-10-31,233694.05858843937,2015,10,Crook,60445.0,205800.0,743.0,305.0,3587.0,2317.0,2958.0,7229.0,190.48,3.866226463536097,0.09699380094176391,0.0850292723724561,0.7832995267072346,0.09045761546660325,0.028063610851262855,0.06239400461534039,0
463,Crook County,WY,56011,2015-11-30,235231.2592837776,2015,11,Crook,60445.0,205800.0,743.0,305.0,3587.0,2317.0,2958.0,7229.0,190.48,3.89165785894247,0.0963599611251292,0.0850292723724561,0.7832995267072346,0.09683045801248946,0.028063610851262855,0.06876684716122661,0
463,Crook County,WY,56011,2015-12-31,236089.16985889495,2015,12,Crook,60445.0,205800.0,743.0,305.0,3587.0,2317.0,2958.0,7229.0,190.48,3.9058511019752657,0.09600980431905227,0.0850292723724561,0.7832995267072346,0.09871324373866153,0.028063610851262855,0.07064963288739867,0
463,Crook County,WY,56011,2016-01-31,236546.22792825935,2016,1,Crook,60307.0,217500.0,736.0,242.0,3573.0,2348.0,2976.0,7284.0,201.53,3.922367684153736,0.09560551947105578,0.06773019871256647,0.7889784946236559,0.09575752693674655,-0.0022830672512200723,0.09804059418796662,0
463,Crook County,WY,56011,2016-02-29,237119.610601778,2016,2,Crook,60307.0,217500.0,736.0,242.0,3573.0,2348.0,2976.0,7284.0,201.53,3.931875414160512,0.09537433425521331,0.06773019871256647,0.7889784946236559,0.0888380497649437,-0.0022830672512200723,0.09112111701616377,0
463,Crook County,WY,56011,2016-03-31,237374.32863959327,2016,3,Crook,60307.0,217500.0,736.0,242.0,3573.0,2348.0,2976.0,7284.0,201.53,3.936099103579904,0.09527199141376683,0.06773019871256647,0.7889784946236559,0.07846142102951736,-0.0022830672512200723,0.08074448828073744,0
463,Crook County,WY,56011,2016-04-30,237274.9155588187,2016,4,Crook,60307.0,217500.0,736.0,242.0,3573.0,2348.0,2976.0,7284.0,201.53,3.9344506534700567,0.09531190832683649,0.06773019871256647,0.7889784946236559,0.06894581379297149,-0.0022830672512200723,0.07122888104419156,0
463,Crook County,WY,56011,2016-05-31,236724.18183053847,2016,5,Crook,60307.0,217500.0,736.0,242.0,3573.0,2348.0,2976.0,7284.0,201.53,3.925318484264488,0.09553364943590459,0.06773019871256647,0.7889784946236559,0.05889817391134522,-0.0022830672512200723,0.06118124116256529,0
463,Crook County,WY,56011,2016-06-30,236607.36823305933,2016,6,Crook,60307.0,217500.0,736.0,242.0,3573.0,2348.0,2976.0,7284.0,201.53,3.923381501866439,0.09558081461657608,0.06773019871256647,0.7889784946236559,0.0518425643868794,-0.0022830672512200723,0.05412563163809947,0
463,Crook County,WY,56011,2016-07-31,236713.50609303857,2016,7,Crook,60307.0,217500.0,736.0,242.0,3573.0,2348.0,2976.0,7284.0,201.53,3.92514146107481,0.09553795798669502,0.06773019871256647,0.7889784946236559,0.04472036726410589,-0.0022830672512200723,0.04700343451532596,0
463,Crook County,WY,56011,2016-08-31,236949.9800718593,2016,8,Crook,60307.0,217500.0,736.0,242.0,3573.0,2348.0,2976.0,7284.0,201.53,3.92906263073705,0.0954426119518624,0.06773019871256647,0.7889784946236559,0.03565508851943022,-0.0022830672512200723,0.037938155770650295,0
463,Crook County,WY,56011,2016-09-30,236817.01899484545,2016,9,Crook,60307.0,217500.0,736.0,242.0,3573.0,2348.0,2976.0,7284.0,201.53,3.92685789369137,0.0954961982715112,0.06773019871256647,0.7889784946236559,0.023680359937665818,-0.0022830672512200723,0.02596342718888589,0
463,Crook County,WY,56011,2016-10-31,236331.18011852432,2016,10,Crook,60307.0,217500.0,736.0,242.0,3573.0,2348.0,2976.0,7284.0,201.53,3.9188017994349633,0.09569251500651799,0.06773019871256647,0.7889784946236559,0.011284503962204706,-0.0022830672512200723,0.013567571213424778,0
463,Crook County,WY,56011,2016-11-30,235779.7150116676,2016,11,Crook,60307.0,217500.0,736.0,242.0,3573.0,2348.0,2976.0,7284.0,201.53,3.909657502639289,0.09591633020203151,0.06773019871256647,0.7889784946236559,0.002331559715149867,-0.0022830672512200723,0.004614626966369939,0
463,Crook County,WY,56011,2016-12-31,235604.38689187952,2016,12,Crook,60307.0,217500.0,736.0,242.0,3573.0,2348.0,2976.0,7284.0,201.53,3.906750242789055,0.09598770760740645,0.06773019871256647,0.7889784946236559,-0.0020533892651881658,-0.0022830672512200723,0.00022967798603190648,0
463,Crook County,WY,56011,2017-01-31,236266.62665022875,2017,1,Crook,66944.0,219000.0,759.0,278.0,3637.0,2388.0,3010.0,7347.0,202.31,3.529317439206333,0.10625283966645102,0.0764366235908716,0.7933554817275748,-0.0011820153738211214,0.11005355928830807,-0.11123557466212919,0
463,Crook County,WY,56011,2017-02-28,237670.2706199285,2017,2,Crook,66944.0,219000.0,759.0,278.0,3637.0,2388.0,3010.0,7347.0,202.31,3.550284874222163,0.10562532677949098,0.0764366235908716,0.7933554817275748,0.002322287965778047,0.11005355928830807,-0.10773127132253002,0
463,Crook County,WY,56011,2017-03-31,238856.66378625983,2017,3,Crook,66944.0,219000.0,759.0,278.0,3637.0,2388.0,3010.0,7347.0,202.31,3.5680070474763954,0.10510068926720101,0.0764366235908716,0.7933554817275748,0.006244715488662678,0.11005355928830807,-0.10380884379964539,0
463,Crook County,WY,56011,2017-04-30,240071.4519966143,2017,4,Crook,66944.0,219000.0,759.0,278.0,3637.0,2388.0,3010.0,7347.0,202.31,3.5861533818805915,0.10456886810662534,0.0764366235908716,0.7933554817275748,0.011786060196078196,0.11005355928830807,-0.09826749909222987,0
463,Crook County,WY,56011,2017-05-31,240625.1668621401,2017,5,Crook,66944.0,219000.0,759.0,278.0,3637.0,2388.0,3010.0,7347.0,202.31,3.5944246961959263,0.10432823934157594,0.0764366235908716,0.7933554817275748,0.016479030580805576,0.11005355928830807,-0.09357452870750249,0
463,Crook County,WY,56011,2017-06-30,240563.40657282548,2017,6,Crook,66944.0,219000.0,759.0,278.0,3637.0,2388.0,3010.0,7347.0,202.31,3.5935021297326943,0.1043550237238609,0.0764366235908716,0.7933554817275748,0.01671984422678441,0.11005355928830807,-0.09333371506152366,0
463,Crook County,WY,56011,2017-07-31,239469.81947457287,2017,7,Crook,66944.0,219000.0,759.0,278.0,3637.0,2388.0,3010.0,7347.0,202.31,3.5771662803921616,0.10483158192995409,0.0764366235908716,0.7933554817275748,0.01164409005226319,0.11005355928830807,-0.09840946923604488,0
463,Crook County,WY,56011,2017-08-31,238057.27154581447,2017,8,Crook,66944.0,219000.0,759.0,278.0,3637.0,2388.0,3010.0,7347.0,202.31,3.5560658392957465,0.10545361558161309,0.0764366235908716,0.7933554817275748,0.0046731022033399405,0.11005355928830807,-0.10538045708496813,0
463,Crook County,WY,56011,2017-09-30,236885.44487421727,2017,9,Crook,66944.0,219000.0,759.0,278.0,3637.0,2388.0,3010.0,7347.0,202.31,3.5385612582788193,0.10597527430750277,0.0764366235908716,0.7933554817275748,0.00028893987291223056,0.11005355928830807,-0.10976461941539584,0
463,Crook County,WY,56011,2017-10-31,235948.62173502392,2017,10,Crook,66944.0,219000.0,759.0,278.0,3637.0,2388.0,3010.0,7347.0,202.31,3.5245671267779626,0.10639604425489041,0.0764366235908716,0.7933554817275748,-0.0016187385147763411,0.11005355928830807,-0.11167229780308441,0
463,Crook County,WY,56011,2017-11-30,235488.61838462777,2017,11,Crook,66944.0,219000.0,759.0,278.0,3637.0,2388.0,3010.0,7347.0,202.31,3.5176956618162607,0.10660387823498624,0.0764366235908716,0.7933554817275748,-0.0012346126850879546,0.11005355928830807,-0.11128817197339602,0
463,Crook County,WY,56011,2017-12-31,235529.63006855463,2017,12,Crook,66944.0,219000.0,759.0,278.0,3637.0,2388.0,3010.0,7347.0,202.31,3.51830828854796,0.10658531579526993,0.0764366235908716,0.7933554817275748,-0.00031729809580838264,0.11005355928830807,-0.11037085738411645,0
463,Crook County,WY,56011,2018-01-31,235994.27491163756,2018,1,Crook,64055.0,220200.0,792.0,309.0,3650.0,2448.0,2924.0,7410.0,206.99,3.684244397964836,0.10178477850360543,0.08465753424657534,0.8372093023255814,-0.001152730465798557,-0.0431554732313576,0.04200274276555904,0
463,Crook County,WY,56011,2018-02-28,236215.3056514146,2018,2,Crook,64055.0,220200.0,792.0,309.0,3650.0,2448.0,2924.0,7410.0,206.99,3.6876950378801747,0.10168953672903604,0.08465753424657534,0.8372093023255814,-0.0061217794077434995,-0.0431554732313576,0.0370336938236141,0
463,Crook County,WY,56011,2018-03-31,236940.11891676055,2018,3,Crook,64055.0,220200.0,792.0,309.0,3650.0,2448.0,2924.0,7410.0,206.99,3.6990105209079784,0.10137846266734882,0.08465753424657534,0.8372093023255814,-0.00802382834591664,-0.0431554732313576,0.03513164488544096,0
463,Crook County,WY,56011,2018-04-30,237530.4952928304,2018,4,Crook,64055.0,220200.0,792.0,309.0,3650.0,2448.0,2924.0,7410.0,206.99,3.708227231173685,0.10112648891834747,0.08465753424657534,0.8372093023255814,-0.010584168515878956,-0.0431554732313576,0.032571304715478644,0
463,Crook County,WY,56011,2018-05-31,238109.0691876074,2018,5,Crook,64055.0,220200.0,792.0,309.0,3650.0,2448.0,2924.0,7410.0,206.99,3.7172596860136977,0.10088076477706114,0.08465753424657534,0.8372093023255814,-0.010456502565146075,-0.0431554732313576,0.032698970666211524,0
463,Crook County,WY,56011,2018-06-30,238042.99626816544,2018,6,Crook,64055.0,220200.0,792.0,309.0,3650.0,2448.0,2924.0,7410.0,206.99,3.7162281830952377,0.10090876596486693,0.08465753424657534,0.8372093023255814,-0.010477114290019962,-0.0431554732313576,0.03267835894133764,0
463,Crook County,WY,56011,2018-07-31,238675.1746856577,2018,7,Crook,64055.0,220200.0,792.0,309.0,3650.0,2448.0,2924.0,7410.0,206.99,3.72609748943342,0.10064148913533164,0.08465753424657534,0.8372093023255814,-0.0033183504738039105,-0.0431554732313576,0.03983712275755369,0
463,Crook County,WY,56011,2018-08-31,239828.2585973093,2018,8,Crook,64055.0,220200.0,792.0,309.0,3650.0,2448.0,2924.0,7410.0,206.99,3.7440989555430377,0.10015760920122652,0.08465753424657534,0.8372093023255814,0.007439331888478007,-0.0431554732313576,0.050594805119835606,0
463,Crook County,WY,56011,2018-09-30,241776.1782396029,2018,9,Crook,64055.0,220200.0,792.0,309.0,3650.0,2448.0,2924.0,7410.0,206.99,3.7745090662649736,0.09935066876685962,0.08465753424657534,0.8372093023255814,0.02064598510044613,-0.0431554732313576,0.06380145833180373,0
463,Crook County,WY,56011,2018-10-31,242978.83515547015,2018,10,Crook,64055.0,220200.0,792.0,309.0,3650.0,2448.0,2924.0,7410.0,206.99,3.7932844454838834,0.0988589190685287,0.08465753424657534,0.8372093023255814,0.02979552653772788,-0.0431554732313576,0.07295099976908548,0
463,Crook County,WY,56011,2018-11-30,243951.91958372164,2018,11,Crook,64055.0,220200.0,792.0,309.0,3650.0,2448.0,2924.0,7410.0,206.99,3.8084758345753125,0.09846458696036775,0.08465753424657534,0.8372093023255814,0.035939321641738964,-0.0431554732313576,0.07909479487309656,0
463,Crook County,WY,56011,2018-12-31,244229.59206211488,2018,12,Crook,64055.0,220200.0,792.0,309.0,3650.0,2448.0,2924.0,7410.0,206.99,3.8128107417393626,0.09835263940452735,0.08465753424657534,0.8372093023255814,0.03693786633566232,-0.0431554732313576,0.08009333956701992,0
463,Crook County,WY,56011,2019-01-31,244379.5312060805,2019,1,Crook,65132.0,225300.0,798.0,308.0,3656.0,2387.0,2919.0,7472.0,217.97,3.752065516275878,0.0999449498878173,0.08424507658643327,0.8177458033573142,0.03553160896628782,0.016813675747404666,0.018717933218883154,0
463,Crook County,WY,56011,2019-02-28,244056.90945016517,2019,2,Crook,65132.0,225300.0,798.0,308.0,3656.0,2387.0,2919.0,7472.0,217.97,3.7471121637622855,0.10007706831585246,0.08424507658643327,0.8177458033573142,0.03319684885416585,0.016813675747404666,0.016383173106761184,0
463,Crook County,WY,56011,2019-03-31,244142.82713940533,2019,3,Crook,65132.0,225300.0,798.0,308.0,3656.0,2387.0,2919.0,7472.0,217.97,3.7484312955138077,0.10004184962621748,0.08424507658643327,0.8177458033573142,0.030398854594882563,0.016813675747404666,0.013585178847477897,0
463,Crook County,WY,56011,2019-04-30,244425.954317417,2019,4,Crook,65132.0,225300.0,798.0,308.0,3656.0,2387.0,2919.0,7472.0,217.97,3.7527782705493,0.09992596763386999,0.08424507658643327,0.8177458033573142,0.029029784222382782,0.016813675747404666,0.012216108474978116,0
463,Crook County,WY,56011,2019-05-31,245153.80960642165,2019,5,Crook,65132.0,225300.0,798.0,308.0,3656.0,2387.0,2919.0,7472.0,217.97,3.763953350218351,0.09962929003310994,0.08424507658643327,0.8177458033573142,0.029586191079784774,0.016813675747404666,0.012772515332380108,0
463,Crook County,WY,56011,2019-06-30,246328.53769516785,2019,6,Crook,65132.0,225300.0,798.0,308.0,3656.0,2387.0,2919.0,7472.0,217.97,3.781989462862615,0.0991541630885877,0.08424507658643327,0.8177458033573142,0.034806911175275124,0.016813675747404666,0.017993235427870458,0
463,Crook County,WY,56011,2019-07-31,247820.75274153272,2019,7,Crook,65132.0,225300.0,798.0,308.0,3656.0,2387.0,2919.0,7472.0,217.97,3.804900091222943,0.09855712134598263,0.08424507658643327,0.8177458033573142,0.038318095159750154,0.016813675747404666,0.021504419412345488,0
463,Crook County,WY,56011,2019-08-31,249804.79316037844,2019,8,Crook,65132.0,225300.0,798.0,308.0,3656.0,2387.0,2919.0,7472.0,217.97,3.8353619290115217,0.09777434488344304,0.08424507658643327,0.8177458033573142,0.04159866156481806,0.016813675747404666,0.024784985817413396,0
463,Crook County,WY,56011,2019-09-30,251199.26866747616,2019,9,Crook,65132.0,225300.0,798.0,308.0,3656.0,2387.0,2919.0,7472.0,217.97,3.856771919601366,0.09723157288460028,0.08424507658643327,0.8177458033573142,0.03897443700402481,0.016813675747404666,0.022160761256620143,0
463,Crook County,WY,56011,2019-10-31,252817.76703546903,2019,10,Crook,65132.0,225300.0,798.0,308.0,3656.0,2387.0,2919.0,7472.0,217.97,3.8816214308706787,0.0966091121142343,0.08424507658643327,0.8177458033573142,0.040492958465717654,0.016813675747404666,0.02367928271831299,0
463,Crook County,WY,56011,2019-11-30,254409.20147703143,2019,11,Crook,65132.0,225300.0,798.0,308.0,3656.0,2387.0,2919.0,7472.0,217.97,3.9060554178749527,0.0960047822885254,0.08424507658643327,0.8177458033573142,0.042866159492223055,0.016813675747404666,0.02605248374481839,0
463,Crook County,WY,56011,2019-12-31,256480.3516584999,2019,12,Crook,65132.0,225300.0,798.0,308.0,3656.0,2387.0,2919.0,7472.0,217.97,3.937854689837559,0.09522951696713551,0.08424507658643327,0.8177458033573142,0.050160832243740794,0.016813675747404666,0.03334715649633613,0
463,Crook County,WY,56011,2020-01-31,258131.3493026646,2020,1,Crook,66898.0,239300.0,688.0,349.0,3662.0,2241.0,2826.0,7502.0,219.03,3.8585809635962898,0.09718598716417524,0.09530311305297652,0.7929936305732485,0.0562723810325485,0.02711416815083223,0.029158212881716272,0
463,Crook County,WY,56011,2020-02-29,259081.36967177028,2020,2,Crook,66898.0,239300.0,688.0,349.0,3662.0,2241.0,2826.0,7502.0,219.03,3.872781991565821,0.09682961778294732,0.09530311305297652,0.7929936305732485,0.06156129836870283,0.02711416815083223,0.0344471302178706,0
463,Crook County,WY,56011,2020-03-31,259680.78571833775,2020,3,Crook,66898.0,239300.0,688.0,349.0,3662.0,2241.0,2826.0,7502.0,219.03,3.8817421405473667,0.0966061078820452,0.09530311305297652,0.7929936305732485,0.06364290428266517,0.02711416815083223,0.03652873613183294,0
463,Crook County,WY,56011,2020-04-30,260624.9983847985,2020,4,Crook,66898.0,239300.0,688.0,349.0,3662.0,2241.0,2826.0,7502.0,219.03,3.895856354222824,0.09625611570445282,0.09530311305297652,0.7929936305732485,0.06627382968645401,0.02711416815083223,0.03915966153562178,0
463,Crook County,WY,56011,2020-05-31,261495.6985525052,2020,5,Crook,66898.0,239300.0,688.0,349.0,3662.0,2241.0,2826.0,7502.0,219.03,3.9088716935110943,0.09593561247418714,0.09530311305297652,0.7929936305732485,0.06665973893010024,0.02711416815083223,0.03954557077926801,0
463,Crook County,WY,56011,2020-06-30,262074.70489851493,2020,6,Crook,66898.0,239300.0,688.0,349.0,3662.0,2241.0,2826.0,7502.0,219.03,3.9175267556356683,0.09572366020488135,0.09530311305297652,0.7929936305732485,0.06392343879714413,0.02711416815083223,0.0368092706463119,0
463,Crook County,WY,56011,2020-07-31,263051.5391304987,2020,7,Crook,66898.0,239300.0,688.0,349.0,3662.0,2241.0,2826.0,7502.0,219.03,3.9321286007130065,0.09536819317964366,0.09530311305297652,0.7929936305732485,0.06145888195590743,0.02711416815083223,0.0343447138050752,0
463,Crook County,WY,56011,2020-08-31,265250.21035830147,2020,8,Crook,66898.0,239300.0,688.0,349.0,3662.0,2241.0,2826.0,7502.0,219.03,3.9649946240291407,0.09457768182770779,0.09530311305297652,0.7929936305732485,0.06182994730612257,0.02711416815083223,0.03471577915529034,0
463,Crook County,WY,56011,2020-09-30,268927.0495652991,2020,9,Crook,66898.0,239300.0,688.0,349.0,3662.0,2241.0,2826.0,7502.0,219.03,4.019956494443767,0.09328459164130529,0.09530311305297652,0.7929936305732485,0.07057258164748093,0.02711416815083223,0.043458413496648696,0
463,Crook County,WY,56011,2020-10-31,272625.8634793544,2020,10,Crook,66898.0,239300.0,688.0,349.0,3662.0,2241.0,2826.0,7502.0,219.03,4.075246845635959,0.09201896577174813,0.09530311305297652,0.7929936305732485,0.07834930541533658,0.02711416815083223,0.05123513726450435,0
463,Crook County,WY,56011,2020-11-30,276982.7033191137,2020,11,Crook,66898.0,239300.0,688.0,349.0,3662.0,2241.0,2826.0,7502.0,219.03,4.140373453901667,0.09057154002536172,0.09530311305297652,0.7929936305732485,0.08872910928939115,0.02711416815083223,0.06161494113855892,0
463,Crook County,WY,56011,2020-12-31,281565.126753722,2020,12,Crook,66898.0,239300.0,688.0,349.0,3662.0,2241.0,2826.0,7502.0,219.03,4.20887211506655,0.08909750397442773,0.09530311305297652,0.7929936305732485,0.09780388607943813,0.02711416815083223,0.0706897179286059,0
463,Crook County,WY,56011,2021-01-31,285690.36945864046,2021,1,Crook,67835.0,256000.0,749.0,367.0,3663.0,2218.0,2822.0,7185.0,236.68,4.211548160369138,0.08904089083647844,0.1001911001911002,0.7859673990077959,0.10676355363432566,0.014006397799635195,0.09275715583469046,0
463,Crook County,WY,56011,2021-02-28,289565.4196212694,2021,2,Crook,67835.0,256000.0,749.0,367.0,3663.0,2218.0,2822.0,7185.0,236.68,4.268672803438776,0.08784931927738894,0.1001911001911002,0.7859673990077959,0.11766206882462948,0.014006397799635195,0.10365567102499429,0
463,Crook County,WY,56011,2021-03-31,292806.8027552883,2021,3,Crook,67835.0,256000.0,749.0,367.0,3663.0,2218.0,2822.0,7185.0,236.68,4.3164561473470675,0.08687682376443888,0.1001911001911002,0.7859673990077959,0.12756437464295356,0.014006397799635195,0.11355797684331836,0
463,Crook County,WY,56011,2021-04-30,296717.5980739223,2021,4,Crook,67835.0,256000.0,749.0,367.0,3663.0,2218.0,2822.0,7185.0,236.68,4.374107733086493,0.08573177042792895,0.1001911001911002,0.7859673990077959,0.13848479582850692,0.014006397799635195,0.12447839802887173,0
463,Crook County,WY,56011,2021-05-31,300898.4709770343,2021,5,Crook,67835.0,256000.0,749.0,367.0,3663.0,2218.0,2822.0,7185.0,236.68,4.435740708734935,0.08454055920391013,0.1001911001911002,0.7859673990077959,0.15068229665971922,0.014006397799635195,0.13667589886008402,0
463,Crook County,WY,56011,2021-06-30,305503.2608112148,2021,6,Crook,67835.0,256000.0,749.0,367.0,3663.0,2218.0,2822.0,7185.0,236.68,4.503622920486693,0.08326629618437835,0.1001911001911002,0.7859673990077959,0.16571059740205385,0.014006397799635195,0.15170419960241865,0
463,Crook County,WY,56011,2021-07-31,310145.5632060431,2021,7,Crook,67835.0,256000.0,749.0,367.0,3663.0,2218.0,2822.0,7185.0,236.68,4.572058129373378,0.08201995455630734,0.1001911001911002,0.7859673990077959,0.1790296465521961,0.014006397799635195,0.1650232487525609,0
463,Crook County,WY,56011,2021-08-31,314545.24921364075,2021,8,Crook,67835.0,256000.0,749.0,367.0,3663.0,2218.0,2822.0,7185.0,236.68,4.636916771779181,0.08087270452691622,0.1001911001911002,0.7859673990077959,0.18584354292783134,0.014006397799635195,0.17183714512819614,0
463,Crook County,WY,56011,2021-09-30,317826.01357340714,2021,9,Crook,67835.0,256000.0,749.0,367.0,3663.0,2218.0,2822.0,7185.0,236.68,4.685280660034011,0.08003789467700273,0.1001911001911002,0.7859673990077959,0.1818298460015444,0.014006397799635195,0.1678234482019092,0
463,Crook County,WY,56011,2021-10-31,321131.4979917856,2021,10,Crook,67835.0,256000.0,749.0,367.0,3663.0,2218.0,2822.0,7185.0,236.68,4.7340089628036495,0.07921404520913952,0.1001911001911002,0.7859673990077959,0.17792014995710193,0.014006397799635195,0.16391375215746673,0
463,Crook County,WY,56011,2021-11-30,324416.0638559779,2021,11,Crook,67835.0,256000.0,749.0,367.0,3663.0,2218.0,2822.0,7185.0,236.68,4.7824288915158535,0.07841203884186532,0.1001911001911002,0.7859673990077959,0.17125026208663985,0.014006397799635195,0.15724386428700465,0
463,Crook County,WY,56011,2021-12-31,328756.4203295801,2021,12,Crook,67835.0,256000.0,749.0,367.0,3663.0,2218.0,2822.0,7185.0,236.68,4.8464129185461795,0.07737681586415299,0.1001911001911002,0.7859673990077959,0.16760347462040315,0.014006397799635195,0.15359707682076795,0
463,Crook County,WY,56011,2022-01-31,334740.87731420243,2022,1,Crook,68876.0,270600.0,778.0,425.0,3672.0,2159.0,2755.0,7258.0,296.55,4.860051067341344,0.07715968305763936,0.11574074074074074,0.7836660617059891,0.17169114922742623,0.015346060293358832,0.1563450889340674,0
463,Crook County,WY,56011,2022-02-28,340788.2232736933,2022,2,Crook,68876.0,270600.0,778.0,425.0,3672.0,2159.0,2755.0,7258.0,296.55,4.947851548778868,0.07579047113742735,0.11574074074074074,0.7836660617059891,0.1768954446267086,0.015346060293358832,0.16154938433334975,0
463,Crook County,WY,56011,2022-03-31,347171.73842265457,2022,3,Crook,68876.0,270600.0,778.0,425.0,3672.0,2159.0,2755.0,7258.0,296.55,5.040532818727199,0.0743968968135183,0.11574074074074074,0.7836660617059891,0.18566828077693764,0.015346060293358832,0.1703222204835788,0
463,Crook County,WY,56011,2022-04-30,353689.8269109707,2022,4,Crook,68876.0,270600.0,778.0,425.0,3672.0,2159.0,2755.0,7258.0,296.55,5.135167938192849,0.07302584930298672,0.11574074074074074,0.7836660617059891,0.1920082570325159,0.015346060293358832,0.17666219673915706,0
463,Crook County,WY,56011,2022-05-31,360171.94046776555,2022,5,Crook,68876.0,270600.0,778.0,425.0,3672.0,2159.0,2755.0,7258.0,296.55,5.229280743187258,0.07171158299132294,0.11574074074074074,0.7836660617059891,0.1969882708219386,0.015346060293358832,0.18164221052857976,0
463,Crook County,WY,56011,2022-06-30,367082.588473806,2022,6,Crook,68876.0,270600.0,778.0,425.0,3672.0,2159.0,2755.0,7258.0,296.55,5.329615373625153,0.07036155026416636,0.11574074074074074,0.7836660617059891,0.2015668425242898,0.015346060293358832,0.18622078223093097,0
463,Crook County,WY,56011,2022-07-31,371174.0380398302,2022,7,Crook,68876.0,270600.0,778.0,425.0,3672.0,2159.0,2755.0,7258.0,296.55,5.389018497587407,0.069585955247302,0.11574074074074074,0.7836660617059891,0.19677365106539746,0.015346060293358832,0.18142759077203863,0
463,Crook County,WY,56011,2022-08-31,372186.3661273274,2022,8,Crook,68876.0,270600.0,778.0,425.0,3672.0,2159.0,2755.0,7258.0,296.55,5.403716332646021,0.06939668496928203,0.11574074074074074,0.7836660617059891,0.18325222541999509,0.015346060293358832,0.16790616512663625,0
463,Crook County,WY,56011,2022-09-30,370233.4152227016,2022,9,Crook,68876.0,270600.0,778.0,425.0,3672.0,2159.0,2755.0,7258.0,296.55,5.375361740268041,0.06976274679167929,0.11574074074074074,0.7836660617059891,0.1648933674750639,0.015346060293358832,0.14954730718170506,0
463,Crook County,WY,56011,2022-10-31,368850.0320025501,2022,10,Crook,68876.0,270600.0,778.0,425.0,3672.0,2159.0,2755.0,7258.0,296.55,5.355276613080755,0.07002439408713791,0.11574074074074074,0.7836660617059891,0.14859499709363644,0.015346060293358832,0.1332489368002776,0
463,Crook County,WY,56011,2022-11-30,368938.1478786781,2022,11,Crook,68876.0,270600.0,778.0,425.0,3672.0,2159.0,2755.0,7258.0,296.55,5.356555953868955,0.07000766970970283,0.11574074074074074,0.7836660617059891,0.1372376062193561,0.015346060293358832,0.12189154592599727,0
463,Crook County,WY,56011,2022-12-31,368953.8212511232,2022,12,Crook,68876.0,270600.0,778.0,425.0,3672.0,2159.0,2755.0,7258.0,296.55,5.356783513141344,0.07000469574326537,0.11574074074074074,0.7836660617059891,0.12227107498385892,0.015346060293358832,0.10692501469050009,0
463,Crook County,WY,56011,2023-01-31,365649.8709084253,2023,1,Crook,71209.0,276800.0,881.0,359.0,3673.0,2196.0,2891.0,7339.0,325.34,5.1348828225143635,0.07302990408189614,0.09774026681187041,0.7595987547561397,0.09233707529902402,0.03387246646146691,0.05846460883755711,0
463,Crook County,WY,56011,2023-02-28,360196.22505701595,2023,2,Crook,71209.0,276800.0,881.0,359.0,3673.0,2196.0,2891.0,7339.0,325.34,5.058296353789773,0.07413563258685758,0.09774026681187041,0.7595987547561397,0.05695033002280647,0.03387246646146691,0.023077863561339562,0
463,Crook County,WY,56011,2023-03-31,355926.66231854656,2023,3,Crook,71209.0,276800.0,881.0,359.0,3673.0,2196.0,2891.0,7339.0,325.34,4.998338163975713,0.07502493582821583,0.09774026681187041,0.7595987547561397,0.025217847327288823,0.03387246646146691,-0.008654619134178088,0
463,Crook County,WY,56011,2023-04-30,355609.8423574919,2023,4,Crook,71209.0,276800.0,881.0,359.0,3673.0,2196.0,2891.0,7339.0,325.34,4.99388900781491,0.07509177705254652,0.09774026681187041,0.7595987547561397,0.0054285288985835844,0.03387246646146691,-0.028443937562883326,0
463,Crook County,WY,56011,2023-05-31,357928.6437322369,2023,5,Crook,71209.0,276800.0,881.0,359.0,3673.0,2196.0,2891.0,7339.0,325.34,5.026452326703603,0.07460530322903285,0.09774026681187041,0.7595987547561397,-0.00622840505736022,0.03387246646146691,-0.04010087151882713,0
463,Crook County,WY,56011,2023-06-30,361719.43212396215,2023,6,Crook,71209.0,276800.0,881.0,359.0,3673.0,2196.0,2891.0,7339.0,325.34,5.079687007596823,0.07382344609799311,0.09774026681187041,0.7595987547561397,-0.014610217205184961,0.03387246646146691,-0.04848268366665187,0
463,Crook County,WY,56011,2023-07-31,365214.3680577511,2023,7,Crook,71209.0,276800.0,881.0,359.0,3673.0,2196.0,2891.0,7339.0,325.34,5.12876698251276,0.07311698918640959,0.09774026681187041,0.7595987547561397,-0.01605626841131491,0.03387246646146691,-0.04992873487278182,0
463,Crook County,WY,56011,2023-08-31,369734.2369452008,2023,8,Crook,71209.0,276800.0,881.0,359.0,3673.0,2196.0,2891.0,7339.0,325.34,5.192240263803744,0.07222316012881914,0.09774026681187041,0.7595987547561397,-0.006588444406605887,0.03387246646146691,-0.0404609108680728,0
463,Crook County,WY,56011,2023-09-30,372973.24155850586,2023,9,Crook,71209.0,276800.0,881.0,359.0,3673.0,2196.0,2891.0,7339.0,325.34,5.237726152010362,0.07159595387705907,0.09774026681187041,0.7595987547561397,0.007400267569463326,0.03387246646146691,-0.026472198892003584,0
463,Crook County,WY,56011,2023-10-31,375333.60879896814,2023,10,Crook,71209.0,276800.0,881.0,359.0,3673.0,2196.0,2891.0,7339.0,325.34,5.2708731873635095,0.07114570710959849,0.09774026681187041,0.7595987547561397,0.017577812752834987,0.03387246646146691,-0.016294653708631923,0
463,Crook County,WY,56011,2023-11-30,376024.2076393185,2023,11,Crook,71209.0,276800.0,881.0,359.0,3673.0,2196.0,2891.0,7339.0,325.34,5.280571383382978,0.07101504226986848,0.09774026681187041,0.7595987547561397,0.019206633419134977,0.03387246646146691,-0.014665833042331933,0
463,Crook County,WY,56011,2023-12-31,375968.1956637486,2023,12,Crook,71209.0,276800.0,881.0,359.0,3673.0,2196.0,2891.0,7339.0,325.34,5.279784797760797,0.07102562213502353,0.09774026681187041,0.7595987547561397,0.019011523959393095,0.03387246646146691,-0.014860942502073815,0
1716,Fremont County,WY,56013,2014-01-31,197151.39587630145,2014,1,Fremont,51749.0,183700.0,683.0,1161.0,17731.0,10975.0,15290.0,40739.0,183.2,3.8097624278015316,0.09843133452717631,0.06547854040945238,0.7177894048397645,,,,1
1716,Fremont County,WY,56013,2014-02-28,196732.47359542863,2014,2,Fremont,51749.0,183700.0,683.0,1161.0,17731.0,10975.0,15290.0,40739.0,183.2,3.8016671548325305,0.09864093428676801,0.06547854040945238,0.7177894048397645,,,,1
1716,Fremont County,WY,56013,2014-03-31,196586.7086160829,2014,3,Fremont,51749.0,183700.0,683.0,1161.0,17731.0,10975.0,15290.0,40739.0,183.2,3.7988503858254825,0.09871407449980771,0.06547854040945238,0.7177894048397645,,,,1
1716,Fremont County,WY,56013,2014-04-30,196653.5693388208,2014,4,Fremont,51749.0,183700.0,683.0,1161.0,17731.0,10975.0,15290.0,40739.0,183.2,3.800142405434323,0.09868051246283248,0.06547854040945238,0.7177894048397645,,,,1
1716,Fremont County,WY,56013,2014-05-31,197434.4189360928,2014,5,Fremont,51749.0,183700.0,683.0,1161.0,17731.0,10975.0,15290.0,40739.0,183.2,3.815231578119245,0.09829023280019604,0.06547854040945238,0.7177894048397645,,,,1
1716,Fremont County,WY,56013,2014-06-30,198526.0818919372,2014,6,Fremont,51749.0,183700.0,683.0,1161.0,17731.0,10975.0,15290.0,40739.0,183.2,3.8363269221035616,0.09774975063761702,0.06547854040945238,0.7177894048397645,,,,1
1716,Fremont County,WY,56013,2014-07-31,199920.02442259024,2014,7,Fremont,51749.0,183700.0,683.0,1161.0,17731.0,10975.0,15290.0,40739.0,183.2,3.863263530166578,0.09706819042288595,0.06547854040945238,0.7177894048397645,,,,1
1716,Fremont County,WY,56013,2014-08-31,200871.14358214245,2014,8,Fremont,51749.0,183700.0,683.0,1161.0,17731.0,10975.0,15290.0,40739.0,183.2,3.8816429995196517,0.09660857529824503,0.06547854040945238,0.7177894048397645,,,,1
1716,Fremont County,WY,56013,2014-09-30,201766.8737292952,2014,9,Fremont,51749.0,183700.0,683.0,1161.0,17731.0,10975.0,15290.0,40739.0,183.2,3.8989521291096487,0.09617968817832952,0.06547854040945238,0.7177894048397645,,,,1
1716,Fremont County,WY,56013,2014-10-31,202060.55993348337,2014,10,Fremont,51749.0,183700.0,683.0,1161.0,17731.0,10975.0,15290.0,40739.0,183.2,3.904627334508558,0.096039895199678,0.06547854040945238,0.7177894048397645,,,,1
1716,Fremont County,WY,56013,2014-11-30,202417.85422400068,2014,11,Fremont,51749.0,183700.0,683.0,1161.0,17731.0,10975.0,15290.0,40739.0,183.2,3.9115317054242724,0.09587037207955465,0.06547854040945238,0.7177894048397645,,,,1
1716,Fremont County,WY,56013,2014-12-31,202757.9331773669,2014,12,Fremont,51749.0,183700.0,683.0,1161.0,17731.0,10975.0,15290.0,40739.0,183.2,3.918103406391755,0.09570957198022079,0.06547854040945238,0.7177894048397645,,,,1
1716,Fremont County,WY,56013,2015-01-31,203183.93789316432,2015,1,Fremont,52773.0,186500.0,708.0,1215.0,17723.0,10875.0,15330.0,40755.0,187.15,3.8501494683486692,0.09739881609345355,0.06855498504767815,0.7093933463796478,0.030598525514107244,0.019787821986898324,0.01081070352720892,1
1716,Fremont County,WY,56013,2015-02-28,203752.50816192743,2015,2,Fremont,52773.0,186500.0,708.0,1215.0,17723.0,10875.0,15330.0,40755.0,187.15,3.8609233540243575,0.09712702522548812,0.06855498504767815,0.7093933463796478,0.035683151023329085,0.019787821986898324,0.01589532903643076,1
1716,Fremont County,WY,56013,2015-03-31,204501.81798116988,2015,3,Fremont,52773.0,186500.0,708.0,1215.0,17723.0,10875.0,15330.0,40755.0,187.15,3.875122088590186,0.09677114460577661,0.06855498504767815,0.7093933463796478,0.040262688260092494,0.019787821986898324,0.02047486627319417,1
1716,Fremont County,WY,56013,2015-04-30,205317.5191795609,2015,4,Fremont,52773.0,186500.0,708.0,1215.0,17723.0,10875.0,15330.0,40755.0,187.15,3.8905788789638813,0.09638668477526614,0.06855498504767815,0.7093933463796478,0.04405691628110109,0.019787821986898324,0.024269094294202764,1
1716,Fremont County,WY,56013,2015-05-31,206157.52112090727,2015,5,Fremont,52773.0,186500.0,708.0,1215.0,17723.0,10875.0,15330.0,40755.0,187.15,3.9064961461525263,0.09599395109331776,0.06855498504767815,0.7093933463796478,0.0441822769901028,0.019787821986898324,0.024394455003204474,1
1716,Fremont County,WY,56013,2015-06-30,206751.40686866903,2015,6,Fremont,52773.0,186500.0,708.0,1215.0,17723.0,10875.0,15330.0,40755.0,187.15,3.917749736961496,0.09571821202924517,0.06855498504767815,0.7093933463796478,0.04143196147501205,0.019787821986898324,0.021644139488113723,1
1716,Fremont County,WY,56013,2015-07-31,207860.733204612,2015,7,Fremont,52773.0,186500.0,708.0,1215.0,17723.0,10875.0,15330.0,40755.0,187.15,3.938770454675914,0.09520737608733162,0.06855498504767815,0.7093933463796478,0.039719426830584714,0.019787821986898324,0.01993160484368639,1
1716,Fremont County,WY,56013,2015-08-31,208846.833708588,2015,8,Fremont,52773.0,186500.0,708.0,1215.0,17723.0,10875.0,15330.0,40755.0,187.15,3.957456155772611,0.09475784070355392,0.06855498504767815,0.7093933463796478,0.03970550465445055,0.019787821986898324,0.019917682667552228,1
1716,Fremont County,WY,56013,2015-09-30,209626.08220724788,2015,9,Fremont,52773.0,186500.0,708.0,1215.0,17723.0,10875.0,15330.0,40755.0,187.15,3.9722222008839347,0.09440559491272961,0.06855498504767815,0.7093933463796478,0.03895192670971914,0.019787821986898324,0.01916410472282082,1
1716,Fremont County,WY,56013,2015-10-31,209840.40642314803,2015,10,Fremont,52773.0,186500.0,708.0,1215.0,17723.0,10875.0,15330.0,40755.0,187.15,3.9762834484139242,0.09430917208620564,0.06855498504767815,0.7093933463796478,0.038502548405417336,0.019787821986898324,0.018714726418519012,1
1716,Fremont County,WY,56013,2015-11-30,209648.78992863512,2015,11,Fremont,52773.0,186500.0,708.0,1215.0,17723.0,10875.0,15330.0,40755.0,187.15,3.972652491399676,0.09439536954511644,0.06855498504767815,0.7093933463796478,0.03572281571877789,0.019787821986898324,0.015934993731879565,1
1716,Fremont County,WY,56013,2015-12-31,209168.56138221896,2015,12,Fremont,52773.0,186500.0,708.0,1215.0,17723.0,10875.0,15330.0,40755.0,187.15,3.9635526004248187,0.09461209117290559,0.06855498504767815,0.7093933463796478,0.03161715107464724,0.019787821986898324,0.011829329087748919,1
1716,Fremont County,WY,56013,2016-01-31,208994.13736507343,2016,1,Fremont,53559.0,189600.0,714.0,1261.0,17703.0,10718.0,15159.0,40683.0,187.15,3.902129191453788,0.09610137993926565,0.07123086482517088,0.7070387228709017,0.02859576171303546,0.014893979876072994,0.013701781836962468,1
1716,Fremont County,WY,56013,2016-02-29,208885.51344845135,2016,2,Fremont,53559.0,189600.0,714.0,1261.0,17703.0,10718.0,15159.0,40683.0,187.15,3.9001010744870395,0.09615135424389527,0.07123086482517088,0.7070387228709017,0.025192353865134187,0.014893979876072994,0.010298373989061194,1
1716,Fremont County,WY,56013,2016-03-31,208601.40989581184,2016,3,Fremont,53559.0,189600.0,714.0,1261.0,17703.0,10718.0,15159.0,40683.0,187.15,3.8947965775278073,0.09628230705646465,0.07123086482517088,0.7070387228709017,0.02004672601501989,0.014893979876072994,0.005152746138946895,1
1716,Fremont County,WY,56013,2016-04-30,208130.48302994625,2016,4,Fremont,53559.0,189600.0,714.0,1261.0,17703.0,10718.0,15159.0,40683.0,187.15,3.886003902797779,0.09650016041672367,0.07123086482517088,0.7070387228709017,0.013700554446721469,0.014893979876072994,-0.0011934254293515245,1
1716,Fremont County,WY,56013,2016-05-31,208066.60620295667,2016,5,Fremont,53559.0,189600.0,714.0,1261.0,17703.0,10718.0,15159.0,40683.0,187.15,3.884811258667202,0.09652978614169654,0.07123086482517088,0.7070387228709017,0.009260322260713272,0.014893979876072994,-0.005633657615359722,1
1716,Fremont County,WY,56013,2016-06-30,208344.11408595848,2016,6,Fremont,53559.0,189600.0,714.0,1261.0,17703.0,10718.0,15159.0,40683.0,187.15,3.889992607889589,0.09640121146745473,0.07123086482517088,0.7070387228709017,0.007703489139017972,0.014893979876072994,-0.007190490737055022,1
1716,Fremont County,WY,56013,2016-07-31,208043.13455408264,2016,7,Fremont,53559.0,189600.0,714.0,1261.0,17703.0,10718.0,15159.0,40683.0,187.15,3.8843730195500785,0.09654067673537588,0.07123086482517088,0.7070387228709017,0.0008775171080104283,0.014893979876072994,-0.014016462768062565,1
1716,Fremont County,WY,56013,2016-08-31,206953.0960378189,2016,8,Fremont,53559.0,189600.0,714.0,1261.0,17703.0,10718.0,15159.0,40683.0,187.15,3.8640209122242557,0.09704916420448093,0.07123086482517088,0.7070387228709017,-0.009067591005049724,0.014893979876072994,-0.023961570881122718,1
1716,Fremont County,WY,56013,2016-09-30,205580.503068888,2016,9,Fremont,53559.0,189600.0,714.0,1261.0,17703.0,10718.0,15159.0,40683.0,187.15,3.83839323118221,0.09769712934922548,0.07123086482517088,0.7070387228709017,-0.01929902565445163,0.014893979876072994,-0.03419300553052462,1
1716,Fremont County,WY,56013,2016-10-31,204915.2917923608,2016,10,Fremont,53559.0,189600.0,714.0,1261.0,17703.0,10718.0,15159.0,40683.0,187.15,3.8259730725435652,0.09801428104424537,0.07123086482517088,0.7070387228709017,-0.02347076387593161,0.014893979876072994,-0.038364743752004604,1
1716,Fremont County,WY,56013,2016-11-30,205083.05126817076,2016,11,Fremont,53559.0,189600.0,714.0,1261.0,17703.0,10718.0,15159.0,40683.0,187.15,3.8291053094376437,0.09793410462640784,0.07123086482517088,0.7070387228709017,-0.02177803488404839,0.014893979876072994,-0.036672014760121385,1
1716,Fremont County,WY,56013,2016-12-31,205784.33643181284,2016,12,Fremont,53559.0,189600.0,714.0,1261.0,17703.0,10718.0,15159.0,40683.0,187.15,3.842199003562666,0.09760035845417753,0.07123086482517088,0.7070387228709017,-0.01617941495625641,0.014893979876072994,-0.031073394832329404,1
1716,Fremont County,WY,56013,2017-01-31,205811.94682100412,2017,1,Fremont,55013.0,189700.0,742.0,1248.0,17950.0,10699.0,15167.0,40354.0,188.09,3.741151124661519,0.1002365281445101,0.06952646239554318,0.7054130678446627,-0.015226219185807244,0.0271476315838608,-0.04237385076966804,1
1716,Fremont County,WY,56013,2017-02-28,205064.91553191296,2017,2,Fremont,55013.0,189700.0,742.0,1248.0,17950.0,10699.0,15167.0,40354.0,188.09,3.727571947210895,0.10060167994358594,0.06952646239554318,0.7054130678446627,-0.018290391963831643,0.0271476315838608,-0.04543802354769244,1
1716,Fremont County,WY,56013,2017-03-31,203757.69872611083,2017,3,Fremont,55013.0,189700.0,742.0,1248.0,17950.0,10699.0,15167.0,40354.0,188.09,3.703809985387287,0.10124709460784831,0.06952646239554318,0.7054130678446627,-0.023219934956912547,0.0271476315838608,-0.050367566540773345,1
1716,Fremont County,WY,56013,2017-04-30,202670.1105503495,2017,4,Fremont,55013.0,189700.0,742.0,1248.0,17950.0,10699.0,15167.0,40354.0,188.09,3.6840403277470686,0.10179041667259021,0.06952646239554318,0.7054130678446627,-0.02623533275907075,0.0271476315838608,-0.05338296434293155,1
1716,Fremont County,WY,56013,2017-05-31,201774.44493132536,2017,5,Fremont,55013.0,189700.0,742.0,1248.0,17950.0,10699.0,15167.0,40354.0,188.09,3.6677593465421876,0.10224225871131226,0.06952646239554318,0.7054130678446627,-0.03024109147766696,0.0271476315838608,-0.05738872306152776,1
1716,Fremont County,WY,56013,2017-06-30,201057.75452756984,2017,6,Fremont,55013.0,189700.0,742.0,1248.0,17950.0,10699.0,15167.0,40354.0,188.09,3.6547316911924423,0.10260671143211811,0.06952646239554318,0.7054130678446627,-0.034972716125699854,0.0271476315838608,-0.06212034770956065,1
1716,Fremont County,WY,56013,2017-07-31,200343.1325479001,2017,7,Fremont,55013.0,189700.0,742.0,1248.0,17950.0,10699.0,15167.0,40354.0,188.09,3.6417416346663534,0.10297270856073687,0.06952646239554318,0.7054130678446627,-0.03701156504244485,0.0271476315838608,-0.06415919662630565,1
1716,Fremont County,WY,56013,2017-08-31,199774.99833232595,2017,8,Fremont,55013.0,189700.0,742.0,1248.0,17950.0,10699.0,15167.0,40354.0,188.09,3.6314143626474826,0.10326554960437129,0.06952646239554318,0.7054130678446627,-0.03468465967854484,0.0271476315838608,-0.061832291262405636,1
1716,Fremont County,WY,56013,2017-09-30,199500.60733576643,2017,9,Fremont,55013.0,189700.0,742.0,1248.0,17950.0,10699.0,15167.0,40354.0,188.09,3.626426614359632,0.10340757993422647,0.06952646239554318,0.7054130678446627,-0.029574281813505743,0.0271476315838608,-0.05672191339736654,1
1716,Fremont County,WY,56013,2017-10-31,199589.7484742205,2017,10,Fremont,55013.0,189700.0,742.0,1248.0,17950.0,10699.0,15167.0,40354.0,188.09,3.6280469793361663,0.10336139585177441,0.06952646239554318,0.7054130678446627,-0.025988999022760195,0.0271476315838608,-0.053136630606620994,1
1716,Fremont County,WY,56013,2017-11-30,199708.9927245699,2017,11,Fremont,55013.0,189700.0,742.0,1248.0,17950.0,10699.0,15167.0,40354.0,188.09,3.630214544281713,0.10329967979184511,0.06952646239554318,0.7054130678446627,-0.026204303624162706,0.0271476315838608,-0.053351935208023504,1
1716,Fremont County,WY,56013,2017-12-31,199612.6251901331,2017,12,Fremont,55013.0,189700.0,742.0,1248.0,17950.0,10699.0,15167.0,40354.0,188.09,3.628462821335559,0.10334955006152455,0.06952646239554318,0.7054130678446627,-0.029991161371627273,0.0271476315838608,-0.05713879295548807,1
1716,Fremont County,WY,56013,2018-01-31,199265.45740214744,2018,1,Fremont,54242.0,194100.0,787.0,1269.0,17983.0,10488.0,15003.0,40076.0,191.82,3.673637723574858,0.10207865560436462,0.07056664627703943,0.6990601879624075,-0.03180811182234333,-0.01401486921273154,-0.017793242609611792,1
1716,Fremont County,WY,56013,2018-02-28,198569.70292333636,2018,2,Fremont,54242.0,194100.0,787.0,1269.0,17983.0,10488.0,15003.0,40076.0,191.82,3.6608108647051427,0.10243632185849187,0.07056664627703943,0.6990601879624075,-0.03167393404049068,-0.01401486921273154,-0.01765906482775914,1
1716,Fremont County,WY,56013,2018-03-31,198061.90710209063,2018,3,Fremont,54242.0,194100.0,787.0,1269.0,17983.0,10488.0,15003.0,40076.0,191.82,3.6514491925461936,0.10269895053325624,0.07056664627703943,0.6990601879624075,-0.027953749279807205,-0.01401486921273154,-0.013938880067075665,1
1716,Fremont County,WY,56013,2018-04-30,197620.96873869587,2018,4,Fremont,54242.0,194100.0,787.0,1269.0,17983.0,10488.0,15003.0,40076.0,191.82,3.643320097686219,0.10292809578772753,0.07056664627703943,0.6990601879624075,-0.024913105331332286,-0.01401486921273154,-0.010898236118600746,1
1716,Fremont County,WY,56013,2018-05-31,197396.00823929935,2018,5,Fremont,54242.0,194100.0,787.0,1269.0,17983.0,10488.0,15003.0,40076.0,191.82,3.6391727487795316,0.10304539682150664,0.07056664627703943,0.6990601879624075,-0.021699659208658573,-0.01401486921273154,-0.007684789995927033,1
1716,Fremont County,WY,56013,2018-06-30,196773.8793685996,2018,6,Fremont,54242.0,194100.0,787.0,1269.0,17983.0,10488.0,15003.0,40076.0,191.82,3.6277032441392203,0.10337118963791642,0.07056664627703943,0.6990601879624075,-0.0213066895581131,-0.01401486921273154,-0.007291820345381561,1
1716,Fremont County,WY,56013,2018-07-31,196596.775830841,2018,7,Fremont,54242.0,194100.0,787.0,1269.0,17983.0,10488.0,15003.0,40076.0,191.82,3.6244381813141295,0.10346431122299744,0.07056664627703943,0.6990601879624075,-0.01869970120469877,-0.01401486921273154,-0.004684831991967231,1
1716,Fremont County,WY,56013,2018-08-31,196959.6028854619,2018,8,Fremont,54242.0,194100.0,787.0,1269.0,17983.0,10488.0,15003.0,40076.0,191.82,3.6311272240231167,0.10327371553357959,0.07056664627703943,0.6990601879624075,-0.014092831787592464,-0.01401486921273154,-7.796257486092362e-05,1
1716,Fremont County,WY,56013,2018-09-30,198344.8093009,2018,9,Fremont,54242.0,194100.0,787.0,1269.0,17983.0,10488.0,15003.0,40076.0,191.82,3.6566647487352975,0.10255246946816722,0.07056664627703943,0.6990601879624075,-0.00579345622202132,-0.01401486921273154,0.00822141299071022,1
1716,Fremont County,WY,56013,2018-10-31,199672.6300839084,2018,10,Fremont,54242.0,194100.0,787.0,1269.0,17983.0,10488.0,15003.0,40076.0,191.82,3.681144317759456,0.10187049667975127,0.07056664627703943,0.6990601879624075,0.0004152598533817553,-0.01401486921273154,0.014430129066113295,1
1716,Fremont County,WY,56013,2018-11-30,200947.4959814352,2018,11,Fremont,54242.0,194100.0,787.0,1269.0,17983.0,10488.0,15003.0,40076.0,191.82,3.704647615896081,0.1012242023751279,0.07056664627703943,0.6990601879624075,0.006201539750257501,-0.01401486921273154,0.02021640896298904,1
1716,Fremont County,WY,56013,2018-12-31,201688.597967341,2018,12,Fremont,54242.0,194100.0,787.0,1269.0,17983.0,10488.0,15003.0,40076.0,191.82,3.71831049679844,0.10085225543237566,0.07056664627703943,0.6990601879624075,0.01040000739046687,-0.01401486921273154,0.02441487660319841,1
1716,Fremont County,WY,56013,2019-01-31,202677.32273680568,2019,1,Fremont,55896.0,196400.0,789.0,1288.0,18010.0,10503.0,14907.0,39812.0,201.26,3.6259718537427665,0.10342054906270742,0.07151582454192115,0.7045683236063595,0.017122211642395246,0.030492975922716603,-0.013370764280321357,1
1716,Fremont County,WY,56013,2019-02-28,203925.77109249085,2019,2,Fremont,55896.0,196400.0,789.0,1288.0,18010.0,10503.0,14907.0,39812.0,201.26,3.648307054037692,0.10278740096313331,0.07151582454192115,0.7045683236063595,0.026973239574328955,0.030492975922716603,-0.0035197363483876476,1
1716,Fremont County,WY,56013,2019-03-31,205771.7889949196,2019,3,Fremont,55896.0,196400.0,789.0,1288.0,18010.0,10503.0,14907.0,39812.0,201.26,3.681332993325454,0.10186527561617066,0.07151582454192115,0.7045683236063595,0.038926626556488264,0.030492975922716603,0.008433650633771661,1
1716,Fremont County,WY,56013,2019-04-30,207347.32126490524,2019,4,Fremont,55896.0,196400.0,789.0,1288.0,18010.0,10503.0,14907.0,39812.0,201.26,3.709519845157171,0.10109125052655199,0.07151582454192115,0.7045683236063595,0.04921720902537441,0.030492975922716603,0.018724233102657806,1
1716,Fremont County,WY,56013,2019-05-31,208385.88342594868,2019,5,Fremont,55896.0,196400.0,789.0,1288.0,18010.0,10503.0,14907.0,39812.0,201.26,3.7281001042283646,0.10058742778249961,0.07151582454192115,0.7045683236063595,0.055674252405988334,0.030492975922716603,0.02518127648327173,1
1716,Fremont County,WY,56013,2019-06-30,209074.5624677633,2019,6,Fremont,55896.0,196400.0,789.0,1288.0,18010.0,10503.0,14907.0,39812.0,201.26,3.7404208256004594,0.10025609884144525,0.07151582454192115,0.7045683236063595,0.06251176801836533,0.030492975922716603,0.03201879209564873,1
1716,Fremont County,WY,56013,2019-07-31,209763.51013328848,2019,7,Fremont,55896.0,196400.0,789.0,1288.0,18010.0,10503.0,14907.0,39812.0,201.26,3.7527463527495435,0.09992681752265159,0.07151582454192115,0.7045683236063595,0.06697329723136769,0.030492975922716603,0.03648032130865109,1
1716,Fremont County,WY,56013,2019-08-31,210601.85798937024,2019,8,Fremont,55896.0,196400.0,789.0,1288.0,18010.0,10503.0,14907.0,39812.0,201.26,3.767744704260953,0.0995290364487571,0.07151582454192115,0.7045683236063595,0.06926422933458953,0.030492975922716603,0.03877125341187293,1
1716,Fremont County,WY,56013,2019-09-30,211067.1882359149,2019,9,Fremont,55896.0,196400.0,789.0,1288.0,18010.0,10503.0,14907.0,39812.0,201.26,3.776069633532183,0.0993096093011453,0.07151582454192115,0.7045683236063595,0.06414273698342332,0.030492975922716603,0.03364976106070672,1
1716,Fremont County,WY,56013,2019-10-31,211313.64017932324,2019,10,Fremont,55896.0,196400.0,789.0,1288.0,18010.0,10503.0,14907.0,39812.0,201.26,3.7804787494511816,0.09919378598661328,0.07151582454192115,0.7045683236063595,0.058300479592635845,0.030492975922716603,0.027807503669919242,1
1716,Fremont County,WY,56013,2019-11-30,211510.41387273103,2019,11,Fremont,55896.0,196400.0,789.0,1288.0,18010.0,10503.0,14907.0,39812.0,201.26,3.78399910320472,0.09910150340215657,0.07151582454192115,0.7045683236063595,0.05256556116664268,0.030492975922716603,0.02207258524392608,1
1716,Fremont County,WY,56013,2019-12-31,211829.53598444365,2019,12,Fremont,55896.0,196400.0,789.0,1288.0,18010.0,10503.0,14907.0,39812.0,201.26,3.7897083151646567,0.09895220655885936,0.07151582454192115,0.7045683236063595,0.05028017507833904,0.030492975922716603,0.019787199155622437,1
1716,Fremont County,WY,56013,2020-01-31,212237.3828001871,2020,1,Fremont,54291.0,195500.0,785.0,1319.0,18029.0,10383.0,14834.0,39711.0,204.33,3.90925536092883,0.0959261970317797,0.0731599090354429,0.6999460698395578,0.047168868891148685,-0.028714040360669824,0.07588290925181851,1
1716,Fremont County,WY,56013,2020-02-29,212913.13867859705,2020,2,Fremont,54291.0,195500.0,785.0,1319.0,18029.0,10383.0,14834.0,39711.0,204.33,3.9217022835939117,0.09562174098956433,0.0731599090354429,0.6999460698395578,0.04407175972883759,-0.028714040360669824,0.07278580008950741,1
1716,Fremont County,WY,56013,2020-03-31,213806.42817465556,2020,3,Fremont,54291.0,195500.0,785.0,1319.0,18029.0,10383.0,14834.0,39711.0,204.33,3.9381560143422587,0.09522223056534532,0.0731599090354429,0.6999460698395578,0.03904635916799237,-0.028714040360669824,0.0677603995286622,1
1716,Fremont County,WY,56013,2020-04-30,214459.8182528188,2020,4,Fremont,54291.0,195500.0,785.0,1319.0,18029.0,10383.0,14834.0,39711.0,204.33,3.9501909755358864,0.0949321190601746,0.0731599090354429,0.6999460698395578,0.034302333613592584,-0.028714040360669824,0.06301637397426241,1
1716,Fremont County,WY,56013,2020-05-31,214633.09311389388,2020,5,Fremont,54291.0,195500.0,785.0,1319.0,18029.0,10383.0,14834.0,39711.0,204.33,3.9533825701109553,0.09485547966825665,0.0731599090354429,0.6999460698395578,0.029979044574606206,-0.028714040360669824,0.05869308493527603,1
1716,Fremont County,WY,56013,2020-06-30,214517.5420948077,2020,6,Fremont,54291.0,195500.0,785.0,1319.0,18029.0,10383.0,14834.0,39711.0,204.33,3.951254205942195,0.09490657407869293,0.0731599090354429,0.6999460698395578,0.026033676994462907,-0.028714040360669824,0.05474771735513273,1
1716,Fremont County,WY,56013,2020-07-31,214829.34487037797,2020,7,Fremont,54291.0,195500.0,785.0,1319.0,18029.0,10383.0,14834.0,39711.0,204.33,3.956997382077655,0.09476882691367944,0.0731599090354429,0.6999460698395578,0.0241502191390226,-0.028714040360669824,0.05286425949969242,1
1716,Fremont County,WY,56013,2020-08-31,215744.37501922683,2020,8,Fremont,54291.0,195500.0,785.0,1319.0,18029.0,10383.0,14834.0,39711.0,204.33,3.9738515595444333,0.09436688672965689,0.0731599090354429,0.6999460698395578,0.02441819402237244,-0.028714040360669824,0.053132234383042265,1
1716,Fremont County,WY,56013,2020-09-30,217525.12330930048,2020,9,Fremont,54291.0,195500.0,785.0,1319.0,18029.0,10383.0,14834.0,39711.0,204.33,4.006651623829004,0.0935943613788979,0.0731599090354429,0.6999460698395578,0.030596584563240548,-0.028714040360669824,0.05931062492391037,1
1716,Fremont County,WY,56013,2020-10-31,219950.05338956008,2020,10,Fremont,54291.0,195500.0,785.0,1319.0,18029.0,10383.0,14834.0,39711.0,204.33,4.05131703946437,0.09256249173961939,0.0731599090354429,0.6999460698395578,0.04087011705873733,-0.028714040360669824,0.06958415741940716,1
1716,Fremont County,WY,56013,2020-11-30,222833.4101584926,2020,11,Fremont,54291.0,195500.0,785.0,1319.0,18029.0,10383.0,14834.0,39711.0,204.33,4.104426335092236,0.09136477777510722,0.0731599090354429,0.6999460698395578,0.05353398954897215,-0.028714040360669824,0.08224802990964197,1
1716,Fremont County,WY,56013,2020-12-31,225548.12610530277,2020,12,Fremont,54291.0,195500.0,785.0,1319.0,18029.0,10383.0,14834.0,39711.0,204.33,4.1544293917095425,0.09026510373442354,0.0731599090354429,0.6999460698395578,0.0647624046245685,-0.028714040360669824,0.09347644498523833,1
1716,Fremont County,WY,56013,2021-01-31,227778.84366503783,2021,1,Fremont,57887.0,207600.0,821.0,1248.0,17481.0,10252.0,14490.0,39434.0,228.27,3.9348876892054836,0.09530132232966436,0.07139179680796293,0.7075224292615597,0.07322678342430544,0.0662356560019155,0.006991127422389942,1
1716,Fremont County,WY,56013,2021-02-28,229857.3411873304,2021,2,Fremont,57887.0,207600.0,821.0,1248.0,17481.0,10252.0,14490.0,39434.0,228.27,3.970793808408285,0.09443955493380826,0.07139179680796293,0.7075224292615597,0.07958270031569747,0.0662356560019155,0.013347044313781975,1
1716,Fremont County,WY,56013,2021-03-31,232162.2802181891,2021,3,Fremont,57887.0,207600.0,821.0,1248.0,17481.0,10252.0,14490.0,39434.0,228.27,4.010611712788521,0.09350194605083519,0.07139179680796293,0.7075224292615597,0.08585266682692483,0.0662356560019155,0.01961701082500933,1
1716,Fremont County,WY,56013,2021-04-30,234716.96003806844,2021,4,Fremont,57887.0,207600.0,821.0,1248.0,17481.0,10252.0,14490.0,39434.0,228.27,4.054743898251221,0.09248426273277936,0.07139179680796293,0.7075224292615597,0.09445658375672616,0.0662356560019155,0.028220927754810665,1
1716,Fremont County,WY,56013,2021-05-31,237580.91313289225,2021,5,Fremont,57887.0,207600.0,821.0,1248.0,17481.0,10252.0,14490.0,39434.0,228.27,4.104218790624704,0.09136939796109678,0.07139179680796293,0.7075224292615597,0.10691650428212962,0.0662356560019155,0.04068084828021412,1
1716,Fremont County,WY,56013,2021-06-30,240833.53467682595,2021,6,Fremont,57887.0,207600.0,821.0,1248.0,17481.0,10252.0,14490.0,39434.0,228.27,4.160407944388653,0.09013539177228544,0.07139179680796293,0.7075224292615597,0.12267524755801884,0.0662356560019155,0.05643959155610334,1
1716,Fremont County,WY,56013,2021-07-31,244738.67828561028,2021,7,Fremont,57887.0,207600.0,821.0,1248.0,17481.0,10252.0,14490.0,39434.0,228.27,4.227869440213006,0.08869715711493374,0.07139179680796293,0.7075224292615597,0.139223686751355,0.0662356560019155,0.07298803074943949,1
1716,Fremont County,WY,56013,2021-08-31,248868.8504651022,2021,8,Fremont,57887.0,207600.0,821.0,1248.0,17481.0,10252.0,14490.0,39434.0,228.27,4.2992183126626395,0.08722515879119216,0.07139179680796293,0.7075224292615597,0.15353575472326164,0.0662356560019155,0.08730009872134614,1
1716,Fremont County,WY,56013,2021-09-30,252592.62556728756,2021,9,Fremont,57887.0,207600.0,821.0,1248.0,17481.0,10252.0,14490.0,39434.0,228.27,4.363546661034214,0.08593926664029768,0.07139179680796293,0.7075224292615597,0.16121127401051671,0.0662356560019155,0.09497561800860121,1
1716,Fremont County,WY,56013,2021-10-31,256242.1363246033,2021,10,Fremont,57887.0,207600.0,821.0,1248.0,17481.0,10252.0,14490.0,39434.0,228.27,4.4265920901861096,0.08471528262822917,0.07139179680796293,0.7075224292615597,0.1650014736334946,0.0662356560019155,0.0987658176315791,1
1716,Fremont County,WY,56013,2021-11-30,260138.77310567343,2021,11,Fremont,57887.0,207600.0,821.0,1248.0,17481.0,10252.0,14490.0,39434.0,228.27,4.493906630256767,0.08344632651581675,0.07139179680796293,0.7075224292615597,0.16741368774389365,0.0662356560019155,0.10117803174197815,1
1716,Fremont County,WY,56013,2021-12-31,264121.02255033987,2021,12,Fremont,57887.0,207600.0,821.0,1248.0,17481.0,10252.0,14490.0,39434.0,228.27,4.562700132159896,0.08218817567186518,0.07139179680796293,0.7075224292615597,0.17101847446530494,0.0662356560019155,0.10478281846338944,1
1716,Fremont County,WY,56013,2022-01-31,268696.2269381872,2022,1,Fremont,60030.0,236700.0,819.0,1237.0,17474.0,10333.0,14617.0,39402.0,273.47,4.47603243275341,0.08377955379767446,0.07079088932127732,0.7069166039542998,0.17963645180902232,0.03702040181733368,0.14261604999168864,1
1716,Fremont County,WY,56013,2022-02-28,273120.90229471965,2022,2,Fremont,60030.0,236700.0,819.0,1237.0,17474.0,10333.0,14617.0,39402.0,273.47,4.549740168161247,0.08242228921647501,0.07079088932127732,0.7069166039542998,0.18821918362020074,0.03702040181733368,0.15119878180286705,1
1716,Fremont County,WY,56013,2022-03-31,278089.1541930406,2022,3,Fremont,60030.0,236700.0,819.0,1237.0,17474.0,10333.0,14617.0,39402.0,273.47,4.632502985058148,0.08094975895526442,0.07079088932127732,0.7069166039542998,0.19782229021738096,0.03702040181733368,0.16080188840004728,1
1716,Fremont County,WY,56013,2022-04-30,282796.56129012624,2022,4,Fremont,60030.0,236700.0,819.0,1237.0,17474.0,10333.0,14617.0,39402.0,273.47,4.710920561221493,0.07960227626992002,0.07079088932127732,0.7069166039542998,0.20484076329320144,0.03702040181733368,0.16782036147586776,1
1716,Fremont County,WY,56013,2022-05-31,287017.07086634805,2022,5,Fremont,60030.0,236700.0,819.0,1237.0,17474.0,10333.0,14617.0,39402.0,273.47,4.78122723415539,0.07843174600051073,0.07079088932127732,0.7069166039542998,0.2080813525024352,0.03702040181733368,0.17106095068510152,1
1716,Fremont County,WY,56013,2022-06-30,291416.79352289345,2022,6,Fremont,60030.0,236700.0,819.0,1237.0,17474.0,10333.0,14617.0,39402.0,273.47,4.854519299065358,0.0772476072084416,0.07079088932127732,0.7069166039542998,0.2100341171919644,0.03702040181733368,0.17301371537463073,1
1716,Fremont County,WY,56013,2022-07-31,295097.2504116732,2022,7,Fremont,60030.0,236700.0,819.0,1237.0,17474.0,10333.0,14617.0,39402.0,273.47,4.9158295920651875,0.0762841740090626,0.07079088932127732,0.7069166039542998,0.20576466490226952,0.03702040181733368,0.16874426308493584,1
1716,Fremont County,WY,56013,2022-08-31,297661.0034261905,2022,8,Fremont,60030.0,236700.0,819.0,1237.0,17474.0,10333.0,14617.0,39402.0,273.47,4.958537455042321,0.07562713872790527,0.07079088932127732,0.7069166039542998,0.1960556850321058,0.03702040181733368,0.15903528321477212,1
1716,Fremont County,WY,56013,2022-09-30,298580.9486562665,2022,9,Fremont,60030.0,236700.0,819.0,1237.0,17474.0,10333.0,14617.0,39402.0,273.47,4.973862213164526,0.07539412712468634,0.07079088932127732,0.7069166039542998,0.18206518494233803,0.03702040181733368,0.14504478312500435,1
1716,Fremont County,WY,56013,2022-10-31,298970.3527960808,2022,10,Fremont,60030.0,236700.0,819.0,1237.0,17474.0,10333.0,14617.0,39402.0,273.47,4.980349038748639,0.07529592747062208,0.07079088932127732,0.7069166039542998,0.16674937652467148,0.03702040181733368,0.1297289747073378,1
1716,Fremont County,WY,56013,2022-11-30,299270.6367597915,2022,11,Fremont,60030.0,236700.0,819.0,1237.0,17474.0,10333.0,14617.0,39402.0,273.47,4.9853512703613445,0.07522037659200281,0.07079088932127732,0.7069166039542998,0.15042687864996562,0.03702040181733368,0.11340647683263194,1
1716,Fremont County,WY,56013,2022-12-31,299473.7933466471,2022,12,Fremont,60030.0,236700.0,819.0,1237.0,17474.0,10333.0,14617.0,39402.0,273.47,4.98873552135011,0.07516934870472208,0.07079088932127732,0.7069166039542998,0.1338506509438082,0.03702040181733368,0.09683024912647453,1
1716,Fremont County,WY,56013,2023-01-31,298838.4194144741,2023,1,Fremont,64646.0,252700.0,858.0,1110.0,17471.0,10469.0,14810.0,39472.0,297.41,4.622690025902208,0.08112159757603722,0.06353385610440158,0.7068872383524646,0.11217944077503184,0.07689488589038818,0.03528455488464366,1
1716,Fremont County,WY,56013,2023-02-28,297825.35708931484,2023,2,Fremont,64646.0,252700.0,858.0,1110.0,17471.0,10469.0,14810.0,39472.0,297.41,4.6070191054251595,0.08139753524321298,0.06353385610440158,0.7068872383524646,0.09045245013117698,0.07689488589038818,0.0135575642407888,1
1716,Fremont County,WY,56013,2023-03-31,297497.06203621323,2023,3,Fremont,64646.0,252700.0,858.0,1110.0,17471.0,10469.0,14810.0,39472.0,297.41,4.6019407548218485,0.08148735935096084,0.06353385610440158,0.7068872383524646,0.06979023651422334,0.07689488589038818,-0.00710464937616484,1
1716,Fremont County,WY,56013,2023-04-30,298696.22544604674,2023,4,Fremont,64646.0,252700.0,858.0,1110.0,17471.0,10469.0,14810.0,39472.0,297.41,4.620490447143625,0.08116021541215912,0.06353385610440158,0.7068872383524646,0.05622297556726208,0.07689488589038818,-0.020671910323126097,1
1716,Fremont County,WY,56013,2023-05-31,300918.34127746685,2023,5,Fremont,64646.0,252700.0,858.0,1110.0,17471.0,10469.0,14810.0,39472.0,297.41,4.654864048471164,0.08056089202501293,0.06353385610440158,0.7068872383524646,0.048433601420146966,0.07689488589038818,-0.02846128447024121,1
1716,Fremont County,WY,56013,2023-06-30,303384.48876288586,2023,6,Fremont,64646.0,252700.0,858.0,1110.0,17471.0,10469.0,14810.0,39472.0,297.41,4.6930125415785335,0.07990602980018154,0.06353385610440158,0.7068872383524646,0.04106728063031895,0.07689488589038818,-0.03582760526006923,1
1716,Fremont County,WY,56013,2023-07-31,305561.89636271755,2023,7,Fremont,64646.0,252700.0,858.0,1110.0,17471.0,10469.0,14810.0,39472.0,297.41,4.726694557477919,0.07933662635482276,0.06353385610440158,0.7068872383524646,0.035461685720370895,0.07689488589038818,-0.04143320017001728,1
1716,Fremont County,WY,56013,2023-08-31,307711.22567618417,2023,8,Fremont,64646.0,252700.0,858.0,1110.0,17471.0,10469.0,14810.0,39472.0,297.41,4.759942234263282,0.07878246868221508,0.06353385610440158,0.7068872383524646,0.033763986999680196,0.07689488589038818,-0.04313089889070798,1
1716,Fremont County,WY,56013,2023-09-30,309475.15171140473,2023,9,Fremont,64646.0,252700.0,858.0,1110.0,17471.0,10469.0,14810.0,39472.0,297.41,4.787228161238201,0.07833342956919091,0.06353385610440158,0.7068872383524646,0.03648659803703658,0.07689488589038818,-0.0404082878533516,1
1716,Fremont County,WY,56013,2023-10-31,310723.7662119853,2023,10,Fremont,64646.0,252700.0,858.0,1110.0,17471.0,10469.0,14810.0,39472.0,297.41,4.806542805618063,0.078018653981753,0.06353385610440158,0.7068872383524646,0.03931297302887149,0.07689488589038818,-0.037581912861516686,1
1716,Fremont County,WY,56013,2023-11-30,311740.0574765704,2023,11,Fremont,64646.0,252700.0,858.0,1110.0,17471.0,10469.0,14810.0,39472.0,297.41,4.822263674110856,0.07776430849545854,0.06353385610440158,0.7068872383524646,0.041666034636025584,0.07689488589038818,-0.03522885125436259,1
1716,Fremont County,WY,56013,2023-12-31,311897.6115514153,2023,12,Fremont,64646.0,252700.0,858.0,1110.0,17471.0,10469.0,14810.0,39472.0,297.41,4.82470085622336,0.07772502610525359,0.06353385610440158,0.7068872383524646,0.041485493825455855,0.07689488589038818,-0.03540939206493232,1
1045,Goshen County,WY,56015,2014-01-31,138323.30750333067,2014,1,Goshen,45287.0,147600.0,672.0,122.0,5968.0,4030.0,5370.0,13555.0,155.54,3.0543711772325537,0.1227748620715354,0.02044235924932976,0.750465549348231,,,,0
1045,Goshen County,WY,56015,2014-02-28,138654.57271973242,2014,2,Goshen,45287.0,147600.0,672.0,122.0,5968.0,4030.0,5370.0,13555.0,155.54,3.061685974335514,0.12248153571052867,0.02044235924932976,0.750465549348231,,,,0
1045,Goshen County,WY,56015,2014-03-31,139104.43893445472,2014,3,Goshen,45287.0,147600.0,672.0,122.0,5968.0,4030.0,5370.0,13555.0,155.54,3.0716196465752805,0.12208542825870655,0.02044235924932976,0.750465549348231,,,,0
1045,Goshen County,WY,56015,2014-04-30,139461.46674539268,2014,4,Goshen,45287.0,147600.0,672.0,122.0,5968.0,4030.0,5370.0,13555.0,155.54,3.0795033176274136,0.12177288391068099,0.02044235924932976,0.750465549348231,,,,0
1045,Goshen County,WY,56015,2014-05-31,139798.87388659295,2014,5,Goshen,45287.0,147600.0,672.0,122.0,5968.0,4030.0,5370.0,13555.0,155.54,3.0869537369795514,0.12147898282626063,0.02044235924932976,0.750465549348231,,,,0
1045,Goshen County,WY,56015,2014-06-30,139901.69163694527,2014,6,Goshen,45287.0,147600.0,672.0,122.0,5968.0,4030.0,5370.0,13555.0,155.54,3.0892240960307653,0.12138970445097338,0.02044235924932976,0.750465549348231,,,,0
1045,Goshen County,WY,56015,2014-07-31,139875.1135906964,2014,7,Goshen,45287.0,147600.0,672.0,122.0,5968.0,4030.0,5370.0,13555.0,155.54,3.0886372157726587,0.12141277003495192,0.02044235924932976,0.750465549348231,,,,0
1045,Goshen County,WY,56015,2014-08-31,139708.80055479638,2014,8,Goshen,45287.0,147600.0,672.0,122.0,5968.0,4030.0,5370.0,13555.0,155.54,3.084964792430419,0.12155730299423119,0.02044235924932976,0.750465549348231,,,,0
1045,Goshen County,WY,56015,2014-09-30,139558.57466485238,2014,9,Goshen,45287.0,147600.0,672.0,122.0,5968.0,4030.0,5370.0,13555.0,155.54,3.0816475956643714,0.12168815166523085,0.02044235924932976,0.750465549348231,,,,0
1045,Goshen County,WY,56015,2014-10-31,139171.64047112188,2014,10,Goshen,45287.0,147600.0,672.0,122.0,5968.0,4030.0,5370.0,13555.0,155.54,3.0731035500501664,0.12202647710776891,0.02044235924932976,0.750465549348231,,,,0
1045,Goshen County,WY,56015,2014-11-30,138868.485046232,2014,11,Goshen,45287.0,147600.0,672.0,122.0,5968.0,4030.0,5370.0,13555.0,155.54,3.0664094562729263,0.12229286575961533,0.02044235924932976,0.750465549348231,,,,0
1045,Goshen County,WY,56015,2014-12-31,138654.68771536878,2014,12,Goshen,45287.0,147600.0,672.0,122.0,5968.0,4030.0,5370.0,13555.0,155.54,3.06168851359924,0.1224814341283725,0.02044235924932976,0.750465549348231,,,,0
1045,Goshen County,WY,56015,2015-01-31,139043.66692020427,2015,1,Goshen,42689.0,148700.0,669.0,126.0,5952.0,4124.0,5384.0,13544.0,158.42,3.257131038914106,0.11513199669271554,0.021169354838709676,0.7659732540861813,0.005207794910891961,-0.05736745644445429,0.06257525135534625,0
1045,Goshen County,WY,56015,2015-02-28,139893.25448571888,2015,2,Goshen,42689.0,148700.0,669.0,126.0,5952.0,4124.0,5384.0,13544.0,158.42,3.2770328301370113,0.11443278704788605,0.021169354838709676,0.7659732540861813,0.00893358034783498,-0.05736745644445429,0.06630103679228927,0
1045,Goshen County,WY,56015,2015-03-31,140939.78440113945,2015,3,Goshen,42689.0,148700.0,669.0,126.0,5952.0,4124.0,5384.0,13544.0,158.42,3.3015480428480277,0.1135830813706749,0.021169354838709676,0.7659732540861813,0.013194010778833087,-0.05736745644445429,0.07056146722328738,0
1045,Goshen County,WY,56015,2015-04-30,141980.22890660694,2015,4,Goshen,42689.0,148700.0,669.0,126.0,5952.0,4124.0,5384.0,13544.0,158.42,3.3259207033804246,0.11275073384006258,0.021169354838709676,0.7659732540861813,0.018060631513453274,-0.05736745644445429,0.07542808795790756,0
1045,Goshen County,WY,56015,2015-05-31,142856.47116645597,2015,5,Goshen,42689.0,148700.0,669.0,126.0,5952.0,4124.0,5384.0,13544.0,158.42,3.3464468871713082,0.1120591518836209,0.021169354838709676,0.7659732540861813,0.021871401355803455,-0.05736745644445429,0.07923885780025774,0
1045,Goshen County,WY,56015,2015-06-30,143835.49909824596,2015,6,Goshen,42689.0,148700.0,669.0,126.0,5952.0,4124.0,5384.0,13544.0,158.42,3.3693808498265585,0.1112964122234218,0.021169354838709676,0.7659732540861813,0.02811836951556801,-0.05736745644445429,0.0854858259600223,0
1045,Goshen County,WY,56015,2015-07-31,144889.1785854931,2015,7,Goshen,42689.0,148700.0,669.0,126.0,5952.0,4124.0,5384.0,13544.0,158.42,3.3940635429617254,0.11048702985471147,0.021169354838709676,0.7659732540861813,0.035846726884304125,-0.05736745644445429,0.09321418332875842,0
1045,Goshen County,WY,56015,2015-08-31,146143.77998814394,2015,8,Goshen,42689.0,148700.0,669.0,126.0,5952.0,4124.0,5384.0,13544.0,158.42,3.4234528798553243,0.10953853117319597,0.021169354838709676,0.7659732540861813,0.04605994330918062,-0.05736745644445429,0.10342739975363491,0
1045,Goshen County,WY,56015,2015-09-30,147484.97142320173,2015,9,Goshen,42689.0,148700.0,669.0,126.0,5952.0,4124.0,5384.0,13544.0,158.42,3.454870608896946,0.10854241517303252,0.021169354838709676,0.7659732540861813,0.05679620028639909,-0.05736745644445429,0.11416365673085338,0
1045,Goshen County,WY,56015,2015-10-31,148665.79951851987,2015,10,Goshen,42689.0,148700.0,669.0,126.0,5952.0,4124.0,5384.0,13544.0,158.42,3.4825317884822757,0.10768028054768423,0.021169354838709676,0.7659732540861813,0.06821906399363042,-0.05736745644445429,0.12558652043808471,0
1045,Goshen County,WY,56015,2015-11-30,149389.3988673298,2015,11,Goshen,42689.0,148700.0,669.0,126.0,5952.0,4124.0,5384.0,13544.0,158.42,3.4994822756993553,0.10715870819064455,0.021169354838709676,0.7659732540861813,0.07576170948790262,-0.05736745644445429,0.1331291659323569,0
1045,Goshen County,WY,56015,2015-12-31,149677.60111279946,2015,12,Goshen,42689.0,148700.0,669.0,126.0,5952.0,4124.0,5384.0,13544.0,158.42,3.5062334819930068,0.10695237551232417,0.021169354838709676,0.7659732540861813,0.07949903158022753,-0.05736745644445429,0.13686648802468182,0
1045,Goshen County,WY,56015,2016-01-31,149920.6387252394,2016,1,Goshen,44883.0,153000.0,661.0,144.0,5949.0,4084.0,5350.0,13546.0,167.14,3.340254410918152,0.11226689762739418,0.024205748865355523,0.7633644859813085,0.07822702066162646,0.05139497294384965,0.026832047717776808,0
1045,Goshen County,WY,56015,2016-02-29,150135.91598864322,2016,2,Goshen,44883.0,153000.0,661.0,144.0,5949.0,4084.0,5350.0,13546.0,167.14,3.345050820770519,0.11210592008692417,0.024205748865355523,0.7633644859813085,0.07321769402376699,0.05139497294384965,0.02182272107991734,0
1045,Goshen County,WY,56015,2016-03-31,150375.15820749864,2016,3,Goshen,44883.0,153000.0,661.0,144.0,5949.0,4084.0,5350.0,13546.0,167.14,3.350381173439802,0.11192756304053347,0.024205748865355523,0.7633644859813085,0.06694613480821321,0.05139497294384965,0.01555116186436356,0
1045,Goshen County,WY,56015,2016-04-30,150466.95428196926,2016,4,Goshen,44883.0,153000.0,661.0,144.0,5949.0,4084.0,5350.0,13546.0,167.14,3.3524264038047646,0.11185927887168581,0.024205748865355523,0.7633644859813085,0.0597739941731239,0.05139497294384965,0.008379021229274253,0
1045,Goshen County,WY,56015,2016-05-31,150604.48864190135,2016,5,Goshen,44883.0,153000.0,661.0,144.0,5949.0,4084.0,5350.0,13546.0,167.14,3.3554906900586268,0.1117571272395478,0.024205748865355523,0.7633644859813085,0.054236377338604536,0.05139497294384965,0.0028414043947548873,0
1045,Goshen County,WY,56015,2016-06-30,150838.7150058555,2016,6,Goshen,44883.0,153000.0,661.0,144.0,5949.0,4084.0,5350.0,13546.0,167.14,3.3607092887252525,0.11158358780334757,0.024205748865355523,0.7633644859813085,0.0486890646016811,0.05139497294384965,-0.0027059083421685504,0
1045,Goshen County,WY,56015,2016-07-31,150676.08387439072,2016,7,Goshen,44883.0,153000.0,661.0,144.0,5949.0,4084.0,5350.0,13546.0,167.14,3.3570858426217214,0.11170402473448314,0.024205748865355523,0.7633644859813085,0.03994021738126574,0.05139497294384965,-0.011454755562583907,0
1045,Goshen County,WY,56015,2016-08-31,150416.44203651152,2016,8,Goshen,44883.0,153000.0,661.0,144.0,5949.0,4084.0,5350.0,13546.0,167.14,3.3513009833681244,0.11189684300546396,0.024205748865355523,0.7633644859813085,0.029236017083410726,0.05139497294384965,-0.022158955860438923,0
1045,Goshen County,WY,56015,2016-09-30,149910.07741228884,2016,9,Goshen,44883.0,153000.0,661.0,144.0,5949.0,4084.0,5350.0,13546.0,167.14,3.3400191032749333,0.11227480694116612,0.024205748865355523,0.7633644859813085,0.016443071898684325,0.05139497294384965,-0.03495190104516532,0
1045,Goshen County,WY,56015,2016-10-31,149770.87698401182,2016,10,Goshen,44883.0,153000.0,661.0,144.0,5949.0,4084.0,5350.0,13546.0,167.14,3.3369176967674137,0.112379157676941,0.024205748865355523,0.7633644859813085,0.0074332998515524995,0.05139497294384965,-0.04396167309229715,0
1045,Goshen County,WY,56015,2016-11-30,149758.73523751926,2016,11,Goshen,44883.0,153000.0,661.0,144.0,5949.0,4084.0,5350.0,13546.0,167.14,3.3366471768268444,0.11238826885994743,0.024205748865355523,0.7633644859813085,0.0024723064219400737,0.05139497294384965,-0.048922666521909575,0
1045,Goshen County,WY,56015,2016-12-31,149888.8838576657,2016,12,Goshen,44883.0,153000.0,661.0,144.0,5949.0,4084.0,5350.0,13546.0,167.14,3.3395469076858877,0.1122906820493961,0.024205748865355523,0.7633644859813085,0.0014115855899308194,0.05139497294384965,-0.04998338735391883,0
1045,Goshen County,WY,56015,2017-01-31,149851.97562454196,2017,1,Goshen,48422.0,154900.0,715.0,155.0,6032.0,4050.0,5328.0,13479.0,166.31,3.0947085131663696,0.12117457860879974,0.02569628647214854,0.7601351351351351,-0.0004579963191277958,0.07884945302230251,-0.0793074493414303,0
1045,Goshen County,WY,56015,2017-02-28,149854.18049816633,2017,2,Goshen,48422.0,154900.0,715.0,155.0,6032.0,4050.0,5328.0,13479.0,166.31,3.0947540477090234,0.12117279571137618,0.02569628647214854,0.7601351351351351,-0.0018765362613046843,0.07884945302230251,-0.08072598928360719,0
1045,Goshen County,WY,56015,2017-03-31,149751.48172141635,2017,3,Goshen,48422.0,154900.0,715.0,155.0,6032.0,4050.0,5328.0,13479.0,166.31,3.0926331362070205,0.12125589537591294,0.02569628647214854,0.7601351351351351,-0.0041474701906659694,0.07884945302230251,-0.08299692321296848,0
1045,Goshen County,WY,56015,2017-04-30,149643.11925961758,2017,4,Goshen,48422.0,154900.0,715.0,155.0,6032.0,4050.0,5328.0,13479.0,166.31,3.0903952595848496,0.12134370153362709,0.02569628647214854,0.7601351351351351,-0.005475189062495667,0.07884945302230251,-0.08432464208479817,0
1045,Goshen County,WY,56015,2017-05-31,149290.6326061797,2017,5,Goshen,48422.0,154900.0,715.0,155.0,6032.0,4050.0,5328.0,13479.0,166.31,3.0831157863405,0.12163020333566704,0.02569628647214854,0.7601351351351351,-0.008723883647622666,0.07884945302230251,-0.08757333666992517,0
1045,Goshen County,WY,56015,2017-06-30,148987.57451061753,2017,6,Goshen,48422.0,154900.0,715.0,155.0,6032.0,4050.0,5328.0,13479.0,166.31,3.0768571002977474,0.12187761334893038,0.02569628647214854,0.7601351351351351,-0.012272316793245808,0.07884945302230251,-0.09112176981554831,0
1045,Goshen County,WY,56015,2017-07-31,148921.02708192272,2017,7,Goshen,48422.0,154900.0,715.0,155.0,6032.0,4050.0,5328.0,13479.0,166.31,3.0754827781157887,0.12193207605270538,0.02569628647214854,0.7601351351351351,-0.011647878995389105,0.07884945302230251,-0.09049733201769161,0
1045,Goshen County,WY,56015,2017-08-31,149134.91707578744,2017,8,Goshen,48422.0,154900.0,715.0,155.0,6032.0,4050.0,5328.0,13479.0,166.31,3.079899985043729,0.12175720050035185,0.02569628647214854,0.7601351351351351,-0.008519846257319497,0.07884945302230251,-0.087369299279622,0
1045,Goshen County,WY,56015,2017-09-30,149482.02021365918,2017,9,Goshen,48422.0,154900.0,715.0,155.0,6032.0,4050.0,5328.0,13479.0,166.31,3.0870682791635864,0.1214744754857197,0.02569628647214854,0.7601351351351351,-0.0028554264397608886,0.07884945302230251,-0.0817048794620634,0
1045,Goshen County,WY,56015,2017-10-31,150197.88729378124,2017,10,Goshen,48422.0,154900.0,715.0,155.0,6032.0,4050.0,5328.0,13479.0,166.31,3.1018522013502383,0.12089550876626626,0.02569628647214854,0.7601351351351351,0.0028510904013401284,0.07884945302230251,-0.07599836262096238,0
1045,Goshen County,WY,56015,2017-11-30,151047.51953714705,2017,11,Goshen,48422.0,154900.0,715.0,155.0,6032.0,4050.0,5328.0,13479.0,166.31,3.119398610903041,0.12021547957650737,0.02569628647214854,0.7601351351351351,0.008605737071588848,0.07884945302230251,-0.07024371595071366,0
1045,Goshen County,WY,56015,2017-12-31,152097.54309315493,2017,12,Goshen,48422.0,154900.0,715.0,155.0,6032.0,4050.0,5328.0,13479.0,166.31,3.141083455725805,0.11938555765413414,0.02569628647214854,0.7601351351351351,0.014735310442277827,0.07884945302230251,-0.06411414258002468,0
1045,Goshen County,WY,56015,2018-01-31,152877.16037033277,2018,1,Goshen,49774.0,168200.0,724.0,131.0,6031.0,3849.0,5209.0,13438.0,166.09,3.07142605316697,0.12209312335985907,0.021721107610678164,0.7389134190823574,0.02018782023515331,0.02792119284622685,-0.007733372611073541,0
1045,Goshen County,WY,56015,2018-02-28,153316.29016232034,2018,2,Goshen,49774.0,168200.0,724.0,131.0,6031.0,3849.0,5209.0,13438.0,166.09,3.080248526586578,0.12174342322161959,0.021721107610678164,0.7389134190823574,0.02310319039912523,0.02792119284622685,-0.004818002447101621,0
1045,Goshen County,WY,56015,2018-03-31,153622.27327430667,2018,3,Goshen,49774.0,168200.0,724.0,131.0,6031.0,3849.0,5209.0,13438.0,166.09,3.0863959752944643,0.12150093604376938,0.021721107610678164,0.7389134190823574,0.025848101857791184,0.02792119284622685,-0.0020730909884356663,0
1045,Goshen County,WY,56015,2018-04-30,153510.03056772662,2018,4,Goshen,49774.0,168200.0,724.0,131.0,6031.0,3849.0,5209.0,13438.0,166.09,3.0841409283506773,0.12158977449857997,0.021721107610678164,0.7389134190823574,0.025840889492555252,0.02792119284622685,-0.0020803033536715976,0
1045,Goshen County,WY,56015,2018-05-31,153359.36784494834,2018,5,Goshen,49774.0,168200.0,724.0,131.0,6031.0,3849.0,5209.0,13438.0,166.09,3.081113992143455,0.12170922625914325,0.021721107610678164,0.7389134190823574,0.027253787915158423,0.02792119284622685,-0.0006674049310684271,0
1045,Goshen County,WY,56015,2018-06-30,152831.44790215857,2018,6,Goshen,49774.0,168200.0,724.0,131.0,6031.0,3849.0,5209.0,13438.0,166.09,3.070507652633073,0.12212964187808609,0.021721107610678164,0.7389134190823574,0.025799959521235927,0.02792119284622685,-0.002121233324990923,0
1045,Goshen County,WY,56015,2018-07-31,152758.93297701437,2018,7,Goshen,49774.0,168200.0,724.0,131.0,6031.0,3849.0,5209.0,13438.0,166.09,3.0690507690162407,0.12218761702668189,0.021721107610678164,0.7389134190823574,0.025771417040928668,0.02792119284622685,-0.002149775805298182,0
1045,Goshen County,WY,56015,2018-08-31,152789.57893050092,2018,8,Goshen,49774.0,168200.0,724.0,131.0,6031.0,3849.0,5209.0,13438.0,166.09,3.069666471059206,0.12216310909849565,0.021721107610678164,0.7389134190823574,0.02450574235982761,0.02792119284622685,-0.0034154504863992408,0
1045,Goshen County,WY,56015,2018-09-30,153321.82366898525,2018,9,Goshen,49774.0,168200.0,724.0,131.0,6031.0,3849.0,5209.0,13438.0,166.09,3.08035969922018,0.12173902940456417,0.021721107610678164,0.7389134190823574,0.025687393372378242,0.02792119284622685,-0.0022337994738486078,0
1045,Goshen County,WY,56015,2018-10-31,153524.33364459616,2018,10,Goshen,49774.0,168200.0,724.0,131.0,6031.0,3849.0,5209.0,13438.0,166.09,3.0844282887571053,0.1215784466012368,0.021721107610678164,0.7389134190823574,0.022147091485438253,0.02792119284622685,-0.005774101360788597,0
1045,Goshen County,WY,56015,2018-11-30,153955.3928203541,2018,11,Goshen,49774.0,168200.0,724.0,131.0,6031.0,3849.0,5209.0,13438.0,166.09,3.0930886169557223,0.12123803952603279,0.021721107610678164,0.7389134190823574,0.01925138057293241,0.02792119284622685,-0.008669812273294442,0
1045,Goshen County,WY,56015,2018-12-31,154126.41126365215,2018,12,Goshen,49774.0,168200.0,724.0,131.0,6031.0,3849.0,5209.0,13438.0,166.09,3.0965245160857506,0.12110351397250661,0.021721107610678164,0.7389134190823574,0.013339256698279511,0.02792119284622685,-0.014581936147947339,0
1045,Goshen County,WY,56015,2019-01-31,154665.9231653101,2019,1,Goshen,54289.0,174000.0,705.0,107.0,6031.0,3836.0,5207.0,13342.0,170.66,2.8489366752990493,0.131628057320943,0.017741668048416516,0.7367005953524102,0.011700654241903585,0.09071000924177275,-0.07900935499986916,0
1045,Goshen County,WY,56015,2019-02-28,155492.75732216515,2019,2,Goshen,54289.0,174000.0,705.0,107.0,6031.0,3836.0,5207.0,13342.0,170.66,2.86416690899013,0.13092812392425146,0.017741668048416516,0.7367005953524102,0.01419592893580024,0.09071000924177275,-0.07651408030597251,0
1045,Goshen County,WY,56015,2019-03-31,156685.90840650475,2019,3,Goshen,54289.0,174000.0,705.0,107.0,6031.0,3836.0,5207.0,13342.0,170.66,2.886144677678807,0.12993111637826665,0.017741668048416516,0.7367005953524102,0.019942649375638943,0.09071000924177275,-0.0707673598661338,0
1045,Goshen County,WY,56015,2019-04-30,157714.0912730801,2019,4,Goshen,54289.0,174000.0,705.0,107.0,6031.0,3836.0,5207.0,13342.0,170.66,2.905083742067087,0.1290840586003803,0.017741668048416516,0.7367005953524102,0.027386228051714756,0.09071000924177275,-0.06332378119005799,0
1045,Goshen County,WY,56015,2019-05-31,158228.71757347995,2019,5,Goshen,54289.0,174000.0,705.0,107.0,6031.0,3836.0,5207.0,13342.0,170.66,2.9145631264801333,0.1286642229818096,0.017741668048416516,0.7367005953524102,0.031751237612394734,0.09071000924177275,-0.058958771629378015,0
1045,Goshen County,WY,56015,2019-06-30,158721.85727476387,2019,6,Goshen,54289.0,174000.0,705.0,107.0,6031.0,3836.0,5207.0,13342.0,170.66,2.923646729075206,0.1282644706252243,0.017741668048416516,0.7367005953524102,0.03854186722340214,0.09071000924177275,-0.05216814201837061,0
1045,Goshen County,WY,56015,2019-07-31,159122.60118258957,2019,7,Goshen,54289.0,174000.0,705.0,107.0,6031.0,3836.0,5207.0,13342.0,170.66,2.9310284069072847,0.12794144168520238,0.017741668048416516,0.7367005953524102,0.0416582394335836,0.09071000924177275,-0.04905176980818915,0
1045,Goshen County,WY,56015,2019-08-31,159870.71135578278,2019,8,Goshen,54289.0,174000.0,705.0,107.0,6031.0,3836.0,5207.0,13342.0,170.66,2.9448085497206207,0.12734274356666644,0.017741668048416516,0.7367005953524102,0.04634565050082928,0.09071000924177275,-0.044364358740943466,0
1045,Goshen County,WY,56015,2019-09-30,160516.57939779034,2019,9,Goshen,54289.0,174000.0,705.0,107.0,6031.0,3836.0,5207.0,13342.0,170.66,2.95670539884305,0.126830356567393,0.017741668048416516,0.7367005953524102,0.04692584236630415,0.09071000924177275,-0.0437841668754686,0
1045,Goshen County,WY,56015,2019-10-31,161492.84818064183,2019,10,Goshen,54289.0,174000.0,705.0,107.0,6031.0,3836.0,5207.0,13342.0,170.66,2.974688209041276,0.12606363210108001,0.017741668048416516,0.7367005953524102,0.05190391872660727,0.09071000924177275,-0.03880609051516548,0
1045,Goshen County,WY,56015,2019-11-30,162227.09360160318,2019,11,Goshen,54289.0,174000.0,705.0,107.0,6031.0,3836.0,5207.0,13342.0,170.66,2.988212963981712,0.12549306375417188,0.017741668048416516,0.7367005953524102,0.05372790539985206,0.09071000924177275,-0.03698210384192069,0
1045,Goshen County,WY,56015,2019-12-31,162961.6894950464,2019,12,Goshen,54289.0,174000.0,705.0,107.0,6031.0,3836.0,5207.0,13342.0,170.66,3.0017441746034446,0.12492736828565366,0.017741668048416516,0.7367005953524102,0.05732488130331159,0.09071000924177275,-0.03338512793846116,0
1045,Goshen County,WY,56015,2020-01-31,163249.1532081629,2020,1,Goshen,55955.0,184500.0,661.0,97.0,6028.0,3791.0,5234.0,13301.0,173.37,2.917507876117646,0.12853435737730237,0.016091572660915727,0.7243026366068017,0.055495288601348,0.03068761627585692,0.02480767232549108,0
1045,Goshen County,WY,56015,2020-02-29,163670.6684319858,2020,2,Goshen,55955.0,184500.0,661.0,97.0,6028.0,3791.0,5234.0,13301.0,173.37,2.925040987078649,0.12820333173331938,0.016091572660915727,0.7243026366068017,0.05259351786319444,0.03068761627585692,0.021905901587337517,0
1045,Goshen County,WY,56015,2020-03-31,164159.1294992584,2020,3,Goshen,55955.0,184500.0,661.0,97.0,6028.0,3791.0,5234.0,13301.0,173.37,2.9337705209410845,0.12782185836392848,0.016091572660915727,0.7243026366068017,0.047695553280804104,0.03068761627585692,0.017007937004947182,0
1045,Goshen County,WY,56015,2020-04-30,165008.90932855572,2020,4,Goshen,55955.0,184500.0,661.0,97.0,6028.0,3791.0,5234.0,13301.0,173.37,2.94895736446351,0.12716358822916451,0.016091572660915727,0.7243026366068017,0.04625343237621515,0.03068761627585692,0.015565816100358232,0
1045,Goshen County,WY,56015,2020-05-31,165895.32159497705,2020,5,Goshen,55955.0,184500.0,661.0,97.0,6028.0,3791.0,5234.0,13301.0,173.37,2.9647988847283897,0.1264841274501337,0.016091572660915727,0.7243026366068017,0.04845267116531349,0.03068761627585692,0.017765054889456566,0
1045,Goshen County,WY,56015,2020-06-30,166292.26742771245,2020,6,Goshen,55955.0,184500.0,661.0,97.0,6028.0,3791.0,5234.0,13301.0,173.37,2.9718929037210695,0.1261822051294201,0.016091572660915727,0.7243026366068017,0.047696078428841826,0.03068761627585692,0.017008462152984904,0
1045,Goshen County,WY,56015,2020-07-31,166655.942169938,2020,7,Goshen,55955.0,184500.0,661.0,97.0,6028.0,3791.0,5234.0,13301.0,173.37,2.978392318290376,0.12590685172571667,0.016091572660915727,0.7243026366068017,0.047342997986213664,0.03068761627585692,0.016655381710356743,0
1045,Goshen County,WY,56015,2020-08-31,167150.90387164403,2020,8,Goshen,55955.0,184500.0,661.0,97.0,6028.0,3791.0,5234.0,13301.0,173.37,2.9872380282663573,0.12553402054058313,0.016091572660915727,0.7243026366068017,0.04553800038869915,0.03068761627585692,0.01485038411284223,0
1045,Goshen County,WY,56015,2020-09-30,168491.3783618743,2020,9,Goshen,55955.0,184500.0,661.0,97.0,6028.0,3791.0,5234.0,13301.0,173.37,3.0111943233290015,0.12453530384761809,0.016091572660915727,0.7243026366068017,0.049682088878313824,0.03068761627585692,0.018994472602456902,0
1045,Goshen County,WY,56015,2020-10-31,170246.7272923532,2020,10,Goshen,55955.0,184500.0,661.0,97.0,6028.0,3791.0,5234.0,13301.0,173.37,3.0425650485631883,0.1232512679316713,0.016091572660915727,0.7243026366068017,0.054205986273271334,0.03068761627585692,0.023518369997414412,0
1045,Goshen County,WY,56015,2020-11-30,172514.2071670565,2020,11,Goshen,55955.0,184500.0,661.0,97.0,6028.0,3791.0,5234.0,13301.0,173.37,3.0830883239577607,0.1216312867477674,0.016091572660915727,0.7243026366068017,0.06341180956318171,0.03068761627585692,0.03272419328732479,0
1045,Goshen County,WY,56015,2020-12-31,174497.81477847215,2020,12,Goshen,55955.0,184500.0,661.0,97.0,6028.0,3791.0,5234.0,13301.0,173.37,3.1185383750955618,0.12024864051528909,0.016091572660915727,0.7243026366068017,0.07079041288275567,0.03068761627585692,0.04010279660689875,0
1045,Goshen County,WY,56015,2021-01-31,176060.01159670702,2021,1,Goshen,58318.0,191300.0,682.0,83.0,5875.0,3672.0,4962.0,12642.0,190.23,3.0189651839347547,0.12421474815130044,0.014127659574468085,0.7400241837968561,0.07847427160745313,0.04223036368510402,0.036243907922349106,0
1045,Goshen County,WY,56015,2021-02-28,177527.16301573193,2021,2,Goshen,58318.0,191300.0,682.0,83.0,5875.0,3672.0,4962.0,12642.0,190.23,3.0441229640202327,0.12318819063233725,0.014127659574468085,0.7400241837968561,0.0846608296800857,0.04223036368510402,0.04243046599498168,0
1045,Goshen County,WY,56015,2021-03-31,179553.09911364378,2021,3,Goshen,58318.0,191300.0,682.0,83.0,5875.0,3672.0,4962.0,12642.0,190.23,3.0788624286437085,0.12179823187656807,0.014127659574468085,0.7400241837968561,0.09377467863860067,0.04223036368510402,0.05154431495349665,0
1045,Goshen County,WY,56015,2021-04-30,182031.1539758341,2021,4,Goshen,58318.0,191300.0,682.0,83.0,5875.0,3672.0,4962.0,12642.0,190.23,3.1213545384929886,0.12014014921260835,0.014127659574468085,0.7400241837968561,0.10315954887856837,0.04223036368510402,0.06092918519346435,0
1045,Goshen County,WY,56015,2021-05-31,184851.11922230225,2021,5,Goshen,58318.0,191300.0,682.0,83.0,5875.0,3672.0,4962.0,12642.0,190.23,3.169709510310749,0.11830737131593995,0.014127659574468085,0.7400241837968561,0.11426360577909844,0.04223036368510402,0.07203324209399442,0
1045,Goshen County,WY,56015,2021-06-30,187950.99794858592,2021,6,Goshen,58318.0,191300.0,682.0,83.0,5875.0,3672.0,4962.0,12642.0,190.23,3.2228642605813973,0.11635612600462136,0.014127659574468085,0.7400241837968561,0.130244964819477,0.04223036368510402,0.08801460113437298,0
1045,Goshen County,WY,56015,2021-07-31,191274.68598932985,2021,7,Goshen,58318.0,191300.0,682.0,83.0,5875.0,3672.0,4962.0,12642.0,190.23,3.279856750734419,0.11433426167652923,0.014127659574468085,0.7400241837968561,0.1477219683789508,0.04223036368510402,0.10549160469384677,0
1045,Goshen County,WY,56015,2021-08-31,194378.22187977636,2021,8,Goshen,58318.0,191300.0,682.0,83.0,5875.0,3672.0,4962.0,12642.0,190.23,3.3330742117318213,0.11250874603393692,0.014127659574468085,0.7400241837968561,0.16289064179419777,0.04223036368510402,0.12066027810909374,0
1045,Goshen County,WY,56015,2021-09-30,197063.51890795503,2021,9,Goshen,58318.0,191300.0,682.0,83.0,5875.0,3672.0,4962.0,12642.0,190.23,3.3791199785307287,0.1109756393328932,0.014127659574468085,0.7400241837968561,0.16957627638795536,0.04223036368510402,0.12734591270285134,0
1045,Goshen County,WY,56015,2021-10-31,199552.05033680997,2021,10,Goshen,58318.0,191300.0,682.0,83.0,5875.0,3672.0,4962.0,12642.0,190.23,3.4217917338867925,0.10959170784308363,0.014127659574468085,0.7400241837968561,0.17213442813577684,0.04223036368510402,0.12990406445067282,0
1045,Goshen County,WY,56015,2021-11-30,201977.03328326196,2021,11,Goshen,58318.0,191300.0,682.0,83.0,5875.0,3672.0,4962.0,12642.0,190.23,3.4633738002548435,0.10827592446775641,0.014127659574468085,0.7400241837968561,0.1707849260651022,0.04223036368510402,0.12855456237999818,0
1045,Goshen County,WY,56015,2021-12-31,204542.8386642292,2021,12,Goshen,58318.0,191300.0,682.0,83.0,5875.0,3672.0,4962.0,12642.0,190.23,3.5073706002302756,0.10691770067736196,0.014127659574468085,0.7400241837968561,0.17217994347894683,0.04223036368510402,0.1299495797938428,0
1045,Goshen County,WY,56015,2022-01-31,207597.8599798066,2022,1,Goshen,62356.0,217200.0,736.0,37.0,5866.0,3815.0,5069.0,12592.0,218.14,3.329236320158551,0.11263844435715546,0.006307534947153085,0.7526139277964096,0.17913124108694234,0.06924105764943933,0.10989018343750301,0
1045,Goshen County,WY,56015,2022-02-28,210511.5422585469,2022,2,Goshen,62356.0,217200.0,736.0,37.0,5866.0,3815.0,5069.0,12592.0,218.14,3.3759628946460145,0.11107941991741602,0.006307534947153085,0.7526139277964096,0.18579905566277755,0.06924105764943933,0.11655799801333822,0
1045,Goshen County,WY,56015,2022-03-31,213224.32122073183,2022,3,Goshen,62356.0,217200.0,736.0,37.0,5866.0,3815.0,5069.0,12592.0,218.14,3.4194675928656717,0.10966619504813983,0.006307534947153085,0.7526139277964096,0.18752793615540253,0.06924105764943933,0.1182868785059632,0
1045,Goshen County,WY,56015,2022-04-30,215389.6615962988,2022,4,Goshen,62356.0,217200.0,736.0,37.0,5866.0,3815.0,5069.0,12592.0,218.14,3.4541930463195007,0.10856370647829558,0.006307534947153085,0.7526139277964096,0.18325713424248935,0.06924105764943933,0.11401607659305002,0
1045,Goshen County,WY,56015,2022-05-31,217453.6770483701,2022,5,Goshen,62356.0,217200.0,736.0,37.0,5866.0,3815.0,5069.0,12592.0,218.14,3.487293557129548,0.10753324716049112,0.006307534947153085,0.7526139277964096,0.17637197958677198,0.06924105764943933,0.10713092193733265,0
1045,Goshen County,WY,56015,2022-06-30,219924.2747651792,2022,6,Goshen,62356.0,217200.0,736.0,37.0,5866.0,3815.0,5069.0,12592.0,218.14,3.5269144070366796,0.10632523410600023,0.006307534947153085,0.7526139277964096,0.17011496169517315,0.06924105764943933,0.10087390404573382,0
1045,Goshen County,WY,56015,2022-07-31,222228.4994280145,2022,7,Goshen,62356.0,217200.0,736.0,37.0,5866.0,3815.0,5069.0,12592.0,218.14,3.563867140740498,0.10522277772736575,0.006307534947153085,0.7526139277964096,0.16182911648021947,0.06924105764943933,0.09258805883078014,0
1045,Goshen County,WY,56015,2022-08-31,223671.27364648692,2022,8,Goshen,62356.0,217200.0,736.0,37.0,5866.0,3815.0,5069.0,12592.0,218.14,3.587004837489366,0.10454404635330009,0.006307534947153085,0.7526139277964096,0.1507013053387658,0.06924105764943933,0.08146024768932647,0
1045,Goshen County,WY,56015,2022-09-30,223956.5927889479,2022,9,Goshen,62356.0,217200.0,736.0,37.0,5866.0,3815.0,5069.0,12592.0,218.14,3.5915804860630556,0.1044108579649456,0.006307534947153085,0.7526139277964096,0.13646906352846644,0.06924105764943933,0.06722800587902711,0
1045,Goshen County,WY,56015,2022-10-31,224089.8226336251,2022,10,Goshen,62356.0,217200.0,736.0,37.0,5866.0,3815.0,5069.0,12592.0,218.14,3.593717086304848,0.10434878177502407,0.006307534947153085,0.7526139277964096,0.1229642705018541,0.06924105764943933,0.05372321285241477,0
1045,Goshen County,WY,56015,2022-11-30,224737.79908691728,2022,11,Goshen,62356.0,217200.0,736.0,37.0,5866.0,3815.0,5069.0,12592.0,218.14,3.6041086517242493,0.10404791759554624,0.006307534947153085,0.7526139277964096,0.11268987089108573,0.06924105764943933,0.0434488132416464,0
1045,Goshen County,WY,56015,2022-12-31,225448.79864221168,2022,12,Goshen,62356.0,217200.0,736.0,37.0,5866.0,3815.0,5069.0,12592.0,218.14,3.615510915424525,0.10371978090293452,0.006307534947153085,0.7526139277964096,0.1022082225635923,0.06924105764943933,0.03296716491415297,0
1045,Goshen County,WY,56015,2023-01-31,226120.5203908504,2023,1,Goshen,64882.0,234600.0,759.0,71.0,5860.0,3742.0,5053.0,12587.0,234.49,3.4851040410414353,0.10760080490680005,0.012116040955631398,0.7405501682169009,0.08922375410250138,0.04050933350439423,0.048714420598107155,0
1045,Goshen County,WY,56015,2023-02-28,225953.3718661496,2023,2,Goshen,64882.0,234600.0,759.0,71.0,5860.0,3742.0,5053.0,12587.0,234.49,3.482527848496495,0.10768040237263227,0.012116040955631398,0.7405501682169009,0.07335383818829899,0.04050933350439423,0.03284450468390476,0
1045,Goshen County,WY,56015,2023-03-31,225864.58024684945,2023,3,Goshen,64882.0,234600.0,759.0,71.0,5860.0,3742.0,5053.0,12587.0,234.49,3.481159339213487,0.10772273356631969,0.012116040955631398,0.7405501682169009,0.05928150669562826,0.04050933350439423,0.01877217319123403,0
1045,Goshen County,WY,56015,2023-04-30,225812.3145542341,2023,4,Goshen,64882.0,234600.0,759.0,71.0,5860.0,3742.0,5053.0,12587.0,234.49,3.4803537892517817,0.10774766667632911,0.012116040955631398,0.7405501682169009,0.048389755017445024,0.04050933350439423,0.007880421513050795,0
1045,Goshen County,WY,56015,2023-05-31,226412.66130092947,2023,5,Goshen,64882.0,234600.0,759.0,71.0,5860.0,3742.0,5053.0,12587.0,234.49,3.48960669062189,0.10746196727779957,0.012116040955631398,0.7405501682169009,0.041199506829063814,0.04050933350439423,0.0006901733246695851,0
1045,Goshen County,WY,56015,2023-06-30,227889.2050984924,2023,6,Goshen,64882.0,234600.0,759.0,71.0,5860.0,3742.0,5053.0,12587.0,234.49,3.5123640624286,0.1067656977849582,0.012116040955631398,0.7405501682169009,0.03621669477740763,0.04050933350439423,-0.004292638726986597,0
1045,Goshen County,WY,56015,2023-07-31,229351.78919434396,2023,7,Goshen,64882.0,234600.0,759.0,71.0,5860.0,3742.0,5053.0,12587.0,234.49,3.5349062790040993,0.10608484932891911,0.012116040955631398,0.7405501682169009,0.03205389850835427,0.04050933350439423,-0.008455434996039957,0
1045,Goshen County,WY,56015,2023-08-31,231129.3186068852,2023,8,Goshen,64882.0,234600.0,759.0,71.0,5860.0,3742.0,5053.0,12587.0,234.49,3.5623026202472983,0.10526899030660318,0.012116040955631398,0.7405501682169009,0.03334377651099607,0.04050933350439423,-0.007165556993398159,0
1045,Goshen County,WY,56015,2023-09-30,231836.8737771553,2023,9,Goshen,64882.0,234600.0,759.0,71.0,5860.0,3742.0,5053.0,12587.0,234.49,3.573207881649075,0.10494771432859744,0.012116040955631398,0.7405501682169009,0.03518664438529662,0.04050933350439423,-0.005322689119097612,0
1045,Goshen County,WY,56015,2023-10-31,232447.8536338854,2023,10,Goshen,64882.0,234600.0,759.0,71.0,5860.0,3742.0,5053.0,12587.0,234.49,3.5826246668395765,0.10467186347232053,0.012116040955631398,0.7405501682169009,0.037297682250948316,0.04050933350439423,-0.003211651253445913,0
1045,Goshen County,WY,56015,2023-11-30,232836.87883858616,2023,11,Goshen,64882.0,234600.0,759.0,71.0,5860.0,3742.0,5053.0,12587.0,234.49,3.588620554831635,0.10449697711704535,0.012116040955631398,0.7405501682169009,0.036037906327170965,0.04050933350439423,-0.004471427177223264,0
1045,Goshen County,WY,56015,2023-12-31,233350.2892405026,2023,12,Goshen,64882.0,234600.0,759.0,71.0,5860.0,3742.0,5053.0,12587.0,234.49,3.5965335415138653,0.10426706595989473,0.012116040955631398,0.7405501682169009,0.035047827470709336,0.04050933350439423,-0.005461506033684893,0
3096,Hot Springs County,WY,56017,2014-01-31,136010.69889748123,2014,1,Hot Springs,45385.0,147600.0,628.0,199.0,2582.0,1620.0,2218.0,4826.0,171.92,2.996820511126611,0.1251326192568751,0.07707203718048025,0.7303877366997295,,,,0
3096,Hot Springs County,WY,56017,2014-02-28,136435.82474291432,2014,2,Hot Springs,45385.0,147600.0,628.0,199.0,2582.0,1620.0,2218.0,4826.0,171.92,3.006187611389541,0.12474271352168365,0.07707203718048025,0.7303877366997295,,,,0
3096,Hot Springs County,WY,56017,2014-03-31,136695.9220562931,2014,3,Hot Springs,45385.0,147600.0,628.0,199.0,2582.0,1620.0,2218.0,4826.0,171.92,3.0119185205749277,0.12450536010131456,0.07707203718048025,0.7303877366997295,,,,0
3096,Hot Springs County,WY,56017,2014-04-30,136663.06095172957,2014,4,Hot Springs,45385.0,147600.0,628.0,199.0,2582.0,1620.0,2218.0,4826.0,171.92,3.011194468474817,0.12453529784475831,0.07707203718048025,0.7303877366997295,,,,0
3096,Hot Springs County,WY,56017,2014-05-31,136685.9238962663,2014,5,Hot Springs,45385.0,147600.0,628.0,199.0,2582.0,1620.0,2218.0,4826.0,171.92,3.0116982240005794,0.12451446729010915,0.07707203718048025,0.7303877366997295,,,,0
3096,Hot Springs County,WY,56017,2014-06-30,136838.19103899188,2014,6,Hot Springs,45385.0,147600.0,628.0,199.0,2582.0,1620.0,2218.0,4826.0,171.92,3.01505323430631,0.12437591341112036,0.07707203718048025,0.7303877366997295,,,,0
3096,Hot Springs County,WY,56017,2014-07-31,137238.61938048044,2014,7,Hot Springs,45385.0,147600.0,628.0,199.0,2582.0,1620.0,2218.0,4826.0,171.92,3.023876156890612,0.12401301526369536,0.07707203718048025,0.7303877366997295,,,,0
3096,Hot Springs County,WY,56017,2014-08-31,137580.59393217732,2014,8,Hot Springs,45385.0,147600.0,628.0,199.0,2582.0,1620.0,2218.0,4826.0,171.92,3.031411125529962,0.12370476470242589,0.07707203718048025,0.7303877366997295,,,,0
3096,Hot Springs County,WY,56017,2014-09-30,137919.85520491286,2014,9,Hot Springs,45385.0,147600.0,628.0,199.0,2582.0,1620.0,2218.0,4826.0,171.92,3.0388863105632447,0.12340047032904476,0.07707203718048025,0.7303877366997295,,,,0
3096,Hot Springs County,WY,56017,2014-10-31,137925.47490868342,2014,10,Hot Springs,45385.0,147600.0,628.0,199.0,2582.0,1620.0,2218.0,4826.0,171.92,3.039010133495283,0.12339544243924518,0.07707203718048025,0.7303877366997295,,,,0
3096,Hot Springs County,WY,56017,2014-11-30,138249.73734440663,2014,11,Hot Springs,45385.0,147600.0,628.0,199.0,2582.0,1620.0,2218.0,4826.0,171.92,3.04615483847982,0.12310602050260297,0.07707203718048025,0.7303877366997295,,,,0
3096,Hot Springs County,WY,56017,2014-12-31,138630.90855084953,2014,12,Hot Springs,45385.0,147600.0,628.0,199.0,2582.0,1620.0,2218.0,4826.0,171.92,3.0545534549046938,0.12276753559439688,0.07707203718048025,0.7303877366997295,,,,0
3096,Hot Springs County,WY,56017,2015-01-31,139247.47324862177,2015,1,Hot Springs,45278.0,151600.0,669.0,183.0,2571.0,1621.0,2182.0,4809.0,168.09,3.0753892232126367,0.12193578528842752,0.07117852975495916,0.7428964252978918,0.023797939260501,-0.002357607138922524,0.026155546399423524,0
3096,Hot Springs County,WY,56017,2015-02-28,139791.93379383616,2015,2,Hot Springs,45278.0,151600.0,669.0,183.0,2571.0,1621.0,2182.0,4809.0,168.09,3.087414059672162,0.12146087073264784,0.07117852975495916,0.7428964252978918,0.024598444413303833,-0.002357607138922524,0.026956051552226357,0
3096,Hot Springs County,WY,56017,2015-03-31,140361.3111271039,2015,3,Hot Springs,45278.0,151600.0,669.0,183.0,2571.0,1621.0,2182.0,4809.0,168.09,3.0999892028601947,0.12096816326134538,0.07117852975495916,0.7428964252978918,0.026814180084328676,-0.002357607138922524,0.0291717872232512,0
3096,Hot Springs County,WY,56017,2015-04-30,140829.381871847,2015,4,Hot Springs,45278.0,151600.0,669.0,183.0,2571.0,1621.0,2182.0,4809.0,168.09,3.1103269109025797,0.12056610470285886,0.07117852975495916,0.7428964252978918,0.030486079348017947,-0.002357607138922524,0.03284368648694047,0
3096,Hot Springs County,WY,56017,2015-05-31,140991.04987826903,2015,5,Hot Springs,45278.0,151600.0,669.0,183.0,2571.0,1621.0,2182.0,4809.0,168.09,3.1138974751152664,0.12042785704950631,0.07117852975495916,0.7428964252978918,0.031496483758415295,-0.002357607138922524,0.03385409089733782,0
3096,Hot Springs County,WY,56017,2015-06-30,141224.94976520058,2015,6,Hot Springs,45278.0,151600.0,669.0,183.0,2571.0,1621.0,2182.0,4809.0,168.09,3.1190633368346785,0.120228401767744,0.07117852975495916,0.7428964252978918,0.03205799998451231,-0.002357607138922524,0.03441560712343483,0
3096,Hot Springs County,WY,56017,2015-07-31,141812.38767034214,2015,7,Hot Springs,45278.0,151600.0,669.0,183.0,2571.0,1621.0,2182.0,4809.0,168.09,3.1320373618609954,0.11973037249376309,0.07117852975495916,0.7428964252978918,0.03332712257313952,-0.002357607138922524,0.03568472971206205,0
3096,Hot Springs County,WY,56017,2015-08-31,142428.1965519938,2015,8,Hot Springs,45278.0,151600.0,669.0,183.0,2571.0,1621.0,2182.0,4809.0,168.09,3.145637982066209,0.11921270093314476,0.07117852975495916,0.7428964252978918,0.03523463943037042,-0.002357607138922524,0.03759224656929294,0
3096,Hot Springs County,WY,56017,2015-09-30,142940.290741144,2015,9,Hot Springs,45278.0,151600.0,669.0,183.0,2571.0,1621.0,2182.0,4809.0,168.09,3.1569479822682984,0.1187856125936414,0.07117852975495916,0.7428964252978918,0.0364011079388975,-0.002357607138922524,0.03875871507782003,0
3096,Hot Springs County,WY,56017,2015-10-31,142868.6902652226,2015,10,Hot Springs,45278.0,151600.0,669.0,183.0,2571.0,1621.0,2182.0,4809.0,168.09,3.155366629825138,0.11884514352640582,0.07117852975495916,0.7428964252978918,0.03583975592479893,-0.002357607138922524,0.03819736306372146,0
3096,Hot Springs County,WY,56017,2015-11-30,142559.61393943333,2015,11,Hot Springs,45278.0,151600.0,669.0,183.0,2571.0,1621.0,2182.0,4809.0,168.09,3.1485404377276676,0.11910280570213708,0.07117852975495916,0.7428964252978918,0.031174573477054546,-0.002357607138922524,0.03353218061597707,0
3096,Hot Springs County,WY,56017,2015-12-31,142241.87077410356,2015,12,Hot Springs,45278.0,151600.0,669.0,183.0,2571.0,1621.0,2182.0,4809.0,168.09,3.1415228317086346,0.11936886029124996,0.07117852975495916,0.7428964252978918,0.02604730980270209,-0.002357607138922524,0.028404916941624614,0
3096,Hot Springs County,WY,56017,2016-01-31,142375.8229760843,2016,1,Hot Springs,46087.0,147500.0,690.0,160.0,2607.0,1668.0,2262.0,4781.0,191.96,3.0892838105340834,0.12138735804114062,0.06137322593018796,0.7374005305039788,0.022466114856367847,0.017867396969830862,0.004598717886536985,0
3096,Hot Springs County,WY,56017,2016-02-29,142831.936064373,2016,2,Hot Springs,46087.0,147500.0,690.0,160.0,2607.0,1668.0,2262.0,4781.0,191.96,3.0991805946226267,0.12099972510497152,0.06137322593018796,0.7374005305039788,0.02174662148261164,0.017867396969830862,0.0038792245127807767,0
3096,Hot Springs County,WY,56017,2016-03-31,143325.83211846754,2016,3,Hot Springs,46087.0,147500.0,690.0,160.0,2607.0,1668.0,2262.0,4781.0,191.96,3.109897197007129,0.12058276407364484,0.06137322593018796,0.7374005305039788,0.0211206419173382,0.017867396969830862,0.003253244947507339,0
3096,Hot Springs County,WY,56017,2016-04-30,143558.02650440476,2016,4,Hot Springs,46087.0,147500.0,690.0,160.0,2607.0,1668.0,2262.0,4781.0,191.96,3.1149353723263555,0.1203877304587335,0.06137322593018796,0.7374005305039788,0.01937553510701906,0.017867396969830862,0.0015081381371881974,0
3096,Hot Springs County,WY,56017,2016-05-31,143969.37961428126,2016,5,Hot Springs,46087.0,147500.0,690.0,160.0,2607.0,1668.0,2262.0,4781.0,191.96,3.1238609502523764,0.120043755458995,0.06137322593018796,0.7374005305039788,0.021124246812714187,0.017867396969830862,0.003256849842883325,0
3096,Hot Springs County,WY,56017,2016-06-30,144407.43723851812,2016,6,Hot Springs,46087.0,147500.0,690.0,160.0,2607.0,1668.0,2262.0,4781.0,191.96,3.1333659652075014,0.11967960466921275,0.06137322593018796,0.7374005305039788,0.022534881255817263,0.017867396969830862,0.004667484285986401,0
3096,Hot Springs County,WY,56017,2016-07-31,144510.75383282136,2016,7,Hot Springs,46087.0,147500.0,690.0,160.0,2607.0,1668.0,2262.0,4781.0,191.96,3.135607738252031,0.11959404086974434,0.06137322593018796,0.7374005305039788,0.0190277182889822,0.017867396969830862,0.0011603213191513362,0
3096,Hot Springs County,WY,56017,2016-08-31,144292.85699199777,2016,8,Hot Springs,46087.0,147500.0,690.0,160.0,2607.0,1668.0,2262.0,4781.0,191.96,3.1308797923926006,0.11977463999453877,0.06137322593018796,0.7374005305039788,0.01309193323474589,0.017867396969830862,-0.004775463735084973,0
3096,Hot Springs County,WY,56017,2016-09-30,144358.8602859882,2016,9,Hot Springs,46087.0,147500.0,690.0,160.0,2607.0,1668.0,2262.0,4781.0,191.96,3.1323119379865947,0.11971987701871246,0.06137322593018796,0.7374005305039788,0.009924210574141945,0.017867396969830862,-0.007943186395688917,0
3096,Hot Springs County,WY,56017,2016-10-31,145036.8753947121,2016,10,Hot Springs,46087.0,147500.0,690.0,160.0,2607.0,1668.0,2262.0,4781.0,191.96,3.1470235726932123,0.11916021324208773,0.06137322593018796,0.7374005305039788,0.015176069196578101,0.017867396969830862,-0.0026913277732527607,0
3096,Hot Springs County,WY,56017,2016-11-30,146136.4835155408,2016,11,Hot Springs,46087.0,147500.0,690.0,160.0,2607.0,1668.0,2262.0,4781.0,191.96,3.1708829716740254,0.11826358883312042,0.06137322593018796,0.7374005305039788,0.025090342750416772,0.017867396969830862,0.00722294578058591,0
3096,Hot Springs County,WY,56017,2016-12-31,147140.60462211803,2016,12,Hot Springs,46087.0,147500.0,690.0,160.0,2607.0,1668.0,2262.0,4781.0,191.96,3.192670484564368,0.11745653108049069,0.06137322593018796,0.7374005305039788,0.034439464423202226,0.017867396969830862,0.016572067453371364,0
3096,Hot Springs County,WY,56017,2017-01-31,147890.85884870726,2017,1,Hot Springs,48403.0,147700.0,725.0,141.0,2589.0,1727.0,2246.0,4741.0,181.1,3.0554068724811945,0.12273324491656816,0.054461181923522596,0.7689225289403384,0.03873576115201338,0.05025278278039358,-0.011517021628380197,0
3096,Hot Springs County,WY,56017,2017-02-28,147952.26548845286,2017,2,Hot Springs,48403.0,147700.0,725.0,141.0,2589.0,1727.0,2246.0,4741.0,181.1,3.0566755260717904,0.12268230526971301,0.054461181923522596,0.7689225289403384,0.03584863137171346,0.05025278278039358,-0.014404151408680121,0
3096,Hot Springs County,WY,56017,2017-03-31,147449.65482532547,2017,3,Hot Springs,48403.0,147700.0,725.0,141.0,2589.0,1727.0,2246.0,4741.0,181.1,3.046291651867146,0.12310049163222876,0.054461181923522596,0.7689225289403384,0.02877236186878962,0.05025278278039358,-0.02148042091160396,0
3096,Hot Springs County,WY,56017,2017-04-30,147110.62347261325,2017,4,Hot Springs,48403.0,147700.0,725.0,141.0,2589.0,1727.0,2246.0,4741.0,181.1,3.0392873060061,0.12338418920085055,0.054461181923522596,0.7689225289403384,0.024746766549479604,0.05025278278039358,-0.025506016230913975,0
3096,Hot Springs County,WY,56017,2017-05-31,147242.3132163065,2017,5,Hot Springs,48403.0,147700.0,725.0,141.0,2589.0,1727.0,2246.0,4741.0,181.1,3.0420079998410534,0.1232738375505896,0.054461181923522596,0.7689225289403384,0.0227335396651287,0.05025278278039358,-0.02751924311526488,0
3096,Hot Springs County,WY,56017,2017-06-30,148155.43497153278,2017,6,Hot Springs,48403.0,147700.0,725.0,141.0,2589.0,1727.0,2246.0,4741.0,181.1,3.060872982491432,0.12251406776597587,0.054461181923522596,0.7689225289403384,0.025954326208449174,0.05025278278039358,-0.024298456571944405,0
3096,Hot Springs County,WY,56017,2017-07-31,149250.84917030984,2017,7,Hot Springs,48403.0,147700.0,725.0,141.0,2589.0,1727.0,2246.0,4741.0,181.1,3.0835041045040565,0.1216148859514212,0.054461181923522596,0.7689225289403384,0.032800986859234715,0.05025278278039358,-0.017451795921158864,0
3096,Hot Springs County,WY,56017,2017-08-31,150095.34458412172,2017,8,Hot Springs,48403.0,147700.0,725.0,141.0,2589.0,1727.0,2246.0,4741.0,181.1,3.1009512754193276,0.12093063279405783,0.054461181923522596,0.7689225289403384,0.04021326982558637,0.05025278278039358,-0.010039512954807206,0
3096,Hot Springs County,WY,56017,2017-09-30,150655.72654709243,2017,9,Hot Springs,48403.0,147700.0,725.0,141.0,2589.0,1727.0,2246.0,4741.0,181.1,3.1125286975413182,0.1204808168664353,0.054461181923522596,0.7689225289403384,0.04361953432321064,0.05025278278039358,-0.006633248457182939,0
3096,Hot Springs County,WY,56017,2017-10-31,150880.79212628285,2017,10,Hot Springs,48403.0,147700.0,725.0,141.0,2589.0,1727.0,2246.0,4741.0,181.1,3.1171785246014263,0.12030109826576224,0.054461181923522596,0.7689225289403384,0.04029262706926606,0.05025278278039358,-0.009960155711127516,0
3096,Hot Springs County,WY,56017,2017-11-30,151286.54549190472,2017,11,Hot Springs,48403.0,147700.0,725.0,141.0,2589.0,1727.0,2246.0,4741.0,181.1,3.125561339005944,0.11997844845344333,0.054461181923522596,0.7689225289403384,0.035241452732891476,0.05025278278039358,-0.015011330047502103,0
3096,Hot Springs County,WY,56017,2017-12-31,151543.7327646875,2017,12,Hot Springs,48403.0,147700.0,725.0,141.0,2589.0,1727.0,2246.0,4741.0,181.1,3.130874796287162,0.11977483112537891,0.054461181923522596,0.7689225289403384,0.029924629940711878,0.05025278278039358,-0.0203281528396817,0
3096,Hot Springs County,WY,56017,2018-01-31,151877.52313263368,2018,1,Hot Springs,51875.0,151800.0,720.0,92.0,2565.0,1681.0,2209.0,4680.0,190.89,2.9277594820748662,0.12808429186069692,0.03586744639376218,0.7609778180172023,0.02695679986553312,0.07173109104807551,-0.04477429118254239,0
3096,Hot Springs County,WY,56017,2018-02-28,151767.22591423706,2018,2,Hot Springs,51875.0,151800.0,720.0,92.0,2565.0,1681.0,2209.0,4680.0,190.89,2.925633270635895,0.12817737744638535,0.03586744639376218,0.7609778180172023,0.025785076106738858,0.07173109104807551,-0.045946014941336655,0
3096,Hot Springs County,WY,56017,2018-03-31,151287.484517958,2018,3,Hot Springs,51875.0,151800.0,720.0,92.0,2565.0,1681.0,2209.0,4680.0,190.89,2.916385243719672,0.12858383535150186,0.03586744639376218,0.7609778180172023,0.026028068340878452,0.07173109104807551,-0.04570302270719706,0
3096,Hot Springs County,WY,56017,2018-04-30,150193.8549104353,2018,4,Hot Springs,51875.0,151800.0,720.0,92.0,2565.0,1681.0,2209.0,4680.0,190.89,2.8953032271891144,0.12952011260114754,0.03586744639376218,0.7609778180172023,0.02095859133107436,0.07173109104807551,-0.05077249971700115,0
3096,Hot Springs County,WY,56017,2018-05-31,149465.67142435993,2018,5,Hot Springs,51875.0,151800.0,720.0,92.0,2565.0,1681.0,2209.0,4680.0,190.89,2.8812659551683844,0.13015112309480803,0.03586744639376218,0.7609778180172023,0.015099995099826957,0.07173109104807551,-0.056631095948248555,0
3096,Hot Springs County,WY,56017,2018-06-30,148829.75006862404,2018,6,Hot Springs,51875.0,151800.0,720.0,92.0,2565.0,1681.0,2209.0,4680.0,190.89,2.8690072302385357,0.13070723421244973,0.03586744639376218,0.7609778180172023,0.004551403039792845,0.07173109104807551,-0.06717968800828267,0
3096,Hot Springs County,WY,56017,2018-07-31,149034.16913174733,2018,7,Hot Springs,51875.0,151800.0,720.0,92.0,2565.0,1681.0,2209.0,4680.0,190.89,2.872947838684286,0.1305279528401523,0.03586744639376218,0.7609778180172023,-0.0014517842931349723,0.07173109104807551,-0.07318287534121048,0
3096,Hot Springs County,WY,56017,2018-08-31,149312.5548661376,2018,8,Hot Springs,51875.0,151800.0,720.0,92.0,2565.0,1681.0,2209.0,4680.0,190.89,2.8783143106725317,0.1302845900496459,0.03586744639376218,0.7609778180172023,-0.005215283126555614,0.07173109104807551,-0.07694637417463113,0
3096,Hot Springs County,WY,56017,2018-09-30,149906.2756134783,2018,9,Hot Springs,51875.0,151800.0,720.0,92.0,2565.0,1681.0,2209.0,4680.0,190.89,2.889759529898377,0.1297685832056716,0.03586744639376218,0.7609778180172023,-0.004974593072503364,0.07173109104807551,-0.07670568412057888,0
3096,Hot Springs County,WY,56017,2018-10-31,149945.3435425931,2018,10,Hot Springs,51875.0,151800.0,720.0,92.0,2565.0,1681.0,2209.0,4680.0,190.89,2.890512646604204,0.129734772287038,0.03586744639376218,0.7609778180172023,-0.006199918296470819,0.07173109104807551,-0.07793100934454633,0
3096,Hot Springs County,WY,56017,2018-11-30,149996.44980134445,2018,11,Hot Springs,51875.0,151800.0,720.0,92.0,2565.0,1681.0,2209.0,4680.0,190.89,2.8914978274957965,0.12969056951523686,0.03586744639376218,0.7609778180172023,-0.008527497844342702,0.07173109104807551,-0.08025858889241821,0
3096,Hot Springs County,WY,56017,2018-12-31,150296.3384563222,2018,12,Hot Springs,51875.0,151800.0,720.0,92.0,2565.0,1681.0,2209.0,4680.0,190.89,2.89727881361585,0.1294317958760738,0.03586744639376218,0.7609778180172023,-0.008231249723155587,0.07173109104807551,-0.0799623407712311,0
3096,Hot Springs County,WY,56017,2019-01-31,151146.06382542127,2019,1,Hot Springs,51413.0,147300.0,730.0,126.0,2611.0,1593.0,2118.0,4607.0,178.94,2.9398413596837623,0.1275579033422193,0.04825737265415549,0.7521246458923513,-0.004816112958160534,-0.008906024096385523,0.004089911138224989,0
3096,Hot Springs County,WY,56017,2019-02-28,152370.11200862218,2019,2,Hot Springs,51413.0,147300.0,730.0,126.0,2611.0,1593.0,2118.0,4607.0,178.94,2.963649505156715,0.12653318125085455,0.04825737265415549,0.7521246458923513,0.003972439311276554,-0.008906024096385523,0.012878463407662077,0
3096,Hot Springs County,WY,56017,2019-03-31,153506.74605475937,2019,3,Hot Springs,51413.0,147300.0,730.0,126.0,2611.0,1593.0,2118.0,4607.0,178.94,2.9857574165047627,0.1255962717959146,0.04825737265415549,0.7521246458923513,0.014669168066826721,-0.008906024096385523,0.023575192163212244,0
3096,Hot Springs County,WY,56017,2019-04-30,154365.51912103113,2019,4,Hot Springs,51413.0,147300.0,730.0,126.0,2611.0,1593.0,2118.0,4607.0,178.94,3.0024608391074463,0.12489754907560352,0.04825737265415549,0.7521246458923513,0.02777519901252634,-0.008906024096385523,0.036681223108911865,0
3096,Hot Springs County,WY,56017,2019-05-31,154807.8767923311,2019,5,Hot Springs,51413.0,147300.0,730.0,126.0,2611.0,1593.0,2118.0,4607.0,178.94,3.011064843372904,0.12454065903806186,0.04825737265415549,0.7521246458923513,0.03574202234574453,-0.008906024096385523,0.04464804644213005,0
3096,Hot Springs County,WY,56017,2019-06-30,154974.0331590684,2019,6,Hot Springs,51413.0,147300.0,730.0,126.0,2611.0,1593.0,2118.0,4607.0,178.94,3.014296640131259,0.12440713200133827,0.04825737265415549,0.7521246458923513,0.04128397103140524,-0.008906024096385523,0.050189995127790765,0
3096,Hot Springs County,WY,56017,2019-07-31,154977.2237227422,2019,7,Hot Springs,51413.0,147300.0,730.0,126.0,2611.0,1593.0,2118.0,4607.0,178.94,3.0143586976590004,0.124404570793526,0.04825737265415549,0.7521246458923513,0.03987712767896312,-0.008906024096385523,0.04878315177534864,0
3096,Hot Springs County,WY,56017,2019-08-31,154970.7482277071,2019,8,Hot Springs,51413.0,147300.0,730.0,126.0,2611.0,1593.0,2118.0,4607.0,178.94,3.0142327471205164,0.1244097690724898,0.04825737265415549,0.7521246458923513,0.03789496045153218,-0.008906024096385523,0.0468009845479177,0
3096,Hot Springs County,WY,56017,2019-09-30,154901.17092261373,2019,9,Hot Springs,51413.0,147300.0,730.0,126.0,2611.0,1593.0,2118.0,4607.0,178.94,3.0128794453273247,0.12446565048647651,0.04825737265415549,0.7521246458923513,0.03332012144717944,-0.008906024096385523,0.042226145543564964,0
3096,Hot Springs County,WY,56017,2019-10-31,154996.20428305867,2019,10,Hot Springs,51413.0,147300.0,730.0,126.0,2611.0,1593.0,2118.0,4607.0,178.94,3.0147278758885627,0.12438933643039747,0.04825737265415549,0.7521246458923513,0.033684678837864857,-0.008906024096385523,0.04259070293425038,0
3096,Hot Springs County,WY,56017,2019-11-30,155121.1014095424,2019,11,Hot Springs,51413.0,147300.0,730.0,126.0,2611.0,1593.0,2118.0,4607.0,178.94,3.017157166661008,0.12428918325623739,0.04825737265415549,0.7521246458923513,0.03416515267518028,-0.008906024096385523,0.0430711767715658,0
3096,Hot Springs County,WY,56017,2019-12-31,155374.46118973932,2019,12,Hot Springs,51413.0,147300.0,730.0,126.0,2611.0,1593.0,2118.0,4607.0,178.94,3.022085098899876,0.12408651236740836,0.04825737265415549,0.7521246458923513,0.03378740151339654,-0.008906024096385523,0.042693425609782065,0
3096,Hot Springs County,WY,56017,2020-01-31,155577.12916411716,2020,1,Hot Springs,53398.0,164400.0,739.0,185.0,2641.0,1555.0,2187.0,4550.0,188.5,2.913538506388201,0.12870947103591665,0.07004922377887164,0.7110196616369456,0.029316445473657193,0.03860891214284323,-0.00929246666918604,0
3096,Hot Springs County,WY,56017,2020-02-29,155883.43690248072,2020,2,Hot Springs,53398.0,164400.0,739.0,185.0,2641.0,1555.0,2187.0,4550.0,188.5,2.9192748212008075,0.12845655958000843,0.07004922377887164,0.7110196616369456,0.02305783494902025,0.03860891214284323,-0.015551077193822982,0
3096,Hot Springs County,WY,56017,2020-03-31,156158.58868464362,2020,3,Hot Springs,53398.0,164400.0,739.0,185.0,2641.0,1555.0,2187.0,4550.0,188.5,2.924427669288056,0.12823021883502173,0.07004922377887164,0.7110196616369456,0.017275088541960804,0.03860891214284323,-0.02133382360088243,0
3096,Hot Springs County,WY,56017,2020-04-30,156457.38037237668,2020,4,Hot Springs,53398.0,164400.0,739.0,185.0,2641.0,1555.0,2187.0,4550.0,188.5,2.930023228817122,0.12798533346487873,0.07004922377887164,0.7110196616369456,0.013551350478116841,0.03860891214284323,-0.02505756166472639,0
3096,Hot Springs County,WY,56017,2020-05-31,156248.27842060695,2020,5,Hot Springs,53398.0,164400.0,739.0,185.0,2641.0,1555.0,2187.0,4550.0,188.5,2.9261073152666195,0.12815661204340723,0.07004922377887164,0.7110196616369456,0.009304446634896157,0.03860891214284323,-0.029304465507947075,0
3096,Hot Springs County,WY,56017,2020-06-30,155994.18816871455,2020,6,Hot Springs,53398.0,164400.0,739.0,185.0,2641.0,1555.0,2187.0,4550.0,188.5,2.9213488926310824,0.12836535921673503,0.07004922377887164,0.7110196616369456,0.006582748018173046,0.03860891214284323,-0.03202616412467019,0
3096,Hot Springs County,WY,56017,2020-07-31,155822.22481509988,2020,7,Hot Springs,53398.0,164400.0,739.0,185.0,2641.0,1555.0,2187.0,4550.0,188.5,2.918128484495672,0.12850702153534876,0.07004922377887164,0.7110196616369456,0.00545242114976463,0.03860891214284323,-0.0331564909930786,0
3096,Hot Springs County,WY,56017,2020-08-31,156378.54503439376,2020,8,Hot Springs,53398.0,164400.0,739.0,185.0,2641.0,1555.0,2187.0,4550.0,188.5,2.928546856331581,0.1280498548927916,0.07004922377887164,0.7110196616369456,0.009084274437509254,0.03860891214284323,-0.029524637705333978,0
3096,Hot Springs County,WY,56017,2020-09-30,157135.45969780305,2020,9,Hot Springs,53398.0,164400.0,739.0,185.0,2641.0,1555.0,2187.0,4550.0,188.5,2.9427218191281144,0.12743304432054914,0.07004922377887164,0.7110196616369456,0.014423963110682614,0.03860891214284323,-0.02418494903216062,0
3096,Hot Springs County,WY,56017,2020-10-31,157779.38343067927,2020,10,Hot Springs,53398.0,164400.0,739.0,185.0,2641.0,1555.0,2187.0,4550.0,188.5,2.9547807676444675,0.12691296901155466,0.07004922377887164,0.7110196616369456,0.017956434226853002,0.03860891214284323,-0.02065247791599023,0
3096,Hot Springs County,WY,56017,2020-11-30,158786.71417793128,2020,11,Hot Springs,53398.0,164400.0,739.0,185.0,2641.0,1555.0,2187.0,4550.0,188.5,2.9736453458543632,0.12610784286121993,0.07004922377887164,0.7110196616369456,0.02363065202013437,0.03860891214284323,-0.014978260122708864,0
3096,Hot Springs County,WY,56017,2020-12-31,160293.42583984553,2020,12,Hot Springs,53398.0,164400.0,739.0,185.0,2641.0,1555.0,2187.0,4550.0,188.5,3.0018619768501726,0.12492246575356677,0.07004922377887164,0.7110196616369456,0.03165877205584833,0.03860891214284323,-0.006950140086994905,0
3096,Hot Springs County,WY,56017,2021-01-31,161880.53998148962,2021,1,Hot Springs,60805.0,178800.0,734.0,171.0,2531.0,1553.0,2085.0,4673.0,211.01,2.662289942956823,0.14085618322379762,0.0675622283682339,0.7448441247002399,0.04051630757836544,0.1387130604142477,-0.09819675283588225,0
3096,Hot Springs County,WY,56017,2021-02-28,163454.678701681,2021,2,Hot Springs,60805.0,178800.0,734.0,171.0,2531.0,1553.0,2085.0,4673.0,211.01,2.6881782534607517,0.13949967771565233,0.0675622283682339,0.7448441247002399,0.04856989266882006,0.1387130604142477,-0.09014316774542763,0
3096,Hot Springs County,WY,56017,2021-03-31,165547.67290951565,2021,3,Hot Springs,60805.0,178800.0,734.0,171.0,2531.0,1553.0,2085.0,4673.0,211.01,2.722599669591574,0.1377360043741778,0.0675622283682339,0.7448441247002399,0.060125314297204246,0.1387130604142477,-0.07858774611704344,0
3096,Hot Springs County,WY,56017,2021-04-30,167903.60931891846,2021,4,Hot Springs,60805.0,178800.0,734.0,171.0,2531.0,1553.0,2085.0,4673.0,211.01,2.761345437364007,0.13580336415931238,0.0675622283682339,0.7448441247002399,0.07315876642763142,0.1387130604142477,-0.06555429398661627,0
3096,Hot Springs County,WY,56017,2021-05-31,170335.25717151587,2021,5,Hot Springs,60805.0,178800.0,734.0,171.0,2531.0,1553.0,2085.0,4673.0,211.01,2.801336356739016,0.1338646817965589,0.0675622283682339,0.7448441247002399,0.09015765737263348,0.1387130604142477,-0.04855540304161421,0
3096,Hot Springs County,WY,56017,2021-06-30,172388.27722058477,2021,6,Hot Springs,60805.0,178800.0,734.0,171.0,2531.0,1553.0,2085.0,4673.0,211.01,2.8351003572170836,0.132270449984387,0.0675622283682339,0.7448441247002399,0.10509422975514515,0.1387130604142477,-0.03361883065910254,0
3096,Hot Springs County,WY,56017,2021-07-31,174718.7631054615,2021,7,Hot Springs,60805.0,178800.0,734.0,171.0,2531.0,1553.0,2085.0,4673.0,211.01,2.873427565257158,0.1305061608422481,0.0675622283682339,0.7448441247002399,0.12126985295444492,0.1387130604142477,-0.017443207459802768,0
3096,Hot Springs County,WY,56017,2021-08-31,176586.07541336268,2021,8,Hot Springs,60805.0,178800.0,734.0,171.0,2531.0,1553.0,2085.0,4673.0,211.01,2.9041374132614535,0.12912612133558143,0.0675622283682339,0.7448441247002399,0.12922188510274535,0.1387130604142477,-0.009491175311502342,0
3096,Hot Springs County,WY,56017,2021-09-30,177882.2540843908,2021,9,Hot Springs,60805.0,178800.0,734.0,171.0,2531.0,1553.0,2085.0,4673.0,211.01,2.9254543883626476,0.12818521508717978,0.0675622283682339,0.7448441247002399,0.13203127051327046,0.1387130604142477,-0.006681789900977231,0
3096,Hot Springs County,WY,56017,2021-10-31,179590.1717078651,2021,10,Hot Springs,60805.0,178800.0,734.0,171.0,2531.0,1553.0,2085.0,4673.0,211.01,2.9535428288440935,0.12696616292060373,0.0675622283682339,0.7448441247002399,0.13823598370675882,0.1387130604142477,-0.000477076707488866,0
3096,Hot Springs County,WY,56017,2021-11-30,182382.8880091376,2021,11,Hot Springs,60805.0,178800.0,734.0,171.0,2531.0,1553.0,2085.0,4673.0,211.01,2.999471885686006,0.1250220086374419,0.0675622283682339,0.7448441247002399,0.14860294800713114,0.1387130604142477,0.00988988759288345,0
3096,Hot Springs County,WY,56017,2021-12-31,186073.88382368055,2021,12,Hot Springs,60805.0,178800.0,734.0,171.0,2531.0,1553.0,2085.0,4673.0,211.01,3.06017406173309,0.1225420490583544,0.0675622283682339,0.7448441247002399,0.1608329090775884,0.1387130604142477,0.022119848663340713,0
3096,Hot Springs County,WY,56017,2022-01-31,189832.6522504314,2022,1,Hot Springs,64031.0,191200.0,824.0,159.0,2552.0,1503.0,2105.0,4616.0,241.37,2.96469916525482,0.12648838182128613,0.06230407523510972,0.7140142517814727,0.1726712319599253,0.05305484746320199,0.1196163844967233,0
3096,Hot Springs County,WY,56017,2022-02-28,192957.13824802465,2022,2,Hot Springs,64031.0,191200.0,824.0,159.0,2552.0,1503.0,2105.0,4616.0,241.37,3.013495623182906,0.1244402006477509,0.06230407523510972,0.7140142517814727,0.18049320937572055,0.05305484746320199,0.12743836191251856,0
3096,Hot Springs County,WY,56017,2022-03-31,195769.5719562847,2022,3,Hot Springs,64031.0,191200.0,824.0,159.0,2552.0,1503.0,2105.0,4616.0,241.37,3.0574186246706234,0.1226524876162154,0.06230407523510972,0.7140142517814727,0.18255707564846047,0.05305484746320199,0.12950222818525847,0
3096,Hot Springs County,WY,56017,2022-04-30,198593.4880805944,2022,4,Hot Springs,64031.0,191200.0,824.0,159.0,2552.0,1503.0,2105.0,4616.0,241.37,3.1015209520481393,0.12090842067417365,0.06230407523510972,0.7140142517814727,0.1827827220996967,0.05305484746320199,0.1297278746364947,0
3096,Hot Springs County,WY,56017,2022-05-31,201414.2998809789,2022,5,Hot Springs,64031.0,191200.0,824.0,159.0,2552.0,1503.0,2105.0,4616.0,241.37,3.1455747978475883,0.11921509552295495,0.06230407523510972,0.7140142517814727,0.18245807254201396,0.05305484746320199,0.12940322507881197,0
3096,Hot Springs County,WY,56017,2022-06-30,204368.7684939301,2022,6,Hot Springs,64031.0,191200.0,824.0,159.0,2552.0,1503.0,2105.0,4616.0,241.37,3.1917160202703396,0.1174916557796509,0.06230407523510972,0.7140142517814727,0.18551430404066105,0.05305484746320199,0.13245945657745906,0
3096,Hot Springs County,WY,56017,2022-07-31,206608.40583624327,2022,7,Hot Springs,64031.0,191200.0,824.0,159.0,2552.0,1503.0,2105.0,4616.0,241.37,3.226693411570072,0.11621804496682232,0.06230407523510972,0.7140142517814727,0.18251985169751328,0.05305484746320199,0.1294650042343113,0
3096,Hot Springs County,WY,56017,2022-08-31,207768.685001502,2022,8,Hot Springs,64031.0,191200.0,824.0,159.0,2552.0,1503.0,2105.0,4616.0,241.37,3.2448139963689773,0.11556902812291665,0.06230407523510972,0.7140142517814727,0.1765858916969829,0.05305484746320199,0.12353104423378092,0
3096,Hot Springs County,WY,56017,2022-09-30,208347.5658366447,2022,9,Hot Springs,64031.0,191200.0,824.0,159.0,2552.0,1503.0,2105.0,4616.0,241.37,3.2538546303609923,0.11524792672080632,0.06230407523510972,0.7140142517814727,0.17126672870808446,0.05305484746320199,0.11821188124488247,0
3096,Hot Springs County,WY,56017,2022-10-31,209247.8136043473,2022,10,Hot Springs,64031.0,191200.0,824.0,159.0,2552.0,1503.0,2105.0,4616.0,241.37,3.267914191631355,0.11475209507040285,0.06230407523510972,0.7140142517814727,0.1651406734257459,0.05305484746320199,0.1120858259625439,0
3096,Hot Springs County,WY,56017,2022-11-30,210609.5617323581,2022,11,Hot Springs,64031.0,191200.0,824.0,159.0,2552.0,1503.0,2105.0,4616.0,241.37,3.2891812049219613,0.11401013706354836,0.06230407523510972,0.7140142517814727,0.1547660201641632,0.05305484746320199,0.1017111727009612,0
3096,Hot Springs County,WY,56017,2022-12-31,211577.1556502149,2022,12,Hot Springs,64031.0,191200.0,824.0,159.0,2552.0,1503.0,2105.0,4616.0,241.37,3.304292540335383,0.11348874090970704,0.06230407523510972,0.7140142517814727,0.1370599210510417,0.05305484746320199,0.08400507358783971,0
3096,Hot Springs County,WY,56017,2023-01-31,211910.1976939097,2023,1,Hot Springs,64375.0,214400.0,976.0,227.0,2490.0,1510.0,2079.0,4618.0,259.3,3.291808896216073,0.11391912830391267,0.09116465863453815,0.7263107263107264,0.11630004207259947,0.005372397744842328,0.11092764432775715,0
3096,Hot Springs County,WY,56017,2023-02-28,211729.3230084173,2023,2,Hot Springs,64375.0,214400.0,976.0,227.0,2490.0,1510.0,2079.0,4618.0,259.3,3.288999192363764,0.11401644636175542,0.09116465863453815,0.7263107263107264,0.09728681162478225,0.005372397744842328,0.09191441387993993,0
3096,Hot Springs County,WY,56017,2023-03-31,211957.95213787013,2023,3,Hot Springs,64375.0,214400.0,976.0,227.0,2490.0,1510.0,2079.0,4618.0,259.3,3.2925507128212836,0.1138934621537459,0.09116465863453815,0.7263107263107264,0.08269099237342314,0.005372397744842328,0.07731859462858082,0
3096,Hot Springs County,WY,56017,2023-04-30,212714.30707764745,2023,4,Hot Springs,64375.0,214400.0,976.0,227.0,2490.0,1510.0,2079.0,4618.0,259.3,3.3042999157692807,0.11348848759471504,0.09116465863453815,0.7263107263107264,0.07110413908094748,0.005372397744842328,0.06573174133610515,0
3096,Hot Springs County,WY,56017,2023-05-31,214056.12501187687,2023,5,Hot Springs,64375.0,214400.0,976.0,227.0,2490.0,1510.0,2079.0,4618.0,259.3,3.325143689504883,0.11277708123820593,0.09116465863453815,0.7263107263107264,0.06276528100719925,0.005372397744842328,0.05739288326235692,0
3096,Hot Springs County,WY,56017,2023-06-30,215667.50856696232,2023,6,Hot Springs,64375.0,214400.0,976.0,227.0,2490.0,1510.0,2079.0,4618.0,259.3,3.35017489036058,0.11193445484860602,0.09116465863453815,0.7263107263107264,0.05528604079917332,0.005372397744842328,0.04991364305433099,0
3096,Hot Springs County,WY,56017,2023-07-31,217112.23082011903,2023,7,Hot Springs,64375.0,214400.0,976.0,227.0,2490.0,1510.0,2079.0,4618.0,259.3,3.372617177788257,0.11118961335716224,0.09116465863453815,0.7263107263107264,0.05083929156396971,0.005372397744842328,0.045466893819127385,0
3096,Hot Springs County,WY,56017,2023-08-31,218850.22306448928,2023,8,Hot Springs,64375.0,214400.0,976.0,227.0,2490.0,1510.0,2079.0,4618.0,259.3,3.399615115564882,0.11030660449857711,0.09116465863453815,0.7263107263107264,0.05333593973946171,0.005372397744842328,0.047963541994619385,0
3096,Hot Springs County,WY,56017,2023-09-30,220334.74957536763,2023,9,Hot Springs,64375.0,214400.0,976.0,227.0,2490.0,1510.0,2079.0,4618.0,259.3,3.422675721559109,0.10956340316960518,0.09116465863453815,0.7263107263107264,0.05753455141454111,0.005372397744842328,0.052162153669698785,0
3096,Hot Springs County,WY,56017,2023-10-31,221393.84318200385,2023,10,Hot Springs,64375.0,214400.0,976.0,227.0,2490.0,1510.0,2079.0,4618.0,259.3,3.4391276610796715,0.10903927883917905,0.09116465863453815,0.7263107263107264,0.05804614809798059,0.005372397744842328,0.05267375035313826,0
3096,Hot Springs County,WY,56017,2023-11-30,222144.4624719756,2023,11,Hot Springs,64375.0,214400.0,976.0,227.0,2490.0,1510.0,2079.0,4618.0,259.3,3.450787766554961,0.10867083847766601,0.09116465863453815,0.7263107263107264,0.0547691218040518,0.005372397744842328,0.049396724059209474,0
3096,Hot Springs County,WY,56017,2023-12-31,222048.6145237702,2023,12,Hot Springs,64375.0,214400.0,976.0,227.0,2490.0,1510.0,2079.0,4618.0,259.3,3.4492988663886632,0.10871774656993302,0.09116465863453815,0.7263107263107264,0.04949238891776675,0.005372397744842328,0.04411999117292442,0
1828,Johnson County,WY,56019,2014-01-31,216784.7553473109,2014,1,Johnson,56708.0,225400.0,792.0,394.0,4544.0,2809.0,3785.0,8599.0,164.03,3.8228249161901475,0.0980949973439347,0.08670774647887323,0.7421400264200793,,,,1
1828,Johnson County,WY,56019,2014-02-28,216811.79042431296,2014,2,Johnson,56708.0,225400.0,792.0,394.0,4544.0,2809.0,3785.0,8599.0,164.03,3.8233016580431856,0.09808276551004079,0.08670774647887323,0.7421400264200793,,,,1
1828,Johnson County,WY,56019,2014-03-31,217185.09786295253,2014,3,Johnson,56708.0,225400.0,792.0,394.0,4544.0,2809.0,3785.0,8599.0,164.03,3.8298846346715196,0.09791417647549136,0.08670774647887323,0.7421400264200793,,,,1
1828,Johnson County,WY,56019,2014-04-30,217654.7876921805,2014,4,Johnson,56708.0,225400.0,792.0,394.0,4544.0,2809.0,3785.0,8599.0,164.03,3.838167237288927,0.09770288182254391,0.08670774647887323,0.7421400264200793,,,,1
1828,Johnson County,WY,56019,2014-05-31,218283.708102288,2014,5,Johnson,56708.0,225400.0,792.0,394.0,4544.0,2809.0,3785.0,8599.0,164.03,3.849257743215913,0.09742137965713392,0.08670774647887323,0.7421400264200793,,,,1
1828,Johnson County,WY,56019,2014-06-30,218871.01194203188,2014,6,Johnson,56708.0,225400.0,792.0,394.0,4544.0,2809.0,3785.0,8599.0,164.03,3.8596143743745484,0.09715996564054893,0.08670774647887323,0.7421400264200793,,,,1
1828,Johnson County,WY,56019,2014-07-31,219685.52785677207,2014,7,Johnson,56708.0,225400.0,792.0,394.0,4544.0,2809.0,3785.0,8599.0,164.03,3.8739777078502518,0.09679973099486289,0.08670774647887323,0.7421400264200793,,,,1
1828,Johnson County,WY,56019,2014-08-31,220851.42278816947,2014,8,Johnson,56708.0,225400.0,792.0,394.0,4544.0,2809.0,3785.0,8599.0,164.03,3.894537327857965,0.09628871633033076,0.08670774647887323,0.7421400264200793,,,,1
1828,Johnson County,WY,56019,2014-09-30,222093.3462506429,2014,9,Johnson,56708.0,225400.0,792.0,394.0,4544.0,2809.0,3785.0,8599.0,164.03,3.9164376499020053,0.09575027959640388,0.08670774647887323,0.7421400264200793,,,,1
1828,Johnson County,WY,56019,2014-10-31,223163.67070612105,2014,10,Johnson,56708.0,225400.0,792.0,394.0,4544.0,2809.0,3785.0,8599.0,164.03,3.935311961383245,0.09529104774407493,0.08670774647887323,0.7421400264200793,,,,1
1828,Johnson County,WY,56019,2014-11-30,223824.08276510064,2014,11,Johnson,56708.0,225400.0,792.0,394.0,4544.0,2809.0,3785.0,8599.0,164.03,3.946957797226152,0.09500988337487239,0.08670774647887323,0.7421400264200793,,,,1
1828,Johnson County,WY,56019,2014-12-31,224722.8243017761,2014,12,Johnson,56708.0,225400.0,792.0,394.0,4544.0,2809.0,3785.0,8599.0,164.03,3.962806381846937,0.09462990715817522,0.08670774647887323,0.7421400264200793,,,,1
1828,Johnson County,WY,56019,2015-01-31,225929.54744749377,2015,1,Johnson,54065.0,227700.0,854.0,479.0,4532.0,2623.0,3649.0,8600.0,175.96,4.178850410570494,0.0897375984197542,0.1056928508384819,0.7188270759112085,0.04218374158981808,-0.04660718064470626,0.08879092223452434,1
1828,Johnson County,WY,56019,2015-02-28,227538.69426551464,2015,2,Johnson,54065.0,227700.0,854.0,479.0,4532.0,2623.0,3649.0,8600.0,175.96,4.20861359965809,0.08910297681651393,0.1056928508384819,0.7188270759112085,0.04947564807342131,-0.04660718064470626,0.09608282871812757,1
1828,Johnson County,WY,56019,2015-03-31,229204.81281767145,2015,3,Johnson,54065.0,227700.0,854.0,479.0,4532.0,2623.0,3649.0,8600.0,175.96,4.239430552440052,0.08845527609460767,0.1056928508384819,0.7188270759112085,0.055343184560036285,-0.04660718064470626,0.10195036520474254,1
1828,Johnson County,WY,56019,2015-04-30,230435.55880634647,2015,4,Johnson,54065.0,227700.0,854.0,479.0,4532.0,2623.0,3649.0,8600.0,175.96,4.262194743481855,0.08798284043062202,0.1056928508384819,0.7188270759112085,0.058720376655537976,-0.04660718064470626,0.10532755730024423,1
1828,Johnson County,WY,56019,2015-05-31,232020.07090949945,2015,5,Johnson,54065.0,227700.0,854.0,479.0,4532.0,2623.0,3649.0,8600.0,175.96,4.291502282613511,0.08738198777599769,0.1056928508384819,0.7188270759112085,0.06292894200227983,-0.04660718064470626,0.10953612264698609,1
1828,Johnson County,WY,56019,2015-06-30,233606.4893913349,2015,6,Johnson,54065.0,227700.0,854.0,479.0,4532.0,2623.0,3649.0,8600.0,175.96,4.320845082610467,0.08678857788936077,0.1056928508384819,0.7188270759112085,0.06732493864105549,-0.04660718064470626,0.11393211928576175,1
1828,Johnson County,WY,56019,2015-07-31,235424.37424874213,2015,7,Johnson,54065.0,227700.0,854.0,479.0,4532.0,2623.0,3649.0,8600.0,175.96,4.35446914360015,0.08611841940621968,0.1056928508384819,0.7188270759112085,0.07164261818025297,-0.04660718064470626,0.11824979882495923,1
1828,Johnson County,WY,56019,2015-08-31,236835.0474250049,2015,8,Johnson,54065.0,227700.0,854.0,479.0,4532.0,2623.0,3649.0,8600.0,175.96,4.380561313696567,0.08560546768915184,0.1056928508384819,0.7188270759112085,0.07237274922229586,-0.04660718064470626,0.11897992986700212,1
1828,Johnson County,WY,56019,2015-09-30,238533.5373684274,2015,9,Johnson,54065.0,227700.0,854.0,479.0,4532.0,2623.0,3649.0,8600.0,175.96,4.411977015970173,0.08499590968914855,0.1056928508384819,0.7188270759112085,0.07402378952510791,-0.04660718064470626,0.12063097016981417,1
1828,Johnson County,WY,56019,2015-10-31,240259.58149447045,2015,10,Johnson,54065.0,227700.0,854.0,479.0,4532.0,2623.0,3649.0,8600.0,175.96,4.443902367418301,0.08438529224886131,0.1056928508384819,0.7188270759112085,0.07660705138186485,-0.04660718064470626,0.12321423202657111,1
1828,Johnson County,WY,56019,2015-11-30,241719.5524467317,2015,11,Johnson,54065.0,227700.0,854.0,479.0,4532.0,2623.0,3649.0,8600.0,175.96,4.4709063617262865,0.08387561037069152,0.1056928508384819,0.7188270759112085,0.07995328054314887,-0.04660718064470626,0.12656046118785513,1
1828,Johnson County,WY,56019,2015-12-31,242850.25053268688,2015,12,Johnson,54065.0,227700.0,854.0,479.0,4532.0,2623.0,3649.0,8600.0,175.96,4.491820041296345,0.08348508990840481,0.1056928508384819,0.7188270759112085,0.08066571024653824,-0.04660718064470626,0.1272728908912445,1
1828,Johnson County,WY,56019,2016-01-31,243985.65954503373,2016,1,Johnson,54594.0,247800.0,871.0,528.0,4536.0,2688.0,3668.0,8572.0,182.87,4.469092932282553,0.08390964468229836,0.1164021164021164,0.732824427480916,0.07991921508954558,0.009784518634976314,0.07013469645456927,1
1828,Johnson County,WY,56019,2016-02-29,244966.7817387858,2016,2,Johnson,54594.0,247800.0,871.0,528.0,4536.0,2688.0,3668.0,8572.0,182.87,4.48706417809257,0.08357357619952979,0.1164021164021164,0.732824427480916,0.07659395044666262,0.009784518634976314,0.0668094318116863,1
1828,Johnson County,WY,56019,2016-03-31,245260.86598768493,2016,3,Johnson,54594.0,247800.0,871.0,528.0,4536.0,2688.0,3668.0,8572.0,182.87,4.492450928447905,0.08347336586925358,0.1164021164021164,0.732824427480916,0.07005111704519829,0.009784518634976314,0.06026659841022197,1
1828,Johnson County,WY,56019,2016-04-30,245373.7580672041,2016,4,Johnson,54594.0,247800.0,871.0,528.0,4536.0,2688.0,3668.0,8572.0,182.87,4.494518776187935,0.08343496126587761,0.1164021164021164,0.732824427480916,0.0648259293758191,0.009784518634976314,0.05504141074084279,1
1828,Johnson County,WY,56019,2016-05-31,245950.74186226152,2016,5,Johnson,54594.0,247800.0,871.0,528.0,4536.0,2688.0,3668.0,8572.0,182.87,4.50508740634981,0.08323922849342427,0.1164021164021164,0.732824427480916,0.060040801203770755,0.009784518634976314,0.05025628256879444,1
1828,Johnson County,WY,56019,2016-06-30,246606.29737367376,2016,6,Johnson,54594.0,247800.0,871.0,528.0,4536.0,2688.0,3668.0,8572.0,182.87,4.517095237089676,0.08301795298024514,0.1164021164021164,0.732824427480916,0.05564831703181716,0.009784518634976314,0.04586379839684085,1
1828,Johnson County,WY,56019,2016-07-31,246425.7015847275,2016,7,Johnson,54594.0,247800.0,871.0,528.0,4536.0,2688.0,3668.0,8572.0,182.87,4.513787258393368,0.08307879360124674,0.1164021164021164,0.732824427480916,0.04672977201741113,0.009784518634976314,0.03694525338243482,1
1828,Johnson County,WY,56019,2016-08-31,245325.87203851732,2016,8,Johnson,54594.0,247800.0,871.0,528.0,4536.0,2688.0,3668.0,8572.0,182.87,4.493641646307604,0.08345124723243898,0.1164021164021164,0.732824427480916,0.035851216725856894,0.009784518634976314,0.02606669809088058,1
1828,Johnson County,WY,56019,2016-09-30,244241.5530391004,2016,9,Johnson,54594.0,247800.0,871.0,528.0,4536.0,2688.0,3668.0,8572.0,182.87,4.4737801413910026,0.08382173199137223,0.1164021164021164,0.732824427480916,0.023929614819138356,0.009784518634976314,0.014145096184162043,1
1828,Johnson County,WY,56019,2016-10-31,243847.09966151568,2016,10,Johnson,54594.0,247800.0,871.0,528.0,4536.0,2688.0,3668.0,8572.0,182.87,4.4665549265764675,0.0839573241938011,0.1164021164021164,0.732824427480916,0.014931842238007809,0.009784518634976314,0.005147323603031495,1
1828,Johnson County,WY,56019,2016-11-30,244082.1223828624,2016,11,Johnson,54594.0,247800.0,871.0,528.0,4536.0,2688.0,3668.0,8572.0,182.87,4.470859845090347,0.0838764830465004,0.1164021164021164,0.732824427480916,0.009774012537324017,0.009784518634976314,-1.0506097652296376e-05,1
1828,Johnson County,WY,56019,2016-12-31,244718.1888409005,2016,12,Johnson,54594.0,247800.0,871.0,528.0,4536.0,2688.0,3668.0,8572.0,182.87,4.4825106942319755,0.0836584730255176,0.1164021164021164,0.732824427480916,0.0076917289733748895,0.009784518634976314,-0.002092789661601424,1
1828,Johnson County,WY,56019,2017-01-31,245685.24497623296,2017,1,Johnson,52415.0,255200.0,886.0,485.0,4598.0,2718.0,3778.0,8562.0,188.01,4.6873079266666595,0.08000327818588145,0.10548064375815572,0.7194282689253574,0.006965923466028645,-0.03991281093160426,0.046878734397632904,1
1828,Johnson County,WY,56019,2017-02-28,246684.7267245865,2017,2,Johnson,52415.0,255200.0,886.0,485.0,4598.0,2718.0,3778.0,8562.0,188.01,4.706376547259115,0.07967913239292154,0.10548064375815572,0.7194282689253574,0.007012971202081664,-0.03991281093160426,0.04692578213368592,1
1828,Johnson County,WY,56019,2017-03-31,247423.2947852035,2017,3,Johnson,52415.0,255200.0,886.0,485.0,4598.0,2718.0,3778.0,8562.0,188.01,4.7204673239569495,0.07944128711511869,0.10548064375815572,0.7194282689253574,0.008816852166000144,-0.03991281093160426,0.0487296630976044,1
1828,Johnson County,WY,56019,2017-04-30,247987.8015118256,2017,4,Johnson,52415.0,255200.0,886.0,485.0,4598.0,2718.0,3778.0,8562.0,188.01,4.731237270091111,0.07926045103901087,0.10548064375815572,0.7194282689253574,0.010653312991626196,-0.03991281093160426,0.050566123923230455,1
1828,Johnson County,WY,56019,2017-05-31,247773.2930699557,2017,5,Johnson,52415.0,255200.0,886.0,485.0,4598.0,2718.0,3778.0,8562.0,188.01,4.727144769053814,0.07932907036292439,0.10548064375815572,0.7194282689253574,0.0074102285437092075,-0.03991281093160426,0.047323039475313466,1
1828,Johnson County,WY,56019,2017-06-30,247696.6503043942,2017,6,Johnson,52415.0,255200.0,886.0,485.0,4598.0,2718.0,3778.0,8562.0,188.01,4.725682539433257,0.07935361651376883,0.10548064375815572,0.7194282689253574,0.004421431822027921,-0.03991281093160426,0.04433424275363218,1
1828,Johnson County,WY,56019,2017-07-31,247388.4337747576,2017,7,Johnson,52415.0,255200.0,886.0,485.0,4598.0,2718.0,3778.0,8562.0,188.01,4.719802227888154,0.0794524816705702,0.10548064375815572,0.7194282689253574,0.003906784819273756,-0.03991281093160426,0.043819595750878015,1
1828,Johnson County,WY,56019,2017-08-31,248079.0096334085,2017,8,Johnson,52415.0,255200.0,886.0,485.0,4598.0,2718.0,3778.0,8562.0,188.01,4.732977384973929,0.07923131033554803,0.10548064375815572,0.7194282689253574,0.011222369544696686,-0.03991281093160426,0.051135180476300945,1
1828,Johnson County,WY,56019,2017-09-30,249008.27527888556,2017,9,Johnson,52415.0,255200.0,886.0,485.0,4598.0,2718.0,3778.0,8562.0,188.01,4.750706387081666,0.07893562966124718,0.10548064375815572,0.7194282689253574,0.019516426179218005,-0.03991281093160426,0.059429237110822264,1
1828,Johnson County,WY,56019,2017-10-31,250492.1671522092,2017,10,Johnson,52415.0,255200.0,886.0,485.0,4598.0,2718.0,3778.0,8562.0,188.01,4.779016830148034,0.07846802246737097,0.10548064375815572,0.7194282689253574,0.02725095971991287,-0.03991281093160426,0.06716377065151713,1
1828,Johnson County,WY,56019,2017-11-30,251697.34233402924,2017,11,Johnson,52415.0,255200.0,886.0,485.0,4598.0,2718.0,3778.0,8562.0,188.01,4.802009774568907,0.0780923025159117,0.10548064375815572,0.7194282689253574,0.031199417133966678,-0.03991281093160426,0.07111222806557094,1
1828,Johnson County,WY,56019,2017-12-31,252301.78563752503,2017,12,Johnson,52415.0,255200.0,886.0,485.0,4598.0,2718.0,3778.0,8562.0,188.01,4.813541651006869,0.07790521557480648,0.10548064375815572,0.7194282689253574,0.030989101515273454,-0.03991281093160426,0.07090191244687771,1
1828,Johnson County,WY,56019,2018-01-31,251956.32547548835,2018,1,Johnson,55991.0,257800.0,881.0,528.0,4618.0,2718.0,3828.0,8515.0,192.13,4.499943302950266,0.08333438329192755,0.11433521004763968,0.7100313479623824,0.025524855999643048,0.06822474482495466,-0.042699888825311616,1
1828,Johnson County,WY,56019,2018-02-28,251193.9935522507,2018,2,Johnson,55991.0,257800.0,881.0,528.0,4618.0,2718.0,3828.0,8515.0,192.13,4.48632804472595,0.08358728926228287,0.11433521004763968,0.7100313479623824,0.01827947310535616,0.06822474482495466,-0.049945271719598505,1
1828,Johnson County,WY,56019,2018-03-31,250772.3996369437,2018,3,Johnson,55991.0,257800.0,881.0,528.0,4618.0,2718.0,3828.0,8515.0,192.13,4.47879837182661,0.0837278146654014,0.11433521004763968,0.7100313479623824,0.013535931831510473,0.06822474482495466,-0.05468881299344419,1
1828,Johnson County,WY,56019,2018-04-30,251100.13343557887,2018,4,Johnson,55991.0,257800.0,881.0,528.0,4618.0,2718.0,3828.0,8515.0,192.13,4.484651701801698,0.0836185338204402,0.11433521004763968,0.7100313479623824,0.012550342818394178,0.06822474482495466,-0.055674402006560486,1
1828,Johnson County,WY,56019,2018-05-31,251542.6862932036,2018,5,Johnson,55991.0,257800.0,881.0,528.0,4618.0,2718.0,3828.0,8515.0,192.13,4.492555701687835,0.0834714191432538,0.11433521004763968,0.7100313479623824,0.01521307311431519,0.06822474482495466,-0.053011671710639474,1
1828,Johnson County,WY,56019,2018-06-30,251848.5571439841,2018,6,Johnson,55991.0,257800.0,881.0,528.0,4618.0,2718.0,3828.0,8515.0,192.13,4.49801855912529,0.0833700428468051,0.11433521004763968,0.7100313479623824,0.016762062928536325,0.06822474482495466,-0.05146268189641834,1
1828,Johnson County,WY,56019,2018-07-31,252408.62637420412,2018,7,Johnson,55991.0,257800.0,881.0,528.0,4618.0,2718.0,3828.0,8515.0,192.13,4.508021402979124,0.08318505314819077,0.11433521004763968,0.7100313479623824,0.020292753880390757,0.06822474482495466,-0.04793199094456391,1
1828,Johnson County,WY,56019,2018-08-31,253247.43234173025,2018,8,Johnson,55991.0,257800.0,881.0,528.0,4618.0,2718.0,3828.0,8515.0,192.13,4.523002488645144,0.08290952767358092,0.11433521004763968,0.7100313479623824,0.02083377677119569,0.06822474482495466,-0.047390968053758975,1
1828,Johnson County,WY,56019,2018-09-30,254602.2326386662,2018,9,Johnson,55991.0,257800.0,881.0,528.0,4618.0,2718.0,3828.0,8515.0,192.13,4.547199239854016,0.08246834594651258,0.11433521004763968,0.7100313479623824,0.022464945606789577,0.06822474482495466,-0.04575979921816509,1
1828,Johnson County,WY,56019,2018-10-31,256122.4628839238,2018,10,Johnson,55991.0,257800.0,881.0,528.0,4618.0,2718.0,3828.0,8515.0,192.13,4.574350572126303,0.08197885013121942,0.11433521004763968,0.7100313479623824,0.022476933293859913,0.06822474482495466,-0.04574781153109475,1
1828,Johnson County,WY,56019,2018-11-30,257533.69034190927,2018,11,Johnson,55991.0,257800.0,881.0,528.0,4618.0,2718.0,3828.0,8515.0,192.13,4.599555113177283,0.08152962422945233,0.11433521004763968,0.7100313479623824,0.023187960404184915,0.06822474482495466,-0.04503678442076975,1
1828,Johnson County,WY,56019,2018-12-31,258491.9594658051,2018,12,Johnson,55991.0,257800.0,881.0,528.0,4618.0,2718.0,3828.0,8515.0,192.13,4.61666981239494,0.08122738147597028,0.11433521004763968,0.7100313479623824,0.02453479991288421,0.06822474482495466,-0.043689944912070455,1
1828,Johnson County,WY,56019,2019-01-31,259357.5418298645,2019,1,Johnson,58132.0,252900.0,942.0,502.0,4620.0,2687.0,3845.0,8487.0,195.39,4.4615279334938505,0.08405192247812178,0.10865800865800866,0.6988296488946684,0.02937499719607617,0.038238288296333245,-0.008863291100257076,1
1828,Johnson County,WY,56019,2019-02-28,260563.62468014535,2019,2,Johnson,58132.0,252900.0,942.0,502.0,4620.0,2687.0,3845.0,8487.0,195.39,4.482275247370559,0.08366286747338564,0.10865800865800866,0.6988296488946684,0.03730037886413751,0.038238288296333245,-0.0009379094321957382,1
1828,Johnson County,WY,56019,2019-03-31,262270.4115653718,2019,3,Johnson,58132.0,252900.0,942.0,502.0,4620.0,2687.0,3845.0,8487.0,195.39,4.51163578692238,0.08311841152758628,0.10865800865800866,0.6988296488946684,0.045850388420234145,0.038238288296333245,0.0076121001239009,1
1828,Johnson County,WY,56019,2019-04-30,263311.73026809125,2019,4,Johnson,58132.0,252900.0,942.0,502.0,4620.0,2687.0,3845.0,8487.0,195.39,4.529548790134371,0.08278970320769531,0.10865800865800866,0.6988296488946684,0.04863237890570593,0.038238288296333245,0.010394090609372686,1
1828,Johnson County,WY,56019,2019-05-31,263903.8550460841,2019,5,Johnson,58132.0,252900.0,942.0,502.0,4620.0,2687.0,3845.0,8487.0,195.39,4.539734656404116,0.08260394679036905,0.10865800865800866,0.6988296488946684,0.04914143573418017,0.038238288296333245,0.010903147437846927,1
1828,Johnson County,WY,56019,2019-06-30,264287.98031215573,2019,6,Johnson,58132.0,252900.0,942.0,502.0,4620.0,2687.0,3845.0,8487.0,195.39,4.546342467352847,0.08248388736503331,0.10865800865800866,0.6988296488946684,0.04939247343418329,0.038238288296333245,0.011154185137850048,1
1828,Johnson County,WY,56019,2019-07-31,264774.5750380582,2019,7,Johnson,58132.0,252900.0,942.0,502.0,4620.0,2687.0,3845.0,8487.0,195.39,4.554712981456998,0.08233230096532711,0.10865800865800866,0.6988296488946684,0.04899178305230012,0.038238288296333245,0.010753494755966875,1
1828,Johnson County,WY,56019,2019-08-31,265371.8226428514,2019,8,Johnson,58132.0,252900.0,942.0,502.0,4620.0,2687.0,3845.0,8487.0,195.39,4.564986971768585,0.08214700333629123,0.10865800865800866,0.6988296488946684,0.04787566921808151,0.038238288296333245,0.009637380921748262,1
1828,Johnson County,WY,56019,2019-09-30,265399.28704817616,2019,9,Johnson,58132.0,252900.0,942.0,502.0,4620.0,2687.0,3845.0,8487.0,195.39,4.565459420769562,0.08213850248980842,0.10865800865800866,0.6988296488946684,0.04240754017594672,0.038238288296333245,0.004169251879613478,1
1828,Johnson County,WY,56019,2019-10-31,265827.7447693814,2019,10,Johnson,58132.0,252900.0,942.0,502.0,4620.0,2687.0,3845.0,8487.0,195.39,4.572829848781763,0.08200611271375052,0.10865800865800866,0.6988296488946684,0.03789313040401332,0.038238288296333245,-0.000345157892319925,1
1828,Johnson County,WY,56019,2019-11-30,266552.5100322214,2019,11,Johnson,58132.0,252900.0,942.0,502.0,4620.0,2687.0,3845.0,8487.0,195.39,4.58529742710076,0.08178313532806288,0.10865800865800866,0.6988296488946684,0.03501996060530366,0.038238288296333245,-0.0032183276910295877,1
1828,Johnson County,WY,56019,2019-12-31,267813.7567188562,2019,12,Johnson,58132.0,252900.0,942.0,502.0,4620.0,2687.0,3845.0,8487.0,195.39,4.606993681945507,0.08139798443171287,0.10865800865800866,0.6988296488946684,0.03606223293101807,0.038238288296333245,-0.002176055365315177,1
1828,Johnson County,WY,56019,2020-01-31,269066.6576100388,2020,1,Johnson,56565.0,248200.0,877.0,458.0,4645.0,2808.0,3961.0,8518.0,202.56,4.756769338107289,0.07883501875859548,0.09860064585575888,0.7089118909366322,0.03743525525293334,-0.026955893483795457,0.0643911487367288,1
1828,Johnson County,WY,56019,2020-02-29,270910.3713378578,2020,2,Johnson,56565.0,248200.0,877.0,458.0,4645.0,2808.0,3961.0,8518.0,202.56,4.78936394126859,0.07829849737847888,0.09860064585575888,0.7089118909366322,0.0397090985758799,-0.026955893483795457,0.06666499205967535,1
1828,Johnson County,WY,56019,2020-03-31,272720.7498758786,2020,3,Johnson,56565.0,248200.0,877.0,458.0,4645.0,2808.0,3961.0,8518.0,202.56,4.821369219055575,0.07777873524348258,0.09860064585575888,0.7089118909366322,0.039845662528737336,-0.026955893483795457,0.06680155601253279,1
1828,Johnson County,WY,56019,2020-04-30,274476.75627838034,2020,4,Johnson,56565.0,248200.0,877.0,458.0,4645.0,2808.0,3961.0,8518.0,202.56,4.8524132640038955,0.077281134066181,0.09860064585575888,0.7089118909366322,0.042402311507054424,-0.026955893483795457,0.06935820499084988,1
1828,Johnson County,WY,56019,2020-05-31,275218.3172753482,2020,5,Johnson,56565.0,248200.0,877.0,458.0,4645.0,2808.0,3961.0,8518.0,202.56,4.865523155225814,0.07707290419473829,0.09860064585575888,0.7089118909366322,0.04287342535139671,-0.026955893483795457,0.06982931883519217,1
1828,Johnson County,WY,56019,2020-06-30,275972.7045982596,2020,6,Johnson,56565.0,248200.0,877.0,458.0,4645.0,2808.0,3961.0,8518.0,202.56,4.878859800199056,0.0768622209608688,0.09860064585575888,0.7089118909366322,0.04421209119046132,-0.026955893483795457,0.07116798467425678,1
1828,Johnson County,WY,56019,2020-07-31,276784.9647719513,2020,7,Johnson,56565.0,248200.0,877.0,458.0,4645.0,2808.0,3961.0,8518.0,202.56,4.893219566374106,0.07663665913889826,0.09860064585575888,0.7089118909366322,0.0453608120498985,-0.026955893483795457,0.07231670553369396,1
1828,Johnson County,WY,56019,2020-08-31,278047.76048750104,2020,8,Johnson,56565.0,248200.0,877.0,458.0,4645.0,2808.0,3961.0,8518.0,202.56,4.915544249756936,0.0762886022272189,0.09860064585575888,0.7089118909366322,0.04776670604440714,-0.026955893483795457,0.0747225995282026,1
1828,Johnson County,WY,56019,2020-09-30,280196.2651139199,2020,9,Johnson,56565.0,248200.0,877.0,458.0,4645.0,2808.0,3961.0,8518.0,202.56,4.953527183133032,0.07570363220714539,0.09860064585575888,0.7089118909366322,0.055753646629268294,-0.026955893483795457,0.08270954011306375,1
1828,Johnson County,WY,56019,2020-10-31,283022.61990477314,2020,10,Johnson,56565.0,248200.0,877.0,458.0,4645.0,2808.0,3961.0,8518.0,202.56,5.003493678153861,0.07494763141948523,0.09860064585575888,0.7089118909366322,0.06468427571512181,-0.026955893483795457,0.09164016919891727,1
1828,Johnson County,WY,56019,2020-11-30,286824.6762431313,2020,11,Johnson,56565.0,248200.0,877.0,458.0,4645.0,2808.0,3961.0,8518.0,202.56,5.070709382889265,0.0739541495447185,0.09860064585575888,0.7089118909366322,0.0760531806977145,-0.026955893483795457,0.10300907418150995,1
1828,Johnson County,WY,56019,2020-12-31,290613.93613455707,2020,12,Johnson,56565.0,248200.0,877.0,458.0,4645.0,2808.0,3961.0,8518.0,202.56,5.137698862097712,0.07298987544141275,0.09860064585575888,0.7089118909366322,0.08513445946556009,-0.026955893483795457,0.11209035294935554,1
1828,Johnson County,WY,56019,2021-01-31,294109.731960641,2021,1,Johnson,58020.0,255500.0,944.0,460.0,4592.0,2841.0,3825.0,8457.0,230.36,5.069109478811462,0.07397749083295102,0.10017421602787456,0.7427450980392157,0.09307386717122479,0.025722619994696272,0.06735124717652852,1
1828,Johnson County,WY,56019,2021-02-28,297740.1817071824,2021,2,Johnson,58020.0,255500.0,944.0,460.0,4592.0,2841.0,3825.0,8457.0,230.36,5.131681863274429,0.0730754575188571,0.10017421602787456,0.7427450980392157,0.09903574468865428,0.025722619994696272,0.07331312469395801,1
1828,Johnson County,WY,56019,2021-03-31,301479.1577674541,2021,3,Johnson,58020.0,255500.0,944.0,460.0,4592.0,2841.0,3825.0,8457.0,230.36,5.196124746078147,0.07216916804836851,0.10017421602787456,0.7427450980392157,0.10545001766335749,0.025722619994696272,0.07972739766866122,1
1828,Johnson County,WY,56019,2021-04-30,306199.0602117896,2021,4,Johnson,58020.0,255500.0,944.0,460.0,4592.0,2841.0,3825.0,8457.0,230.36,5.277474322850562,0.07105671710733183,0.10017421602787456,0.7427450980392157,0.11557373514439173,0.025722619994696272,0.08985111514969546,1
1828,Johnson County,WY,56019,2021-05-31,311707.5538802005,2021,5,Johnson,58020.0,255500.0,944.0,460.0,4592.0,2841.0,3825.0,8457.0,230.36,5.37241561324027,0.06980100330953842,0.10017421602787456,0.7427450980392157,0.13258287808055247,0.025722619994696272,0.1068602580858562,1
1828,Johnson County,WY,56019,2021-06-30,318020.386508452,2021,6,Johnson,58020.0,255500.0,944.0,460.0,4592.0,2841.0,3825.0,8457.0,230.36,5.48122003634009,0.0684154253092883,0.10017421602787456,0.7427450980392157,0.15236174161282467,0.025722619994696272,0.1266391216181284,1
1828,Johnson County,WY,56019,2021-07-31,324495.76274340507,2021,7,Johnson,58020.0,255500.0,944.0,460.0,4592.0,2841.0,3825.0,8457.0,230.36,5.592825969379612,0.0670501821535486,0.10017421602787456,0.7427450980392157,0.1723749626745934,0.025722619994696272,0.14665234267989713,1
1828,Johnson County,WY,56019,2021-08-31,329935.6226816172,2021,8,Johnson,58020.0,255500.0,944.0,460.0,4592.0,2841.0,3825.0,8457.0,230.36,5.6865843275011585,0.06594468285407196,0.10017421602787456,0.7427450980392157,0.1866149258067793,0.025722619994696272,0.16089230581208303,1
1828,Johnson County,WY,56019,2021-09-30,334305.9880678536,2021,9,Johnson,58020.0,255500.0,944.0,460.0,4592.0,2841.0,3825.0,8457.0,230.36,5.761909480659318,0.06508259132822924,0.10017421602787456,0.7427450980392157,0.19311364814921506,0.025722619994696272,0.16739102815451878,1
1828,Johnson County,WY,56019,2021-10-31,338352.6527425717,2021,10,Johnson,58020.0,255500.0,944.0,460.0,4592.0,2841.0,3825.0,8457.0,230.36,5.8316555109026496,0.06430420989355659,0.10017421602787456,0.7427450980392157,0.1954968576589926,0.025722619994696272,0.16977423766429633,1
1828,Johnson County,WY,56019,2021-11-30,342825.544935896,2021,11,Johnson,58020.0,255500.0,944.0,460.0,4592.0,2841.0,3825.0,8457.0,230.36,5.9087477582884524,0.06346522399335315,0.10017421602787456,0.7427450980392157,0.19524424964501574,0.025722619994696272,0.16952162965031947,1
1828,Johnson County,WY,56019,2021-12-31,347705.33955316123,2021,12,Johnson,58020.0,255500.0,944.0,460.0,4592.0,2841.0,3825.0,8457.0,230.36,5.992853146383338,0.06257453517383635,0.10017421602787456,0.7427450980392157,0.1964510173805647,0.025722619994696272,0.17072839738586842,1
1828,Johnson County,WY,56019,2022-01-31,352711.7379638452,2022,1,Johnson,60667.0,296200.0,932.0,354.0,4614.0,2837.0,3971.0,8536.0,277.21,5.81389780216337,0.06450061778871675,0.07672301690507152,0.714429614706623,0.19925218255289345,0.04562219924164079,0.15362998331125266,1
1828,Johnson County,WY,56019,2022-02-28,357080.7382823361,2022,2,Johnson,60667.0,296200.0,932.0,354.0,4614.0,2837.0,3971.0,8536.0,277.21,5.885913895236885,0.06371143150827688,0.07672301690507152,0.714429614706623,0.19930315160992684,0.04562219924164079,0.15368095236828605,1
1828,Johnson County,WY,56019,2022-03-31,361652.3964698471,2022,3,Johnson,60667.0,296200.0,932.0,354.0,4614.0,2837.0,3971.0,8536.0,277.21,5.961270484280534,0.0629060534979665,0.07672301690507152,0.714429614706623,0.19959336210169343,0.04562219924164079,0.15397116286005263,1
1828,Johnson County,WY,56019,2022-04-30,366137.6812599432,2022,4,Johnson,60667.0,296200.0,932.0,354.0,4614.0,2837.0,3971.0,8536.0,277.21,6.035203343826844,0.06213543747180808,0.07672301690507152,0.714429614706623,0.1957505062448448,0.04562219924164079,0.150128307003204,1
1828,Johnson County,WY,56019,2022-05-31,371061.43966754735,2022,5,Johnson,60667.0,296200.0,932.0,354.0,4614.0,2837.0,3971.0,8536.0,277.21,6.116363750763139,0.06131093821115711,0.07672301690507152,0.714429614706623,0.19041529487655118,0.04562219924164079,0.14479309563491038,1
1828,Johnson County,WY,56019,2022-06-30,375794.24605042994,2022,6,Johnson,60667.0,296200.0,932.0,354.0,4614.0,2837.0,3971.0,8536.0,277.21,6.194376614146569,0.06053877950261918,0.07672301690507152,0.714429614706623,0.1816671571790649,0.04562219924164079,0.1360449579374241,1
1828,Johnson County,WY,56019,2022-07-31,379288.7064552151,2022,7,Johnson,60667.0,296200.0,932.0,354.0,4614.0,2837.0,3971.0,8536.0,277.21,6.251977293342593,0.05998102398729407,0.07672301690507152,0.714429614706623,0.1688556523776168,0.04562219924164079,0.123233453135976,1
1828,Johnson County,WY,56019,2022-08-31,380691.12277517136,2022,8,Johnson,60667.0,296200.0,932.0,354.0,4614.0,2837.0,3971.0,8536.0,277.21,6.275093918854918,0.05976006173759867,0.07672301690507152,0.714429614706623,0.15383455621138675,0.04562219924164079,0.10821235696974596,1
1828,Johnson County,WY,56019,2022-09-30,381136.3623421391,2022,9,Johnson,60667.0,296200.0,932.0,354.0,4614.0,2837.0,3971.0,8536.0,277.21,6.282432992271566,0.059690250649917335,0.07672301690507152,0.714429614706623,0.14008236748897374,0.04562219924164079,0.09446016824733294,1
1828,Johnson County,WY,56019,2022-10-31,382351.8219113189,2022,10,Johnson,60667.0,296200.0,932.0,354.0,4614.0,2837.0,3971.0,8536.0,277.21,6.302467930033114,0.05950050109942086,0.07672301690507152,0.714429614706623,0.13003937995492243,0.04562219924164079,0.08441718071328164,1
1828,Johnson County,WY,56019,2022-11-30,383805.3084246322,2022,11,Johnson,60667.0,296200.0,932.0,354.0,4614.0,2837.0,3971.0,8536.0,277.21,6.326426367294117,0.05927517025071955,0.07672301690507152,0.714429614706623,0.1195353266233381,0.04562219924164079,0.07391312738169731,1
1828,Johnson County,WY,56019,2022-12-31,384479.4564457322,2022,12,Johnson,60667.0,296200.0,932.0,354.0,4614.0,2837.0,3971.0,8536.0,277.21,6.337538636255826,0.059171236898612006,0.07672301690507152,0.714429614706623,0.10576230132050801,0.04562219924164079,0.06014010207886722,1
1828,Johnson County,WY,56019,2023-01-31,382858.5666210032,2023,1,Johnson,63905.0,296000.0,1081.0,332.0,4635.0,3119.0,3919.0,8602.0,262.23,5.991058080291107,0.0625932840200038,0.07162891046386193,0.7958662924215361,0.08547157753011381,0.05337333311355441,0.032098244416559396,1
1828,Johnson County,WY,56019,2023-02-28,380627.81998418254,2023,2,Johnson,63905.0,296000.0,1081.0,332.0,4635.0,3119.0,3919.0,8602.0,262.23,5.956150848668845,0.06296012467243163,0.07162891046386193,0.7958662924215361,0.06594329846833769,0.05337333311355441,0.012569965354783275,1
1828,Johnson County,WY,56019,2023-03-31,379471.0617121288,2023,3,Johnson,63905.0,296000.0,1081.0,332.0,4635.0,3119.0,3919.0,8602.0,262.23,5.938049631674029,0.0631520487804144,0.07162891046386193,0.7958662924215361,0.04927014286705367,0.05337333311355441,-0.004103190246500743,1
1828,Johnson County,WY,56019,2023-04-30,379920.64073744975,2023,4,Johnson,63905.0,296000.0,1081.0,332.0,4635.0,3119.0,3919.0,8602.0,262.23,5.945084746693525,0.06307731781427733,0.07162891046386193,0.7958662924215361,0.03764419829741916,0.05337333311355441,-0.01572913481613525,1
1828,Johnson County,WY,56019,2023-05-31,381884.676313634,2023,5,Johnson,63905.0,296000.0,1081.0,332.0,4635.0,3119.0,3919.0,8602.0,262.23,5.975818422871981,0.06275291072511785,0.07162891046386193,0.7958662924215361,0.029168314163238618,0.05337333311355441,-0.024205018950315793,1
1828,Johnson County,WY,56019,2023-06-30,383617.2625185707,2023,6,Johnson,63905.0,296000.0,1081.0,332.0,4635.0,3119.0,3919.0,8602.0,262.23,6.002930326556149,0.06246949066542566,0.07162891046386193,0.7958662924215361,0.02081728645491543,0.05337333311355441,-0.03255604665863898,1
1828,Johnson County,WY,56019,2023-07-31,384649.56924997777,2023,7,Johnson,63905.0,296000.0,1081.0,332.0,4635.0,3119.0,3919.0,8602.0,262.23,6.019084097488111,0.06230183760956177,0.07162891046386193,0.7958662924215361,0.014133990027977994,0.05337333311355441,-0.03923934308557642,1
1828,Johnson County,WY,56019,2023-08-31,386029.9903851716,2023,8,Johnson,63905.0,296000.0,1081.0,332.0,4635.0,3119.0,3919.0,8602.0,262.23,6.040685241924288,0.062079049806697435,0.07162891046386193,0.7958662924215361,0.014024145273157096,0.05337333311355441,-0.039349187840397315,1
1828,Johnson County,WY,56019,2023-09-30,387234.87514609407,2023,9,Johnson,63905.0,296000.0,1081.0,332.0,4635.0,3119.0,3919.0,8602.0,262.23,6.059539553181974,0.06188589029063779,0.07162891046386193,0.7958662924215361,0.016000868472582086,0.05337333311355441,-0.037372464640972325,1
1828,Johnson County,WY,56019,2023-10-31,387857.4965336844,2023,10,Johnson,63905.0,296000.0,1081.0,332.0,4635.0,3119.0,3919.0,8602.0,262.23,6.069282474511922,0.061786545868448256,0.07162891046386193,0.7958662924215361,0.01439949885642866,0.05337333311355441,-0.03897383425712575,1
1828,Johnson County,WY,56019,2023-11-30,387512.9807856789,2023,11,Johnson,63905.0,296000.0,1081.0,332.0,4635.0,3119.0,3919.0,8602.0,262.23,6.063891413593285,0.06184147677172635,0.07162891046386193,0.7958662924215361,0.009660294632883648,0.05337333311355441,-0.04371303848067076,1
1828,Johnson County,WY,56019,2023-12-31,385939.9026248776,2023,12,Johnson,63905.0,296000.0,1081.0,332.0,4635.0,3119.0,3919.0,8602.0,262.23,6.039275528125774,0.0620935405668397,0.07162891046386193,0.7958662924215361,0.003798502506860313,0.05337333311355441,-0.0495748306066941,1
1848,Laramie County,WY,56021,2014-01-31,219354.59384399184,2014,1,Laramie,58324.0,186600.0,783.0,925.0,40971.0,25428.0,37364.0,94412.0,161.29,3.7609662204922816,0.09970842012798385,0.022576944668179933,0.6805481211861685,,,,0
1848,Laramie County,WY,56021,2014-02-28,220131.85242702757,2014,2,Laramie,58324.0,186600.0,783.0,925.0,40971.0,25428.0,37364.0,94412.0,161.29,3.774292785594739,0.09935636192063697,0.022576944668179933,0.6805481211861685,,,,0
1848,Laramie County,WY,56021,2014-03-31,220848.3742472772,2014,3,Laramie,58324.0,186600.0,783.0,925.0,40971.0,25428.0,37364.0,94412.0,161.29,3.7865779824305124,0.0990340095304987,0.022576944668179933,0.6805481211861685,,,,0
1848,Laramie County,WY,56021,2014-04-30,221215.5074214741,2014,4,Laramie,58324.0,186600.0,783.0,925.0,40971.0,25428.0,37364.0,94412.0,161.29,3.792872701143167,0.0988696509342313,0.022576944668179933,0.6805481211861685,,,,0
1848,Laramie County,WY,56021,2014-05-31,222073.4026924358,2014,5,Laramie,58324.0,186600.0,783.0,925.0,40971.0,25428.0,37364.0,94412.0,161.29,3.807581830677522,0.0984877060234507,0.022576944668179933,0.6805481211861685,,,,0
1848,Laramie County,WY,56021,2014-06-30,222673.77723210785,2014,6,Laramie,58324.0,186600.0,783.0,925.0,40971.0,25428.0,37364.0,94412.0,161.29,3.817875612648444,0.09822216280636344,0.022576944668179933,0.6805481211861685,,,,0
1848,Laramie County,WY,56021,2014-07-31,223708.38370245055,2014,7,Laramie,58324.0,186600.0,783.0,925.0,40971.0,25428.0,37364.0,94412.0,161.29,3.835614561800469,0.09776790497530387,0.022576944668179933,0.6805481211861685,,,,0
1848,Laramie County,WY,56021,2014-08-31,224218.62006053163,2014,8,Laramie,58324.0,186600.0,783.0,925.0,40971.0,25428.0,37364.0,94412.0,161.29,3.8443628705255404,0.09754542238327671,0.022576944668179933,0.6805481211861685,,,,0
1848,Laramie County,WY,56021,2014-09-30,224910.51468854048,2014,9,Laramie,58324.0,186600.0,783.0,925.0,40971.0,25428.0,37364.0,94412.0,161.29,3.8562258193632206,0.0972453423544381,0.022576944668179933,0.6805481211861685,,,,0
1848,Laramie County,WY,56021,2014-10-31,225612.8119191234,2014,10,Laramie,58324.0,186600.0,783.0,925.0,40971.0,25428.0,37364.0,94412.0,161.29,3.868267127068161,0.09694263288487531,0.022576944668179933,0.6805481211861685,,,,0
1848,Laramie County,WY,56021,2014-11-30,226400.4894692808,2014,11,Laramie,58324.0,186600.0,783.0,925.0,40971.0,25428.0,37364.0,94412.0,161.29,3.8817723316178725,0.09660535651345241,0.022576944668179933,0.6805481211861685,,,,0
1848,Laramie County,WY,56021,2014-12-31,227722.7050225745,2014,12,Laramie,58324.0,186600.0,783.0,925.0,40971.0,25428.0,37364.0,94412.0,161.29,3.9044425111887815,0.0960444414088259,0.022576944668179933,0.6805481211861685,,,,0
1848,Laramie County,WY,56021,2015-01-31,229327.55668830607,2015,1,Laramie,60706.0,190000.0,827.0,1082.0,41256.0,25632.0,37294.0,95431.0,168.25,3.7776752987893465,0.09926739868833577,0.026226488268373087,0.6872955435190647,0.045465028425195175,0.040840820245525045,0.004624208179670131,0
1848,Laramie County,WY,56021,2015-02-28,231632.2716609752,2015,2,Laramie,60706.0,190000.0,827.0,1082.0,41256.0,25632.0,37294.0,95431.0,168.25,3.8156404912360427,0.0982796992697082,0.026226488268373087,0.6872955435190647,0.05224332193252201,0.040840820245525045,0.011402501686996969,0
1848,Laramie County,WY,56021,2015-03-31,233765.8471467824,2015,3,Laramie,60706.0,190000.0,827.0,1082.0,41256.0,25632.0,37294.0,95431.0,168.25,3.8507865309324023,0.09738270272520147,0.026226488268373087,0.6872955435190647,0.05849023314539736,0.040840820245525045,0.01764941289987232,0
1848,Laramie County,WY,56021,2015-04-30,235374.5829492105,2015,4,Laramie,60706.0,190000.0,827.0,1082.0,41256.0,25632.0,37294.0,95431.0,168.25,3.877286972444413,0.09671711242038487,0.026226488268373087,0.6872955435190647,0.06400580001274347,0.040840820245525045,0.02316497976721843,0
1848,Laramie County,WY,56021,2015-05-31,236809.6281539908,2015,5,Laramie,60706.0,190000.0,827.0,1082.0,41256.0,25632.0,37294.0,95431.0,168.25,3.9009262371757454,0.09613101535380439,0.026226488268373087,0.6872955435190647,0.06635745335952814,0.040840820245525045,0.025516633114003096,0
1848,Laramie County,WY,56021,2015-06-30,238354.9612426634,2015,6,Laramie,60706.0,190000.0,827.0,1082.0,41256.0,25632.0,37294.0,95431.0,168.25,3.9263822561635324,0.09550776657350026,0.026226488268373087,0.6872955435190647,0.07042223024855776,0.040840820245525045,0.029581410003032715,0
1848,Laramie County,WY,56021,2015-07-31,240372.9879480702,2015,7,Laramie,60706.0,190000.0,827.0,1082.0,41256.0,25632.0,37294.0,95431.0,168.25,3.9596248797165057,0.09470594093924588,0.026226488268373087,0.6872955435190647,0.07449253340359774,0.040840820245525045,0.033651713158072694,0
1848,Laramie County,WY,56021,2015-08-31,242336.07081929184,2015,8,Laramie,60706.0,190000.0,827.0,1082.0,41256.0,25632.0,37294.0,95431.0,168.25,3.9919624224836396,0.09393876001635554,0.026226488268373087,0.6872955435190647,0.08080261467075789,0.040840820245525045,0.039961794425232844,0
1848,Laramie County,WY,56021,2015-09-30,244032.24461267548,2015,9,Laramie,60706.0,190000.0,827.0,1082.0,41256.0,25632.0,37294.0,95431.0,168.25,4.019903215706446,0.09328582801068722,0.026226488268373087,0.6872955435190647,0.08501927955931743,0.040840820245525045,0.044178459313792384,0
1848,Laramie County,WY,56021,2015-10-31,245203.3178196665,2015,10,Laramie,60706.0,190000.0,827.0,1082.0,41256.0,25632.0,37294.0,95431.0,168.25,4.039194112932272,0.09284030168279457,0.026226488268373087,0.6872955435190647,0.08683241760031701,0.040840820245525045,0.04599159735479197,0
1848,Laramie County,WY,56021,2015-11-30,245995.34950687643,2015,11,Laramie,60706.0,190000.0,827.0,1082.0,41256.0,25632.0,37294.0,95431.0,168.25,4.052241121254513,0.09254138358970743,0.026226488268373087,0.6872955435190647,0.08654954803114223,0.040840820245525045,0.04570872778561719,0
1848,Laramie County,WY,56021,2015-12-31,246621.84009608056,2015,12,Laramie,60706.0,190000.0,827.0,1082.0,41256.0,25632.0,37294.0,95431.0,168.25,4.062561198169548,0.09230630179034897,0.026226488268373087,0.6872955435190647,0.08299187852890011,0.040840820245525045,0.042151058283375065,0
1848,Laramie County,WY,56021,2016-01-31,247153.7904064521,2016,1,Laramie,61201.0,195900.0,849.0,1118.0,41571.0,25590.0,37362.0,96459.0,176.65,4.038394640715873,0.09285868107568729,0.026893748045512495,0.6849205074674803,0.07773262827883709,0.008154053965011787,0.0695785743138253,0
1848,Laramie County,WY,56021,2016-02-29,247928.96193234355,2016,2,Laramie,61201.0,195900.0,849.0,1118.0,41571.0,25590.0,37362.0,96459.0,176.65,4.051060635158634,0.09256835030940373,0.026893748045512495,0.6849205074674803,0.0703558712026997,0.008154053965011787,0.06220181723768792,0
1848,Laramie County,WY,56021,2016-03-31,248553.79486897503,2016,3,Laramie,61201.0,195900.0,849.0,1118.0,41571.0,25590.0,37362.0,96459.0,176.65,4.061270156843435,0.09233564513508342,0.026893748045512495,0.6849205074674803,0.06325965876831963,0.008154053965011787,0.05510560480330784,0
1848,Laramie County,WY,56021,2016-04-30,249142.82402181896,2016,4,Laramie,61201.0,195900.0,849.0,1118.0,41571.0,25590.0,37362.0,96459.0,176.65,4.0708946589405235,0.09211734309469854,0.026893748045512495,0.6849205074674803,0.05849502057568978,0.008154053965011787,0.050340966610677995,0
1848,Laramie County,WY,56021,2016-05-31,249833.0840302649,2016,5,Laramie,61201.0,195900.0,849.0,1118.0,41571.0,25590.0,37362.0,96459.0,176.65,4.082173232958039,0.09186283349574222,0.026893748045512495,0.6849205074674803,0.054995466095683065,0.008154053965011787,0.04684141213067128,0
1848,Laramie County,WY,56021,2016-06-30,250602.46688696375,2016,6,Laramie,61201.0,195900.0,849.0,1118.0,41571.0,25590.0,37362.0,96459.0,176.65,4.094744642848381,0.09158080239629862,0.026893748045512495,0.6849205074674803,0.05138347270158761,0.008154053965011787,0.04322941873657582,0
1848,Laramie County,WY,56021,2016-07-31,251383.08998336524,2016,7,Laramie,61201.0,195900.0,849.0,1118.0,41571.0,25590.0,37362.0,96459.0,176.65,4.107499713785154,0.09129641536954093,0.026893748045512495,0.6849205074674803,0.04580424002414807,0.008154053965011787,0.03765018605913628,0
1848,Laramie County,WY,56021,2016-08-31,252071.20062787013,2016,8,Laramie,61201.0,195900.0,849.0,1118.0,41571.0,25590.0,37362.0,96459.0,176.65,4.118743168050687,0.09104719199509578,0.026893748045512495,0.6849205074674803,0.040172021340717734,0.008154053965011787,0.03201796737570595,0
1848,Laramie County,WY,56021,2016-09-30,252665.8929829572,2016,9,Laramie,61201.0,195900.0,849.0,1118.0,41571.0,25590.0,37362.0,96459.0,176.65,4.12846020462014,0.09083289687044561,0.026893748045512495,0.6849205074674803,0.035379129442442814,0.008154053965011787,0.027225075477431027,0
1848,Laramie County,WY,56021,2016-10-31,253581.7852668436,2016,10,Laramie,61201.0,195900.0,849.0,1118.0,41571.0,25590.0,37362.0,96459.0,176.65,4.143425520283061,0.09050482461052699,0.026893748045512495,0.6849205074674803,0.034169470142891845,0.008154053965011787,0.026015416177880057,0
1848,Laramie County,WY,56021,2016-11-30,254504.98450859325,2016,11,Laramie,61201.0,195900.0,849.0,1118.0,41571.0,25590.0,37362.0,96459.0,176.65,4.158510228731446,0.09017652461429528,0.026893748045512495,0.6849205074674803,0.03459266615720691,0.008154053965011787,0.02643861219219512,0
1848,Laramie County,WY,56021,2016-12-31,255708.0948198909,2016,12,Laramie,61201.0,195900.0,849.0,1118.0,41571.0,25590.0,37362.0,96459.0,176.65,4.178168572733957,0.08975224275228828,0.026893748045512495,0.6849205074674803,0.0368428632284572,0.008154053965011787,0.028688809263445414,0
1848,Laramie County,WY,56021,2017-01-31,256843.8746093193,2017,1,Laramie,62879.0,202800.0,902.0,942.0,42424.0,26650.0,38447.0,97031.0,185.07,4.084732177822791,0.09180528457556775,0.022204412596643408,0.6931620152417614,0.03920669873980698,0.027417852649466612,0.011788846090340366,0
1848,Laramie County,WY,56021,2017-02-28,257891.1354407736,2017,2,Laramie,62879.0,202800.0,902.0,942.0,42424.0,26650.0,38447.0,97031.0,185.07,4.101387354136891,0.09143247579913508,0.022204412596643408,0.6931620152417614,0.040181564230275635,0.027417852649466612,0.012763711580809023,0
1848,Laramie County,WY,56021,2017-03-31,258913.4515262009,2017,3,Laramie,62879.0,202800.0,902.0,942.0,42424.0,26650.0,38447.0,97031.0,185.07,4.1176458201657296,0.09107145596726111,0.022204412596643408,0.6931620152417614,0.041679736423605895,0.027417852649466612,0.014261883774139283,0
1848,Laramie County,WY,56021,2017-04-30,260076.12962967777,2017,4,Laramie,62879.0,202800.0,902.0,942.0,42424.0,26650.0,38447.0,97031.0,185.07,4.13613654208365,0.09066431830393282,0.022204412596643408,0.6931620152417614,0.04388368659938324,0.027417852649466612,0.01646583394991663,0
1848,Laramie County,WY,56021,2017-05-31,261267.2678372135,2017,5,Laramie,62879.0,202800.0,902.0,942.0,42424.0,26650.0,38447.0,97031.0,185.07,4.15507988099705,0.09025097248190937,0.022204412596643408,0.6931620152417614,0.04576729239576394,0.027417852649466612,0.018349439746297325,0
1848,Laramie County,WY,56021,2017-06-30,262327.4540105048,2017,6,Laramie,62879.0,202800.0,902.0,942.0,42424.0,26650.0,38447.0,97031.0,185.07,4.1719406162710095,0.08988622669686627,0.022204412596643408,0.6931620152417614,0.04678719754514504,0.027417852649466612,0.01936934489567843,0
1848,Laramie County,WY,56021,2017-07-31,263324.8845877271,2017,7,Laramie,62879.0,202800.0,902.0,942.0,42424.0,26650.0,38447.0,97031.0,185.07,4.187803314106889,0.08954575271880319,0.022204412596643408,0.6931620152417614,0.04750436715990758,0.027417852649466612,0.020086514510440967,0
1848,Laramie County,WY,56021,2017-08-31,264265.3346628602,2017,8,Laramie,62879.0,202800.0,902.0,942.0,42424.0,26650.0,38447.0,97031.0,185.07,4.202759819062965,0.0892270831892575,0.022204412596643408,0.6931620152417614,0.04837575258346205,0.027417852649466612,0.02095789993399544,0
1848,Laramie County,WY,56021,2017-09-30,264991.81843057624,2017,9,Laramie,62879.0,202800.0,902.0,942.0,42424.0,26650.0,38447.0,97031.0,185.07,4.2143134978383285,0.08898246421210736,0.022204412596643408,0.6931620152417614,0.04878349547736738,0.027417852649466612,0.021365642827900766,0
1848,Laramie County,WY,56021,2017-10-31,265581.62566977536,2017,10,Laramie,62879.0,202800.0,902.0,942.0,42424.0,26650.0,38447.0,97031.0,185.07,4.223693533131496,0.08878485076117029,0.022204412596643408,0.6931620152417614,0.04732138150342435,0.027417852649466612,0.01990352885395774,0
1848,Laramie County,WY,56021,2017-11-30,266015.21341353306,2017,11,Laramie,62879.0,202800.0,902.0,942.0,42424.0,26650.0,38447.0,97031.0,185.07,4.230589122179632,0.08864013714638333,0.022204412596643408,0.6931620152417614,0.04522594685979975,0.027417852649466612,0.017808094210333136,0
1848,Laramie County,WY,56021,2017-12-31,267072.8020813667,2017,12,Laramie,62879.0,202800.0,902.0,942.0,42424.0,26650.0,38447.0,97031.0,185.07,4.2474085478675985,0.088289128717855,0.022204412596643408,0.6931620152417614,0.04444406529046563,0.027417852649466612,0.017026212640999017,0
1848,Laramie County,WY,56021,2018-01-31,268133.15094685,2018,1,Laramie,64220.0,214000.0,929.0,743.0,42922.0,27332.0,39179.0,97692.0,193.37,4.175228136824198,0.08981545144626181,0.017310470155165184,0.6976186222210878,0.04395384688345261,0.021326675042542043,0.022627171840910565,0
1848,Laramie County,WY,56021,2018-02-28,269419.288925664,2018,2,Laramie,64220.0,214000.0,929.0,743.0,42922.0,27332.0,39179.0,97692.0,193.37,4.195255199714481,0.08938669571889728,0.017310470155165184,0.6976186222210878,0.044701627549884826,0.021326675042542043,0.023374952507342783,0
1848,Laramie County,WY,56021,2018-03-31,270815.4653976482,2018,3,Laramie,64220.0,214000.0,929.0,743.0,42922.0,27332.0,39179.0,97692.0,193.37,4.2169957240368765,0.08892586678769909,0.017310470155165184,0.6976186222210878,0.04596908272354816,0.021326675042542043,0.024642407681006118,0
1848,Laramie County,WY,56021,2018-04-30,271926.2478592718,2018,4,Laramie,64220.0,214000.0,929.0,743.0,42922.0,27332.0,39179.0,97692.0,193.37,4.23429224321507,0.08856261647997753,0.017310470155165184,0.6976186222210878,0.04556403637068662,0.021326675042542043,0.02423736132814458,0
1848,Laramie County,WY,56021,2018-05-31,273042.849641037,2018,5,Laramie,64220.0,214000.0,929.0,743.0,42922.0,27332.0,39179.0,97692.0,193.37,4.251679377780084,0.08820044191474229,0.017310470155165184,0.6976186222210878,0.045071018276810815,0.021326675042542043,0.023744343234268772,0
1848,Laramie County,WY,56021,2018-06-30,273604.79799995635,2018,6,Laramie,64220.0,214000.0,929.0,743.0,42922.0,27332.0,39179.0,97692.0,193.37,4.260429741512867,0.08801928977869694,0.017310470155165184,0.6976186222210878,0.04298956825540623,0.021326675042542043,0.021662893212864187,0
1848,Laramie County,WY,56021,2018-07-31,274754.5822064175,2018,7,Laramie,64220.0,214000.0,929.0,743.0,42922.0,27332.0,39179.0,97692.0,193.37,4.278333575310145,0.08765094946408321,0.017310470155165184,0.6976186222210878,0.04340530761680683,0.021326675042542043,0.02207863257426479,0
1848,Laramie County,WY,56021,2018-08-31,275726.6405749055,2018,8,Laramie,64220.0,214000.0,929.0,743.0,42922.0,27332.0,39179.0,97692.0,193.37,4.293469956009117,0.08734194109711937,0.017310470155165184,0.6976186222210878,0.043370447836706294,0.021326675042542043,0.02204377279416425,0
1848,Laramie County,WY,56021,2018-09-30,276774.8362943168,2018,9,Laramie,64220.0,214000.0,929.0,743.0,42922.0,27332.0,39179.0,97692.0,193.37,4.309791907416955,0.08701116157247457,0.017310470155165184,0.6976186222210878,0.044465591177591524,0.021326675042542043,0.02313891613504948,0
1848,Laramie County,WY,56021,2018-10-31,277375.11274742364,2018,10,Laramie,64220.0,214000.0,929.0,743.0,42922.0,27332.0,39179.0,97692.0,193.37,4.3191390960358715,0.08682285790336712,0.017310470155165184,0.6976186222210878,0.0444062613439693,0.021326675042542043,0.023079586301427257,0
1848,Laramie County,WY,56021,2018-11-30,277880.7307571404,2018,11,Laramie,64220.0,214000.0,929.0,743.0,42922.0,27332.0,39179.0,97692.0,193.37,4.327012313253509,0.08666487933287968,0.017310470155165184,0.6976186222210878,0.04460465697186211,0.021326675042542043,0.02327798192932007,0
1848,Laramie County,WY,56021,2018-12-31,278491.5941568417,2018,12,Laramie,64220.0,214000.0,929.0,743.0,42922.0,27332.0,39179.0,97692.0,193.37,4.336524356226124,0.08647478238225441,0.017310470155165184,0.6976186222210878,0.04275535354587001,0.021326675042542043,0.02142867850332797,0
1848,Laramie County,WY,56021,2019-01-31,279574.4307179226,2019,1,Laramie,66910.0,227900.0,950.0,637.0,43384.0,27692.0,39683.0,98320.0,207.68,4.178365426960433,0.08974801427858718,0.014682832380601142,0.69783030516846,0.04267014254175705,0.04188726253503572,0.0007828800067213315,0
1848,Laramie County,WY,56021,2019-02-28,281152.073072481,2019,2,Laramie,66910.0,227900.0,950.0,637.0,43384.0,27692.0,39683.0,98320.0,207.68,4.201944000485444,0.0892444068642221,0.014682832380601142,0.69783030516846,0.04354841924497199,0.04188726253503572,0.0016611567099362734,0
1848,Laramie County,WY,56021,2019-03-31,283358.93389228644,2019,3,Laramie,66910.0,227900.0,950.0,637.0,43384.0,27692.0,39683.0,98320.0,207.68,4.234926526562344,0.08854935207208948,0.014682832380601142,0.69783030516846,0.046317400951308985,0.04188726253503572,0.004430138416273266,0
1848,Laramie County,WY,56021,2019-04-30,285704.15060934867,2019,4,Laramie,66910.0,227900.0,950.0,637.0,43384.0,27692.0,39683.0,98320.0,207.68,4.269976843660868,0.08782249031554312,0.014682832380601142,0.69783030516846,0.05066779267739996,0.04188726253503572,0.00878053014236424,0
1848,Laramie County,WY,56021,2019-05-31,288343.7515324896,2019,5,Laramie,66910.0,227900.0,950.0,637.0,43384.0,27692.0,39683.0,98320.0,207.68,4.309426864930348,0.08701853210497887,0.014682832380601142,0.69783030516846,0.05603846396845169,0.04188726253503572,0.014151201433415972,0
1848,Laramie County,WY,56021,2019-06-30,291309.1767019674,2019,6,Laramie,66910.0,227900.0,950.0,637.0,43384.0,27692.0,39683.0,98320.0,207.68,4.353746475892503,0.08613271399160335,0.014682832380601142,0.69783030516846,0.06470785173151028,0.04188726253503572,0.02282058919647456,0
1848,Laramie County,WY,56021,2019-07-31,294392.2125118751,2019,7,Laramie,66910.0,227900.0,950.0,637.0,43384.0,27692.0,39683.0,98320.0,207.68,4.399823830696086,0.08523068523420223,0.014682832380601142,0.69783030516846,0.0714733495898685,0.04188726253503572,0.029586087054832788,0
1848,Laramie County,WY,56021,2019-08-31,297389.5556200591,2019,8,Laramie,66910.0,227900.0,950.0,637.0,43384.0,27692.0,39683.0,98320.0,207.68,4.444620469586894,0.08437165840503237,0.014682832380601142,0.69783030516846,0.07856663759434057,0.04188726253503572,0.03667937505930485,0
1848,Laramie County,WY,56021,2019-09-30,299838.69325314654,2019,9,Laramie,66910.0,227900.0,950.0,637.0,43384.0,27692.0,39683.0,98320.0,207.68,4.481223931447415,0.08368249517021495,0.014682832380601142,0.69783030516846,0.08333075819907299,0.04188726253503572,0.041443495664037266,0
1848,Laramie County,WY,56021,2019-10-31,302660.25998343615,2019,10,Laramie,66910.0,227900.0,950.0,637.0,43384.0,27692.0,39683.0,98320.0,207.68,4.523393513427532,0.08290236055890912,0.014682832380601142,0.69783030516846,0.09115867312521675,0.04188726253503572,0.04927141059018103,0
1848,Laramie County,WY,56021,2019-11-30,305774.4575490253,2019,11,Laramie,66910.0,227900.0,950.0,637.0,43384.0,27692.0,39683.0,98320.0,207.68,4.569936594664853,0.0820580312728609,0.014682832380601142,0.69783030516846,0.10038021245979523,0.04188726253503572,0.05849294992475951,0
1848,Laramie County,WY,56021,2019-12-31,309473.5384505026,2019,12,Laramie,66910.0,227900.0,950.0,637.0,43384.0,27692.0,39683.0,98320.0,207.68,4.625221020034414,0.08107720655416588,0.014682832380601142,0.69783030516846,0.11124911826319761,0.04188726253503572,0.06936185572816189,0
1848,Laramie County,WY,56021,2020-01-31,311775.93863862014,2020,1,Laramie,69369.0,239900.0,933.0,557.0,43841.0,29169.0,40202.0,99272.0,217.63,4.49445629371362,0.08343612118878788,0.012705002166921374,0.7255609173672951,0.11518044707453012,0.036750859363323896,0.07842958771120623,0
1848,Laramie County,WY,56021,2020-02-29,313027.5164116805,2020,2,Laramie,69369.0,239900.0,933.0,557.0,43841.0,29169.0,40202.0,99272.0,217.63,4.512498614823343,0.08310251858430334,0.012705002166921374,0.7255609173672951,0.11337438486886775,0.036750859363323896,0.07662352550554385,0
1848,Laramie County,WY,56021,2020-03-31,314101.9990323864,2020,3,Laramie,69369.0,239900.0,933.0,557.0,43841.0,29169.0,40202.0,99272.0,217.63,4.527987992221113,0.08281824082666159,0.012705002166921374,0.7255609173672951,0.10849513272020705,0.036750859363323896,0.07174427335688316,0
1848,Laramie County,WY,56021,2020-04-30,316395.14340617514,2020,4,Laramie,69369.0,239900.0,933.0,557.0,43841.0,29169.0,40202.0,99272.0,217.63,4.561045184537403,0.08221799715365762,0.012705002166921374,0.7255609173672951,0.10742228536536436,0.036750859363323896,0.07067142600204046,0
1848,Laramie County,WY,56021,2020-05-31,319447.5946294356,2020,5,Laramie,69369.0,239900.0,933.0,557.0,43841.0,29169.0,40202.0,99272.0,217.63,4.605048287123004,0.08143237087189821,0.012705002166921374,0.7255609173672951,0.10787070269993815,0.036750859363323896,0.07111984333661425,0
1848,Laramie County,WY,56021,2020-06-30,321966.1617422738,2020,6,Laramie,69369.0,239900.0,933.0,557.0,43841.0,29169.0,40202.0,99272.0,217.63,4.641355097266413,0.08079536948613589,0.012705002166921374,0.7255609173672951,0.10523865189345183,0.036750859363323896,0.06848779253012793,0
1848,Laramie County,WY,56021,2020-07-31,324178.6006964334,2020,7,Laramie,69369.0,239900.0,933.0,557.0,43841.0,29169.0,40202.0,99272.0,217.63,4.673248867598399,0.0802439610267779,0.012705002166921374,0.7255609173672951,0.10117926670141375,0.036750859363323896,0.06442840733808985,0
1848,Laramie County,WY,56021,2020-08-31,326495.53014003875,2020,8,Laramie,69369.0,239900.0,933.0,557.0,43841.0,29169.0,40202.0,99272.0,217.63,4.706648937422173,0.0796745210840788,0.012705002166921374,0.7255609173672951,0.09787154245983376,0.036750859363323896,0.061120683096509865,0
1848,Laramie County,WY,56021,2020-09-30,329473.8322626672,2020,9,Laramie,69369.0,239900.0,933.0,557.0,43841.0,29169.0,40202.0,99272.0,217.63,4.749583131696682,0.07895429758822636,0.012705002166921374,0.7255609173672951,0.09883694024940404,0.036750859363323896,0.06208608088608014,0
1848,Laramie County,WY,56021,2020-10-31,331539.39860363695,2020,10,Laramie,69369.0,239900.0,933.0,557.0,43841.0,29169.0,40202.0,99272.0,217.63,4.779359636201141,0.07846239424201766,0.012705002166921374,0.7255609173672951,0.0954176759835641,0.036750859363323896,0.0586668166202402,0
1848,Laramie County,WY,56021,2020-11-30,333175.1447513121,2020,11,Laramie,69369.0,239900.0,933.0,557.0,43841.0,29169.0,40202.0,99272.0,217.63,4.802939998433192,0.07807717775411142,0.012705002166921374,0.7255609173672951,0.08961077855201038,0.036750859363323896,0.05285991918868649,0
1848,Laramie County,WY,56021,2020-12-31,333979.1948310126,2020,12,Laramie,69369.0,239900.0,933.0,557.0,43841.0,29169.0,40202.0,99272.0,217.63,4.814530911949323,0.07788920807825259,0.012705002166921374,0.7255609173672951,0.07918498138227537,0.036750859363323896,0.04243412201895147,0
1848,Laramie County,WY,56021,2021-01-31,335356.2048400995,2021,1,Laramie,71550.0,253700.0,954.0,436.0,43882.0,29498.0,40842.0,99905.0,241.8,4.687018935570922,0.0800082110089281,0.009935736748552937,0.7222467068214093,0.07563209112429714,0.031440557021147786,0.044191534103149355,0
1848,Laramie County,WY,56021,2021-02-28,337539.5185041595,2021,2,Laramie,71550.0,253700.0,954.0,436.0,43882.0,29498.0,40842.0,99905.0,241.8,4.717533452189511,0.07949069228665548,0.009935736748552937,0.7222467068214093,0.07830622168129753,0.031440557021147786,0.04686566466014974,0
1848,Laramie County,WY,56021,2021-03-31,340336.9333373681,2021,3,Laramie,71550.0,253700.0,954.0,436.0,43882.0,29498.0,40842.0,99905.0,241.8,4.756630794372719,0.07883731494225696,0.009935736748552937,0.7222467068214093,0.08352361457679436,0.031440557021147786,0.05208305755564657,0
1848,Laramie County,WY,56021,2021-04-30,343212.66688166605,2021,4,Laramie,71550.0,253700.0,954.0,436.0,43882.0,29498.0,40842.0,99905.0,241.8,4.796822737689253,0.07817674750696471,0.009935736748552937,0.7222467068214093,0.08475959266246913,0.031440557021147786,0.053319035641321344,0
1848,Laramie County,WY,56021,2021-05-31,344005.42128365266,2021,5,Laramie,71550.0,253700.0,954.0,436.0,43882.0,29498.0,40842.0,99905.0,241.8,4.807902463782707,0.07799659057662367,0.009935736748552937,0.7222467068214093,0.07687591663573023,0.031440557021147786,0.04543535961458245,0
1848,Laramie County,WY,56021,2021-06-30,342975.55819542595,2021,6,Laramie,71550.0,253700.0,954.0,436.0,43882.0,29498.0,40842.0,99905.0,241.8,4.793508849691488,0.0782307932995962,0.009935736748552937,0.7222467068214093,0.06525343017248408,0.031440557021147786,0.0338128731513363,0
1848,Laramie County,WY,56021,2021-07-31,341107.5372682418,2021,7,Laramie,71550.0,253700.0,954.0,436.0,43882.0,29498.0,40842.0,99905.0,241.8,4.767400940157118,0.07865921173972862,0.009935736748552937,0.7222467068214093,0.05222101809138535,0.031440557021147786,0.020780461070237566,0
1848,Laramie County,WY,56021,2021-08-31,340191.2850536693,2021,8,Laramie,71550.0,253700.0,954.0,436.0,43882.0,29498.0,40842.0,99905.0,241.8,4.75459517894716,0.07887106806915127,0.009935736748552937,0.7222467068214093,0.041947756245717116,0.031440557021147786,0.01050719922456933,0
1848,Laramie County,WY,56021,2021-09-30,340395.536557285,2021,9,Laramie,71550.0,253700.0,954.0,436.0,43882.0,29498.0,40842.0,99905.0,241.8,4.757449847061984,0.07882374214235498,0.009935736748552937,0.7222467068214093,0.033148927851455845,0.031440557021147786,0.0017083708303080591,0
1848,Laramie County,WY,56021,2021-10-31,341909.56581563497,2021,10,Laramie,71550.0,253700.0,954.0,436.0,43882.0,29498.0,40842.0,99905.0,241.8,4.778610283936198,0.07847469823195291,0.009935736748552937,0.7222467068214093,0.03127883821854849,0.031440557021147786,-0.00016171880259929772,0
1848,Laramie County,WY,56021,2021-11-30,344197.8304588724,2021,11,Laramie,71550.0,253700.0,954.0,436.0,43882.0,29498.0,40842.0,99905.0,241.8,4.810591620669077,0.07795298989604182,0.009935736748552937,0.7222467068214093,0.03308375754076098,0.031440557021147786,0.0016432005196131971,0
1848,Laramie County,WY,56021,2021-12-31,346758.749911296,2021,12,Laramie,71550.0,253700.0,954.0,436.0,43882.0,29498.0,40842.0,99905.0,241.8,4.846383646558994,0.07737728321740597,0.009935736748552937,0.7222467068214093,0.038264524491562035,0.031440557021147786,0.0068239674704142494,0
1848,Laramie County,WY,56021,2022-01-31,349472.47259746626,2022,1,Laramie,76282.0,295800.0,1043.0,454.0,44389.0,29892.0,41407.0,100316.0,275.71,4.581322888721668,0.08185408649610303,0.010227759129514069,0.7219069239500567,0.04209335492718114,0.066135569531796,-0.024042214604614864,0
1848,Laramie County,WY,56021,2022-02-28,352223.7990678707,2022,2,Laramie,76282.0,295800.0,1043.0,454.0,44389.0,29892.0,41407.0,100316.0,275.71,4.617390722160807,0.08121469950554902,0.010227759129514069,0.7219069239500567,0.043503885496981365,0.066135569531796,-0.022631684034814636,0
1848,Laramie County,WY,56021,2022-03-31,355766.70779972174,2022,3,Laramie,76282.0,295800.0,1043.0,454.0,44389.0,29892.0,41407.0,100316.0,275.71,4.663835607348021,0.0804059215571783,0.010227759129514069,0.7219069239500567,0.04533676175267898,0.066135569531796,-0.020798807779117023,0
1848,Laramie County,WY,56021,2022-04-30,358796.9718979882,2022,4,Laramie,76282.0,295800.0,1043.0,454.0,44389.0,29892.0,41407.0,100316.0,275.71,4.703560104585462,0.0797268434253483,0.010227759129514069,0.7219069239500567,0.04540713825604614,0.066135569531796,-0.02072843127574986,0
1848,Laramie County,WY,56021,2022-05-31,361917.8299562656,2022,5,Laramie,76282.0,295800.0,1043.0,454.0,44389.0,29892.0,41407.0,100316.0,275.71,4.7444722209206045,0.07903934990839423,0.010227759129514069,0.7219069239500567,0.052070134841982973,0.066135569531796,-0.014065434689813028,0
1848,Laramie County,WY,56021,2022-06-30,364618.8366975517,2022,6,Laramie,76282.0,295800.0,1043.0,454.0,44389.0,29892.0,41407.0,100316.0,275.71,4.779880400324476,0.0784538458273022,0.010227759129514069,0.7219069239500567,0.06310443407688404,0.066135569531796,-0.0030311354549119596,0
1848,Laramie County,WY,56021,2022-07-31,366188.0229463517,2022,7,Laramie,76282.0,295800.0,1043.0,454.0,44389.0,29892.0,41407.0,100316.0,275.71,4.800451259095877,0.07811765597858146,0.010227759129514069,0.7219069239500567,0.07352662412260602,0.066135569531796,0.00739105459081002,0
1848,Laramie County,WY,56021,2022-08-31,365602.8935181643,2022,8,Laramie,76282.0,295800.0,1043.0,454.0,44389.0,29892.0,41407.0,100316.0,275.71,4.7927806496704894,0.0782426794403332,0.010227759129514069,0.7219069239500567,0.0746979995695245,0.066135569531796,0.008562430037728497,0
1848,Laramie County,WY,56021,2022-09-30,363415.358031425,2022,9,Laramie,76282.0,295800.0,1043.0,454.0,44389.0,29892.0,41407.0,100316.0,275.71,4.764103694599315,0.0787136519352229,0.010227759129514069,0.7219069239500567,0.06762668425960983,0.066135569531796,0.0014911147278138248,0
1848,Laramie County,WY,56021,2022-10-31,362027.6768642158,2022,10,Laramie,76282.0,295800.0,1043.0,454.0,44389.0,29892.0,41407.0,100316.0,275.71,4.745912231774414,0.07901536768618117,0.010227759129514069,0.7219069239500567,0.058840445135217356,0.066135569531796,-0.007295124396578645,0
1848,Laramie County,WY,56021,2022-11-30,361566.8499663878,2022,11,Laramie,76282.0,295800.0,1043.0,454.0,44389.0,29892.0,41407.0,100316.0,275.71,4.739871135607191,0.07911607494619394,0.010227759129514069,0.7219069239500567,0.05046231547816449,0.066135569531796,-0.015673254053631513,0
1848,Laramie County,WY,56021,2022-12-31,361318.24350263336,2022,12,Laramie,76282.0,295800.0,1043.0,454.0,44389.0,29892.0,41407.0,100316.0,275.71,4.736612090698111,0.07917051107825258,0.010227759129514069,0.7219069239500567,0.041987386317033915,0.066135569531796,-0.024148183214762087,0
1848,Laramie County,WY,56021,2023-01-31,360341.0111422512,2023,1,Laramie,77884.0,324900.0,1080.0,328.0,45032.0,30093.0,42503.0,100661.0,281.42,4.626637193033886,0.0810523895335083,0.0072837093622313024,0.7080206103098605,0.03109984160985313,0.02100102252169589,0.01009881908815724,0
1848,Laramie County,WY,56021,2023-02-28,359262.6828434382,2023,2,Laramie,77884.0,324900.0,1080.0,328.0,45032.0,30093.0,42503.0,100661.0,281.42,4.612791880789869,0.08129566858667533,0.0072837093622313024,0.7080206103098605,0.019984123146122634,0.02100102252169589,-0.0010168993755732547,0
1848,Laramie County,WY,56021,2023-03-31,358950.9843294996,2023,3,Laramie,77884.0,324900.0,1080.0,328.0,45032.0,30093.0,42503.0,100661.0,281.42,4.6087897941746645,0.08136626245657498,0.0072837093622313024,0.7080206103098605,0.00895046236751984,0.02100102252169589,-0.012050560154176049,0
1848,Laramie County,WY,56021,2023-04-30,359786.797302196,2023,4,Laramie,77884.0,324900.0,1080.0,328.0,45032.0,30093.0,42503.0,100661.0,281.42,4.619521304789122,0.08117724224179511,0.0072837093622313024,0.7080206103098605,0.0027587339964765256,0.02100102252169589,-0.018242288525219363,0
1848,Laramie County,WY,56021,2023-05-31,361625.6459590108,2023,5,Laramie,77884.0,324900.0,1080.0,328.0,45032.0,30093.0,42503.0,100661.0,281.42,4.643131400018114,0.08076445995013991,0.0072837093622313024,0.7080206103098605,-0.0008073213670906076,0.02100102252169589,-0.021808343888786497,0
1848,Laramie County,WY,56021,2023-06-30,363670.71435776167,2023,6,Laramie,77884.0,324900.0,1080.0,328.0,45032.0,30093.0,42503.0,100661.0,281.42,4.669389275817391,0.0803102885300466,0.0072837093622313024,0.7080206103098605,-0.0026003109120127377,0.02100102252169589,-0.023601333433708627,0
1848,Laramie County,WY,56021,2023-07-31,365102.0010002378,2023,7,Laramie,77884.0,324900.0,1080.0,328.0,45032.0,30093.0,42503.0,100661.0,281.42,4.6877664347008094,0.07999545310621557,0.0072837093622313024,0.7080206103098605,-0.0029657495004224987,0.02100102252169589,-0.023966772022118388,0
1848,Laramie County,WY,56021,2023-08-31,365985.1395781967,2023,8,Laramie,77884.0,324900.0,1080.0,328.0,45032.0,30093.0,42503.0,100661.0,281.42,4.699105587517291,0.07980242048532606,0.0072837093622313024,0.7080206103098605,0.0010455225240535437,0.02100102252169589,-0.019955499997642345,0
1848,Laramie County,WY,56021,2023-09-30,366308.3884591859,2023,9,Laramie,77884.0,324900.0,1080.0,328.0,45032.0,30093.0,42503.0,100661.0,281.42,4.703255976313311,0.07973199882987171,0.0072837093622313024,0.7080206103098605,0.007960671897390581,0.02100102252169589,-0.013040350624305308,0
1848,Laramie County,WY,56021,2023-10-31,367604.6268975544,2023,10,Laramie,77884.0,324900.0,1080.0,328.0,45032.0,30093.0,42503.0,100661.0,281.42,4.719899169245986,0.07945084980701124,0.0072837093622313024,0.7080206103098605,0.015404761541008671,0.02100102252169589,-0.005596260980687218,0
1848,Laramie County,WY,56021,2023-11-30,368103.0823706906,2023,11,Laramie,77884.0,324900.0,1080.0,328.0,45032.0,30093.0,42503.0,100661.0,281.42,4.72629914193789,0.07934326388114349,0.0072837093622313024,0.7080206103098605,0.01807752122438888,0.02100102252169589,-0.0029235012973070074,0
1848,Laramie County,WY,56021,2023-12-31,367725.1711539719,2023,12,Laramie,77884.0,324900.0,1080.0,328.0,45032.0,30093.0,42503.0,100661.0,281.42,4.721446910199424,0.07942480496601852,0.0072837093622313024,0.7080206103098605,0.017732090107683396,0.02100102252169589,-0.003268932414012493,0
1886,Lincoln County,WY,56023,2014-01-31,,2014,1,Lincoln,66530.0,194700.0,792.0,1212.0,8992.0,5423.0,6584.0,18180.0,151.05,,,0.1347864768683274,0.8236634264884569,,,,1
1886,Lincoln County,WY,56023,2014-02-28,,2014,2,Lincoln,66530.0,194700.0,792.0,1212.0,8992.0,5423.0,6584.0,18180.0,151.05,,,0.1347864768683274,0.8236634264884569,,,,1
1886,Lincoln County,WY,56023,2014-03-31,,2014,3,Lincoln,66530.0,194700.0,792.0,1212.0,8992.0,5423.0,6584.0,18180.0,151.05,,,0.1347864768683274,0.8236634264884569,,,,1
1886,Lincoln County,WY,56023,2014-04-30,,2014,4,Lincoln,66530.0,194700.0,792.0,1212.0,8992.0,5423.0,6584.0,18180.0,151.05,,,0.1347864768683274,0.8236634264884569,,,,1
1886,Lincoln County,WY,56023,2014-05-31,,2014,5,Lincoln,66530.0,194700.0,792.0,1212.0,8992.0,5423.0,6584.0,18180.0,151.05,,,0.1347864768683274,0.8236634264884569,,,,1
1886,Lincoln County,WY,56023,2014-06-30,,2014,6,Lincoln,66530.0,194700.0,792.0,1212.0,8992.0,5423.0,6584.0,18180.0,151.05,,,0.1347864768683274,0.8236634264884569,,,,1
1886,Lincoln County,WY,56023,2014-07-31,,2014,7,Lincoln,66530.0,194700.0,792.0,1212.0,8992.0,5423.0,6584.0,18180.0,151.05,,,0.1347864768683274,0.8236634264884569,,,,1
1886,Lincoln County,WY,56023,2014-08-31,,2014,8,Lincoln,66530.0,194700.0,792.0,1212.0,8992.0,5423.0,6584.0,18180.0,151.05,,,0.1347864768683274,0.8236634264884569,,,,1
1886,Lincoln County,WY,56023,2014-09-30,,2014,9,Lincoln,66530.0,194700.0,792.0,1212.0,8992.0,5423.0,6584.0,18180.0,151.05,,,0.1347864768683274,0.8236634264884569,,,,1
1886,Lincoln County,WY,56023,2014-10-31,,2014,10,Lincoln,66530.0,194700.0,792.0,1212.0,8992.0,5423.0,6584.0,18180.0,151.05,,,0.1347864768683274,0.8236634264884569,,,,1
1886,Lincoln County,WY,56023,2014-11-30,,2014,11,Lincoln,66530.0,194700.0,792.0,1212.0,8992.0,5423.0,6584.0,18180.0,151.05,,,0.1347864768683274,0.8236634264884569,,,,1
1886,Lincoln County,WY,56023,2014-12-31,,2014,12,Lincoln,66530.0,194700.0,792.0,1212.0,8992.0,5423.0,6584.0,18180.0,151.05,,,0.1347864768683274,0.8236634264884569,,,,1
1886,Lincoln County,WY,56023,2015-01-31,,2015,1,Lincoln,66647.0,201700.0,796.0,1197.0,9008.0,5496.0,6797.0,18316.0,162.84,,,0.13288188277087035,0.8085920258937767,,0.0017586051405380498,,1
1886,Lincoln County,WY,56023,2015-02-28,,2015,2,Lincoln,66647.0,201700.0,796.0,1197.0,9008.0,5496.0,6797.0,18316.0,162.84,,,0.13288188277087035,0.8085920258937767,,0.0017586051405380498,,1
1886,Lincoln County,WY,56023,2015-03-31,,2015,3,Lincoln,66647.0,201700.0,796.0,1197.0,9008.0,5496.0,6797.0,18316.0,162.84,,,0.13288188277087035,0.8085920258937767,,0.0017586051405380498,,1
1886,Lincoln County,WY,56023,2015-04-30,,2015,4,Lincoln,66647.0,201700.0,796.0,1197.0,9008.0,5496.0,6797.0,18316.0,162.84,,,0.13288188277087035,0.8085920258937767,,0.0017586051405380498,,1
1886,Lincoln County,WY,56023,2015-05-31,,2015,5,Lincoln,66647.0,201700.0,796.0,1197.0,9008.0,5496.0,6797.0,18316.0,162.84,,,0.13288188277087035,0.8085920258937767,,0.0017586051405380498,,1
1886,Lincoln County,WY,56023,2015-06-30,,2015,6,Lincoln,66647.0,201700.0,796.0,1197.0,9008.0,5496.0,6797.0,18316.0,162.84,,,0.13288188277087035,0.8085920258937767,,0.0017586051405380498,,1
1886,Lincoln County,WY,56023,2015-07-31,,2015,7,Lincoln,66647.0,201700.0,796.0,1197.0,9008.0,5496.0,6797.0,18316.0,162.84,,,0.13288188277087035,0.8085920258937767,,0.0017586051405380498,,1
1886,Lincoln County,WY,56023,2015-08-31,,2015,8,Lincoln,66647.0,201700.0,796.0,1197.0,9008.0,5496.0,6797.0,18316.0,162.84,,,0.13288188277087035,0.8085920258937767,,0.0017586051405380498,,1
1886,Lincoln County,WY,56023,2015-09-30,,2015,9,Lincoln,66647.0,201700.0,796.0,1197.0,9008.0,5496.0,6797.0,18316.0,162.84,,,0.13288188277087035,0.8085920258937767,,0.0017586051405380498,,1
1886,Lincoln County,WY,56023,2015-10-31,,2015,10,Lincoln,66647.0,201700.0,796.0,1197.0,9008.0,5496.0,6797.0,18316.0,162.84,,,0.13288188277087035,0.8085920258937767,,0.0017586051405380498,,1
1886,Lincoln County,WY,56023,2015-11-30,,2015,11,Lincoln,66647.0,201700.0,796.0,1197.0,9008.0,5496.0,6797.0,18316.0,162.84,,,0.13288188277087035,0.8085920258937767,,0.0017586051405380498,,1
1886,Lincoln County,WY,56023,2015-12-31,,2015,12,Lincoln,66647.0,201700.0,796.0,1197.0,9008.0,5496.0,6797.0,18316.0,162.84,,,0.13288188277087035,0.8085920258937767,,0.0017586051405380498,,1
1886,Lincoln County,WY,56023,2016-01-31,,2016,1,Lincoln,64579.0,204300.0,813.0,1069.0,9042.0,5540.0,7002.0,18543.0,169.09,,,0.11822605618226056,0.7912025135675521,,-0.03102915360031211,,1
1886,Lincoln County,WY,56023,2016-02-29,242513.50693246053,2016,2,Lincoln,64579.0,204300.0,813.0,1069.0,9042.0,5540.0,7002.0,18543.0,169.09,3.755299817780711,0.09985887098133636,0.11822605618226056,0.7912025135675521,,-0.03102915360031211,,1
1886,Lincoln County,WY,56023,2016-03-31,242092.8369367719,2016,3,Lincoln,64579.0,204300.0,813.0,1069.0,9042.0,5540.0,7002.0,18543.0,169.09,3.748785780776598,0.100032389666799,0.11822605618226056,0.7912025135675521,,-0.03102915360031211,,1
1886,Lincoln County,WY,56023,2016-04-30,242070.7804255101,2016,4,Lincoln,64579.0,204300.0,813.0,1069.0,9042.0,5540.0,7002.0,18543.0,169.09,3.748444237685782,0.10004150421389697,0.11822605618226056,0.7912025135675521,,-0.03102915360031211,,1
1886,Lincoln County,WY,56023,2016-05-31,242256.0641466161,2016,5,Lincoln,64579.0,204300.0,813.0,1069.0,9042.0,5540.0,7002.0,18543.0,169.09,3.7513133394232816,0.09996498987675917,0.11822605618226056,0.7912025135675521,,-0.03102915360031211,,1
1886,Lincoln County,WY,56023,2016-06-30,243089.52439830964,2016,6,Lincoln,64579.0,204300.0,813.0,1069.0,9042.0,5540.0,7002.0,18543.0,169.09,3.764219396372035,0.09962224846974277,0.11822605618226056,0.7912025135675521,,-0.03102915360031211,,1
1886,Lincoln County,WY,56023,2016-07-31,243931.01529576155,2016,7,Lincoln,64579.0,204300.0,813.0,1069.0,9042.0,5540.0,7002.0,18543.0,169.09,3.777249807147239,0.09927858075217377,0.11822605618226056,0.7912025135675521,,-0.03102915360031211,,1
1886,Lincoln County,WY,56023,2016-08-31,244417.8907442595,2016,8,Lincoln,64579.0,204300.0,813.0,1069.0,9042.0,5540.0,7002.0,18543.0,169.09,3.784789029626651,0.09908081984611748,0.11822605618226056,0.7912025135675521,,-0.03102915360031211,,1
1886,Lincoln County,WY,56023,2016-09-30,244491.90494614,2016,9,Lincoln,64579.0,204300.0,813.0,1069.0,9042.0,5540.0,7002.0,18543.0,169.09,3.7859351328781803,0.09905082544689926,0.11822605618226056,0.7912025135675521,,-0.03102915360031211,,1
1886,Lincoln County,WY,56023,2016-10-31,244332.8817737439,2016,10,Lincoln,64579.0,204300.0,813.0,1069.0,9042.0,5540.0,7002.0,18543.0,169.09,3.7834726733728283,0.09911529231839307,0.11822605618226056,0.7912025135675521,,-0.03102915360031211,,1
1886,Lincoln County,WY,56023,2016-11-30,244655.7990275399,2016,11,Lincoln,64579.0,204300.0,813.0,1069.0,9042.0,5540.0,7002.0,18543.0,169.09,3.788473017970856,0.09898447163835253,0.11822605618226056,0.7912025135675521,,-0.03102915360031211,,1
1886,Lincoln County,WY,56023,2016-12-31,245459.6759623856,2016,12,Lincoln,64579.0,204300.0,813.0,1069.0,9042.0,5540.0,7002.0,18543.0,169.09,3.8009209799220427,0.09866029890673793,0.11822605618226056,0.7912025135675521,,-0.03102915360031211,,1
1886,Lincoln County,WY,56023,2017-01-31,246745.9364535641,2017,1,Lincoln,63756.0,205900.0,836.0,1144.0,9234.0,5539.0,7063.0,18791.0,179.22,3.8701602430134274,0.09689521271812075,0.12388997184318822,0.784227665298032,,-0.012744080893169585,,1
1886,Lincoln County,WY,56023,2017-02-28,248239.9107483878,2017,2,Lincoln,63756.0,205900.0,836.0,1144.0,9234.0,5539.0,7063.0,18791.0,179.22,3.8935929284834025,0.09631207136645038,0.12388997184318822,0.784227665298032,0.02361272115669033,-0.012744080893169585,0.036356802049859915,1
1886,Lincoln County,WY,56023,2017-03-31,249084.836401634,2017,3,Lincoln,63756.0,205900.0,836.0,1144.0,9234.0,5539.0,7063.0,18791.0,179.22,3.9068454169275677,0.09598536926370344,0.12388997184318822,0.784227665298032,0.028881480151716543,-0.012744080893169585,0.04162556104488613,1
1886,Lincoln County,WY,56023,2017-04-30,249780.93193936,2017,4,Lincoln,63756.0,205900.0,836.0,1144.0,9234.0,5539.0,7063.0,18791.0,179.22,3.917763535029801,0.0957178749169065,0.12388997184318822,0.784227665298032,0.0318508144613614,-0.012744080893169585,0.04459489535453098,1
1886,Lincoln County,WY,56023,2017-05-31,250227.49266374487,2017,5,Lincoln,63756.0,205900.0,836.0,1144.0,9234.0,5539.0,7063.0,18791.0,179.22,3.9247677499175744,0.09554705498379502,0.12388997184318822,0.784227665298032,0.032904969975506404,-0.012744080893169585,0.04564905086867599,1
1886,Lincoln County,WY,56023,2017-06-30,251693.2924092845,2017,6,Lincoln,63756.0,205900.0,836.0,1144.0,9234.0,5539.0,7063.0,18791.0,179.22,3.9477585232650183,0.09499061246781981,0.12388997184318822,0.784227665298032,0.03539341332075385,-0.012744080893169585,0.04813749421392344,1
1886,Lincoln County,WY,56023,2017-07-31,253850.43048328525,2017,7,Lincoln,63756.0,205900.0,836.0,1144.0,9234.0,5539.0,7063.0,18791.0,179.22,3.981592798846936,0.09418341325828182,0.12388997184318822,0.784227665298032,0.04066483786613451,-0.012744080893169585,0.05340891875930409,1
1886,Lincoln County,WY,56023,2017-08-31,256420.5599008601,2017,8,Lincoln,63756.0,205900.0,836.0,1144.0,9234.0,5539.0,7063.0,18791.0,179.22,4.021904760349773,0.09323940330386823,0.12388997184318822,0.784227665298032,0.049107162818777805,-0.012744080893169585,0.06185124371194739,1
1886,Lincoln County,WY,56023,2017-09-30,258116.97930554385,2017,9,Lincoln,63756.0,205900.0,836.0,1144.0,9234.0,5539.0,7063.0,18791.0,179.22,4.048512756533406,0.09262660699162494,0.12388997184318822,0.784227665298032,0.05572812057890153,-0.012744080893169585,0.06847220147207111,1
1886,Lincoln County,WY,56023,2017-10-31,259482.22260934944,2017,10,Lincoln,63756.0,205900.0,836.0,1144.0,9234.0,5539.0,7063.0,18791.0,179.22,4.0699263223751405,0.09213926009873229,0.12388997184318822,0.784227665298032,0.06200287380735792,-0.012744080893169585,0.0747469547005275,1
1886,Lincoln County,WY,56023,2017-11-30,260455.26674171156,2017,11,Lincoln,63756.0,205900.0,836.0,1144.0,9234.0,5539.0,7063.0,18791.0,179.22,4.0851883233219075,0.09179503374646517,0.12388997184318822,0.784227665298032,0.06457834957099529,-0.012744080893169585,0.07732243046416487,1
1886,Lincoln County,WY,56023,2017-12-31,261903.346530862,2017,12,Lincoln,63756.0,205900.0,836.0,1144.0,9234.0,5539.0,7063.0,18791.0,179.22,4.107901162727618,0.09128749333175352,0.12388997184318822,0.784227665298032,0.0669913316882087,-0.012744080893169585,0.07973541258137828,1
1886,Lincoln County,WY,56023,2018-01-31,263030.3170579132,2018,1,Lincoln,64519.0,231700.0,815.0,1284.0,9319.0,5571.0,7075.0,19011.0,183.72,4.076788497309525,0.09198416848150968,0.13778302392960617,0.7874204946996466,0.0659965502913713,0.011967501097935873,0.05402904919343543,1
1886,Lincoln County,WY,56023,2018-02-28,263971.7076437932,2018,2,Lincoln,64519.0,231700.0,815.0,1284.0,9319.0,5571.0,7075.0,19011.0,183.72,4.091379402095401,0.09165612942372044,0.13778302392960617,0.7874204946996466,0.06337335865122395,0.011967501097935873,0.05140585755328808,1
1886,Lincoln County,WY,56023,2018-03-31,265507.5093592647,2018,3,Lincoln,64519.0,231700.0,815.0,1284.0,9319.0,5571.0,7075.0,19011.0,183.72,4.115183269413114,0.09112595368164018,0.13778302392960617,0.7874204946996466,0.0659320462653541,0.011967501097935873,0.05396454516741822,1
1886,Lincoln County,WY,56023,2018-04-30,266923.0377062753,2018,4,Lincoln,64519.0,231700.0,815.0,1284.0,9319.0,5571.0,7075.0,19011.0,183.72,4.137122982474547,0.09064270063726758,0.13778302392960617,0.7874204946996466,0.06862856037016041,0.011967501097935873,0.056661059272224534,1
1886,Lincoln County,WY,56023,2018-05-31,268204.96654757793,2018,5,Lincoln,64519.0,231700.0,815.0,1284.0,9319.0,5571.0,7075.0,19011.0,183.72,4.156991995343665,0.09020945924842902,0.13778302392960617,0.7874204946996466,0.07184451913120182,0.011967501097935873,0.05987701803326595,1
1886,Lincoln County,WY,56023,2018-06-30,269037.46995335433,2018,6,Lincoln,64519.0,231700.0,815.0,1284.0,9319.0,5571.0,7075.0,19011.0,183.72,4.169895223939527,0.08993031715691818,0.13778302392960617,0.7874204946996466,0.06890997125130394,0.011967501097935873,0.05694247015336806,1
1886,Lincoln County,WY,56023,2018-07-31,270808.1972715115,2018,7,Lincoln,64519.0,231700.0,815.0,1284.0,9319.0,5571.0,7075.0,19011.0,183.72,4.197340276066143,0.08934229186475674,0.13778302392960617,0.7874204946996466,0.0668021982706184,0.011967501097935873,0.05483469717268252,1
1886,Lincoln County,WY,56023,2018-08-31,273255.07317198016,2018,8,Lincoln,64519.0,231700.0,815.0,1284.0,9319.0,5571.0,7075.0,19011.0,183.72,4.235265164865856,0.08854227194813136,0.13778302392960617,0.7874204946996466,0.06565196362424608,0.011967501097935873,0.053684462526310206,1
1886,Lincoln County,WY,56023,2018-09-30,276383.3208741177,2018,9,Lincoln,64519.0,231700.0,815.0,1284.0,9319.0,5571.0,7075.0,19011.0,183.72,4.283750846636149,0.08754010525483101,0.13778302392960617,0.7874204946996466,0.07076768687483836,0.011967501097935873,0.05880018577690249,1
1886,Lincoln County,WY,56023,2018-10-31,279037.7359002488,2018,10,Lincoln,64519.0,231700.0,815.0,1284.0,9319.0,5571.0,7075.0,19011.0,183.72,4.324892448739887,0.08670735849379585,0.13778302392960617,0.7874204946996466,0.07536359560300276,0.011967501097935873,0.06339609450506689,1
1886,Lincoln County,WY,56023,2018-11-30,281235.1350049978,2018,11,Lincoln,64519.0,231700.0,815.0,1284.0,9319.0,5571.0,7075.0,19011.0,183.72,4.358950619274908,0.0860298802977446,0.13778302392960617,0.7874204946996466,0.07978286837214621,0.011967501097935873,0.06781536727421034,1
1886,Lincoln County,WY,56023,2018-12-31,282262.7242735438,2018,12,Lincoln,64519.0,231700.0,815.0,1284.0,9319.0,5571.0,7075.0,19011.0,183.72,4.3748775441892125,0.08571668491569127,0.13778302392960617,0.7874204946996466,0.07773622602520924,0.011967501097935873,0.06576872492727337,1
1886,Lincoln County,WY,56023,2019-01-31,,2019,1,Lincoln,66964.0,246400.0,852.0,1535.0,9421.0,5693.0,6908.0,19274.0,203.52,,,0.16293387113894492,0.824116965836711,,0.03789581363629324,,1
1886,Lincoln County,WY,56023,2019-02-28,,2019,2,Lincoln,66964.0,246400.0,852.0,1535.0,9421.0,5693.0,6908.0,19274.0,203.52,,,0.16293387113894492,0.824116965836711,,0.03789581363629324,,1
1886,Lincoln County,WY,56023,2019-03-31,,2019,3,Lincoln,66964.0,246400.0,852.0,1535.0,9421.0,5693.0,6908.0,19274.0,203.52,,,0.16293387113894492,0.824116965836711,,0.03789581363629324,,1
1886,Lincoln County,WY,56023,2019-04-30,258510.53427420015,2019,4,Lincoln,66964.0,246400.0,852.0,1535.0,9421.0,5693.0,6908.0,19274.0,203.52,3.8604404497073075,0.09713917489089409,0.16293387113894492,0.824116965836711,-0.03151658809357749,0.03789581363629324,-0.06941240172987073,1
1886,Lincoln County,WY,56023,2019-05-31,255521.9763598508,2019,5,Lincoln,66964.0,246400.0,852.0,1535.0,9421.0,5693.0,6908.0,19274.0,203.52,3.815811127767917,0.09827530437004586,0.16293387113894492,0.824116965836711,-0.04728842403996736,0.03789581363629324,-0.0851842376762606,1
1886,Lincoln County,WY,56023,2019-06-30,254828.80622032552,2019,6,Lincoln,66964.0,246400.0,852.0,1535.0,9421.0,5693.0,6908.0,19274.0,203.52,3.805459742851764,0.09854262699911777,0.16293387113894492,0.824116965836711,-0.052812954773520215,0.03789581363629324,-0.09070876840981346,1
1886,Lincoln County,WY,56023,2019-07-31,254349.7164880176,2019,7,Lincoln,66964.0,246400.0,852.0,1535.0,9421.0,5693.0,6908.0,19274.0,203.52,3.798305305657034,0.09872824057652528,0.16293387113894492,0.824116965836711,-0.0607754157714534,0.03789581363629324,-0.09867122940774664,1
1886,Lincoln County,WY,56023,2019-08-31,254417.1675186079,2019,8,Lincoln,66964.0,246400.0,852.0,1535.0,9421.0,5693.0,6908.0,19274.0,203.52,3.7993125786782134,0.09870206576434494,0.16293387113894492,0.824116965836711,-0.06893890545086467,0.03789581363629324,-0.10683471908715791,1
1886,Lincoln County,WY,56023,2019-09-30,252427.8499153652,2019,9,Lincoln,66964.0,246400.0,852.0,1535.0,9421.0,5693.0,6908.0,19274.0,203.52,3.7696053090521056,0.09947991082766605,0.16293387113894492,0.824116965836711,-0.08667480686963502,0.03789581363629324,-0.12457062050592826,1
1886,Lincoln County,WY,56023,2019-10-31,250910.4845215534,2019,10,Lincoln,66964.0,246400.0,852.0,1535.0,9421.0,5693.0,6908.0,19274.0,203.52,3.7469458891576575,0.10008150933941105,0.16293387113894492,0.824116965836711,-0.10080088733500348,0.03789581363629324,-0.13869670097129672,1
1886,Lincoln County,WY,56023,2019-11-30,249729.9044585545,2019,11,Lincoln,66964.0,246400.0,852.0,1535.0,9421.0,5693.0,6908.0,19274.0,203.52,3.7293158183285717,0.10055463743697357,0.16293387113894492,0.824116965836711,-0.11202451836568506,0.03789581363629324,-0.1499203320019783,1
1886,Lincoln County,WY,56023,2019-12-31,250658.0465058932,2019,12,Lincoln,66964.0,246400.0,852.0,1535.0,9421.0,5693.0,6908.0,19274.0,203.52,3.743176132039502,0.1001823015460611,0.16293387113894492,0.824116965836711,-0.11196900989668823,0.03789581363629324,-0.14986482353298147,1
1886,Lincoln County,WY,56023,2020-01-31,252081.08490505457,2020,1,Lincoln,71898.0,253400.0,710.0,1289.0,9551.0,5906.0,7348.0,19640.0,210.03,3.506093144524946,0.10695665646692627,0.13495969008480788,0.8037561241154055,,0.07368138104055921,,1
1886,Lincoln County,WY,56023,2020-02-29,254348.58410909027,2020,2,Lincoln,71898.0,253400.0,710.0,1289.0,9551.0,5906.0,7348.0,19640.0,210.03,3.5376308674662753,0.1060031456217428,0.13495969008480788,0.8037561241154055,,0.07368138104055921,,1
1886,Lincoln County,WY,56023,2020-03-31,257110.7633004326,2020,3,Lincoln,71898.0,253400.0,710.0,1289.0,9551.0,5906.0,7348.0,19640.0,210.03,3.5760488928820355,0.10486433805377231,0.13495969008480788,0.8037561241154055,,0.07368138104055921,,1
1886,Lincoln County,WY,56023,2020-04-30,259712.71943698035,2020,4,Lincoln,71898.0,253400.0,710.0,1289.0,9551.0,5906.0,7348.0,19640.0,210.03,3.612238441082928,0.10381374488877239,0.13495969008480788,0.8037561241154055,0.004650430073016132,0.07368138104055921,-0.06903095096754308,1
1886,Lincoln County,WY,56023,2020-05-31,262416.5734775374,2020,5,Lincoln,71898.0,253400.0,710.0,1289.0,9551.0,5906.0,7348.0,19640.0,210.03,3.6498452457305817,0.10274408221517266,0.13495969008480788,0.8037561241154055,0.026982403689524315,0.07368138104055921,-0.0466989773510349,1
1886,Lincoln County,WY,56023,2020-06-30,263775.6465542159,2020,6,Lincoln,71898.0,253400.0,710.0,1289.0,9551.0,5906.0,7348.0,19640.0,210.03,3.6687480396424927,0.10221470538394958,0.13495969008480788,0.8037561241154055,0.035109218877535264,0.07368138104055921,-0.03857216216302395,1
1886,Lincoln County,WY,56023,2020-07-31,265632.82062964345,2020,7,Lincoln,71898.0,253400.0,710.0,1289.0,9551.0,5906.0,7348.0,19640.0,210.03,3.6945787174837053,0.10150007042085817,0.13495969008480788,0.8037561241154055,0.04436059256294622,0.07368138104055921,-0.02932078847761299,1
1886,Lincoln County,WY,56023,2020-08-31,266945.83964682155,2020,8,Lincoln,71898.0,253400.0,710.0,1289.0,9551.0,5906.0,7348.0,19640.0,210.03,3.7128409642385263,0.1010008248702108,0.13495969008480788,0.8037561241154055,0.049244601889128825,0.07368138104055921,-0.024436779151430388,1
1886,Lincoln County,WY,56023,2020-09-30,269418.82066111075,2020,9,Lincoln,71898.0,253400.0,710.0,1289.0,9551.0,5906.0,7348.0,19640.0,210.03,3.7472366499918044,0.10007374367477434,0.13495969008480788,0.8037561241154055,0.06731020666476506,0.07368138104055921,-0.006371174375794153,1
1886,Lincoln County,WY,56023,2020-10-31,274997.83857788827,2020,10,Lincoln,71898.0,253400.0,710.0,1289.0,9551.0,5906.0,7348.0,19640.0,210.03,3.824832938021757,0.09804349786685163,0.13495969008480788,0.8037561241154055,0.09599979093048128,0.07368138104055921,0.022318409889922064,1
1886,Lincoln County,WY,56023,2020-11-30,282988.76473409234,2020,11,Lincoln,71898.0,253400.0,710.0,1289.0,9551.0,5906.0,7348.0,19640.0,210.03,3.935975475452618,0.09527498388614242,0.13495969008480788,0.8037561241154055,0.13317932567045654,0.07368138104055921,0.059497944629897326,1
1886,Lincoln County,WY,56023,2020-12-31,292976.9790964438,2020,12,Lincoln,71898.0,253400.0,710.0,1289.0,9551.0,5906.0,7348.0,19640.0,210.03,4.074897481104395,0.09202685508995086,0.13495969008480788,0.8037561241154055,0.16883133488218438,0.07368138104055921,0.09514995384162517,1
1886,Lincoln County,WY,56023,2021-01-31,302680.80636029056,2021,1,Lincoln,74835.0,283800.0,740.0,1214.0,9432.0,5878.0,7383.0,19457.0,243.0,4.0446422978591645,0.09271524460852523,0.12871077184054283,0.7961533252065556,0.20072795812622823,0.040849536843862166,0.15987842128236607,1
1886,Lincoln County,WY,56023,2021-02-28,311941.919853674,2021,2,Lincoln,74835.0,283800.0,740.0,1214.0,9432.0,5878.0,7383.0,19457.0,243.0,4.168396069401671,0.08996266039897387,0.12871077184054283,0.7961533252065556,0.22643466228175235,0.040849536843862166,0.18558512543789019,1
1886,Lincoln County,WY,56023,2021-03-31,320673.38906152017,2021,3,Lincoln,74835.0,283800.0,740.0,1214.0,9432.0,5878.0,7383.0,19457.0,243.0,4.285072346649565,0.0875131082193296,0.12871077184054283,0.7961533252065556,0.2472188443033596,0.040849536843862166,0.20636930745949744,1
1886,Lincoln County,WY,56023,2021-04-30,329448.80945297546,2021,4,Lincoln,74835.0,283800.0,740.0,1214.0,9432.0,5878.0,7383.0,19457.0,243.0,4.402335931756203,0.08518205012364947,0.12871077184054283,0.7961533252065556,0.26851241697816297,0.040849536843862166,0.2276628801343008,1
1886,Lincoln County,WY,56023,2021-05-31,340009.1494771593,2021,5,Lincoln,74835.0,283800.0,740.0,1214.0,9432.0,5878.0,7383.0,19457.0,243.0,4.5434509183825655,0.08253638186840966,0.12871077184054283,0.7961533252065556,0.29568473885382773,0.040849536843862166,0.25483520200996557,1
1886,Lincoln County,WY,56023,2021-06-30,350631.9928443935,2021,6,Lincoln,74835.0,283800.0,740.0,1214.0,9432.0,5878.0,7383.0,19457.0,243.0,4.685401120390105,0.08003583692505235,0.12871077184054283,0.7961533252065556,0.3292811426104314,0.040849536843862166,0.28843160576656923,1
1886,Lincoln County,WY,56023,2021-07-31,359533.59813169995,2021,7,Lincoln,74835.0,283800.0,740.0,1214.0,9432.0,5878.0,7383.0,19457.0,243.0,4.804350880359457,0.07805424902103379,0.12871077184054283,0.7961533252065556,0.35349840158862356,0.040849536843862166,0.3126488647447614,1
1886,Lincoln County,WY,56023,2021-08-31,366089.8843469713,2021,8,Lincoln,74835.0,283800.0,740.0,1214.0,9432.0,5878.0,7383.0,19457.0,243.0,4.8919607716572635,0.07665637921151199,0.12871077184054283,0.7961533252065556,0.3714013480461831,0.040849536843862166,0.3305518112023209,1
1886,Lincoln County,WY,56023,2021-09-30,372096.3481530201,2021,9,Lincoln,74835.0,283800.0,740.0,1214.0,9432.0,5878.0,7383.0,19457.0,243.0,4.97222353381466,0.07541897451909252,0.12871077184054283,0.7961533252065556,0.3811074788314903,0.040849536843862166,0.34025794198762815,1
1886,Lincoln County,WY,56023,2021-10-31,378339.58994973736,2021,10,Lincoln,74835.0,283800.0,740.0,1214.0,9432.0,5878.0,7383.0,19457.0,243.0,5.055650296649127,0.07417443414718561,0.12871077184054283,0.7961533252065556,0.37579114041865225,0.040849536843862166,0.3349416035747901,1
1886,Lincoln County,WY,56023,2021-11-30,385398.4420954809,2021,11,Lincoln,74835.0,283800.0,740.0,1214.0,9432.0,5878.0,7383.0,19457.0,243.0,5.149975841457619,0.07281587555833315,0.12871077184054283,0.7961533252065556,0.3618860185407602,0.040849536843862166,0.321036481696898,1
1886,Lincoln County,WY,56023,2021-12-31,392566.7580100189,2021,12,Lincoln,74835.0,283800.0,740.0,1214.0,9432.0,5878.0,7383.0,19457.0,243.0,5.245764121200226,0.07148624896885382,0.12871077184054283,0.7961533252065556,0.3399235640312599,0.040849536843862166,0.29907402718739773,1
1886,Lincoln County,WY,56023,2022-01-31,400550.015184951,2022,1,Lincoln,83033.0,325500.0,818.0,1155.0,9591.0,6056.0,7629.0,19794.0,297.25,4.823985827140426,0.07773654679708986,0.12042539881138567,0.7938130816620789,0.3233413112695478,0.10954767154406353,0.21379363972548426,1
1886,Lincoln County,WY,56023,2022-02-28,408601.8185190707,2022,2,Lincoln,83033.0,325500.0,818.0,1155.0,9591.0,6056.0,7629.0,19794.0,297.25,4.920956951080543,0.07620469021125201,0.12042539881138567,0.7938130816620789,0.3098650502335114,0.10954767154406353,0.20031737868944788,1
1886,Lincoln County,WY,56023,2022-03-31,418686.16954677855,2022,3,Lincoln,83033.0,325500.0,818.0,1155.0,9591.0,6056.0,7629.0,19794.0,297.25,5.0424068689169195,0.07436924662141511,0.12042539881138567,0.7938130816620789,0.3056467540761698,0.10954767154406353,0.19609908253210628,1
1886,Lincoln County,WY,56023,2022-04-30,429860.6132135039,2022,4,Lincoln,83033.0,325500.0,818.0,1155.0,9591.0,6056.0,7629.0,19794.0,297.25,5.176985213270674,0.07243598050825518,0.12042539881138567,0.7938130816620789,0.3047872715863036,0.10954767154406353,0.19523960004224006,1
1886,Lincoln County,WY,56023,2022-05-31,439511.4022591808,2022,5,Lincoln,83033.0,325500.0,818.0,1155.0,9591.0,6056.0,7629.0,19794.0,297.25,5.293213568812169,0.0708454316314602,0.12042539881138567,0.7938130816620789,0.2926458094878581,0.10954767154406353,0.1830981379437946,1
1886,Lincoln County,WY,56023,2022-06-30,446038.1864792789,2022,6,Lincoln,83033.0,325500.0,818.0,1155.0,9591.0,6056.0,7629.0,19794.0,297.25,5.371818270799308,0.06980876513236946,0.12042539881138567,0.7938130816620789,0.2720977993506304,0.10954767154406353,0.16255012780656686,1
1886,Lincoln County,WY,56023,2022-07-31,449135.1049506331,2022,7,Lincoln,83033.0,325500.0,818.0,1155.0,9591.0,6056.0,7629.0,19794.0,297.25,5.409115712435214,0.06932741319212284,0.12042539881138567,0.7938130816620789,0.24921594889752519,0.10954767154406353,0.13966827735346166,1
1886,Lincoln County,WY,56023,2022-08-31,449312.2663852225,2022,8,Lincoln,83033.0,325500.0,818.0,1155.0,9591.0,6056.0,7629.0,19794.0,297.25,5.411249339241295,0.0693000777621861,0.12042539881138567,0.7938130816620789,0.22732772905403476,0.10954767154406353,0.11778005750997123,1
1886,Lincoln County,WY,56023,2022-09-30,450560.14715150255,2022,9,Lincoln,83033.0,325500.0,818.0,1155.0,9591.0,6056.0,7629.0,19794.0,297.25,5.426278071989481,0.06910814282367041,0.12042539881138567,0.7938130816620789,0.2108695755493284,0.10954767154406353,0.10132190400526486,1
1886,Lincoln County,WY,56023,2022-10-31,454161.5234585267,2022,10,Lincoln,83033.0,325500.0,818.0,1155.0,9591.0,6056.0,7629.0,19794.0,297.25,5.469650903358023,0.06856013420706127,0.12042539881138567,0.7938130816620789,0.20040708274506058,0.10954767154406353,0.09085941120099705,1
1886,Lincoln County,WY,56023,2022-11-30,460285.2122860116,2022,11,Lincoln,83033.0,325500.0,818.0,1155.0,9591.0,6056.0,7629.0,19794.0,297.25,5.543400964508227,0.06764800208409015,0.12042539881138567,0.7938130816620789,0.19430999716386443,0.10954767154406353,0.0847623256198009,1
1886,Lincoln County,WY,56023,2022-12-31,464286.6168813833,2022,12,Lincoln,83033.0,325500.0,818.0,1155.0,9591.0,6056.0,7629.0,19794.0,297.25,5.591591498336604,0.06706498500678305,0.12042539881138567,0.7938130816620789,0.1826946816254218,0.10954767154406353,0.07314701008135827,1
1886,Lincoln County,WY,56023,2023-01-31,464014.79143526056,2023,1,Lincoln,86092.0,334500.0,868.0,1055.0,9763.0,6304.0,7872.0,20158.0,300.01,5.389755046174564,0.06957644582867643,0.10806104680938236,0.8008130081300813,0.15844407400909755,0.036840774150036726,0.12160329985906082,1
1886,Lincoln County,WY,56023,2023-02-28,461746.0144402073,2023,2,Lincoln,86092.0,334500.0,868.0,1055.0,9763.0,6304.0,7872.0,20158.0,300.01,5.363402109838397,0.06991830788001442,0.10806104680938236,0.8008130081300813,0.13006353254557568,0.036840774150036726,0.09322275839553895,1
1886,Lincoln County,WY,56023,2023-03-31,460368.87158611865,2023,3,Lincoln,86092.0,334500.0,868.0,1055.0,9763.0,6304.0,7872.0,20158.0,300.01,5.347405933026514,0.07012746080934952,0.10806104680938236,0.8008130081300813,0.09955595639679471,0.036840774150036726,0.06271518224675798,1
1886,Lincoln County,WY,56023,2023-04-30,462438.59838137095,2023,4,Lincoln,86092.0,334500.0,868.0,1055.0,9763.0,6304.0,7872.0,20158.0,300.01,5.3714468055263085,0.06981359279481061,0.10806104680938236,0.8008130081300813,0.07578732306810854,0.036840774150036726,0.03894654891807181,1
1886,Lincoln County,WY,56023,2023-05-31,466213.8219136574,2023,5,Lincoln,86092.0,334500.0,868.0,1055.0,9763.0,6304.0,7872.0,20158.0,300.01,5.415297843163795,0.06924826867526693,0.10806104680938236,0.8008130081300813,0.06075478250898736,0.036840774150036726,0.023914008358950634,1
1886,Lincoln County,WY,56023,2023-06-30,469104.7586890094,2023,6,Lincoln,86092.0,334500.0,868.0,1055.0,9763.0,6304.0,7872.0,20158.0,300.01,5.448877464677431,0.06882151460203549,0.10806104680938236,0.8008130081300813,0.05171434399328523,0.036840774150036726,0.014873569843248502,1
1886,Lincoln County,WY,56023,2023-07-31,470722.3199662957,2023,7,Lincoln,86092.0,334500.0,868.0,1055.0,9763.0,6304.0,7872.0,20158.0,300.01,5.467666217143238,0.06858502057499974,0.10806104680938236,0.8008130081300813,0.04806396734015128,0.036840774150036726,0.011223193190114555,1
1886,Lincoln County,WY,56023,2023-08-31,473747.2360005276,2023,8,Lincoln,86092.0,334500.0,868.0,1055.0,9763.0,6304.0,7872.0,20158.0,300.01,5.50280207220796,0.06814709943756599,0.10806104680938236,0.8008130081300813,0.05438304592012977,0.036840774150036726,0.017542271770093043,1
1886,Lincoln County,WY,56023,2023-09-30,478184.24095238425,2023,9,Lincoln,86092.0,334500.0,868.0,1055.0,9763.0,6304.0,7872.0,20158.0,300.01,5.554340019425548,0.06751477199604067,0.10806104680938236,0.8008130081300813,0.06131055748166969,0.036840774150036726,0.024469783331632966,1
1886,Lincoln County,WY,56023,2023-10-31,482159.84413667576,2023,10,Lincoln,86092.0,334500.0,868.0,1055.0,9763.0,6304.0,7872.0,20158.0,300.01,5.600518563126374,0.06695808535820011,0.10806104680938236,0.8008130081300813,0.06164837669412515,0.036840774150036726,0.024807602544088425,1
1886,Lincoln County,WY,56023,2023-11-30,483357.9269825422,2023,11,Lincoln,86092.0,334500.0,868.0,1055.0,9763.0,6304.0,7872.0,20158.0,300.01,5.614434871794617,0.06679211863047824,0.10806104680938236,0.8008130081300813,0.05012699535129461,0.036840774150036726,0.013286221201257886,1
1886,Lincoln County,WY,56023,2023-12-31,481755.7853326478,2023,12,Lincoln,86092.0,334500.0,868.0,1055.0,9763.0,6304.0,7872.0,20158.0,300.01,5.595825225719554,0.06701424452579818,0.10806104680938236,0.8008130081300813,0.03762582813307236,0.036840774150036726,0.0007850539830356329,1
1941,Natrona County,WY,56025,2014-01-31,198805.14856320224,2014,1,Natrona,56769.0,183100.0,831.0,924.0,34900.0,21582.0,31790.0,78667.0,207.96,3.5020019475982003,0.10708160806626295,0.0264756446991404,0.6788927335640138,,,,0
1941,Natrona County,WY,56025,2014-02-28,198988.23661464732,2014,2,Natrona,56769.0,183100.0,831.0,924.0,34900.0,21582.0,31790.0,78667.0,207.96,3.505227088986019,0.10698308283029925,0.0264756446991404,0.6788927335640138,,,,0
1941,Natrona County,WY,56025,2014-03-31,198919.57784134604,2014,3,Natrona,56769.0,183100.0,831.0,924.0,34900.0,21582.0,31790.0,78667.0,207.96,3.504017647683525,0.1070200089454199,0.0264756446991404,0.6788927335640138,,,,0
1941,Natrona County,WY,56025,2014-04-30,199487.07187122107,2014,4,Natrona,56769.0,183100.0,831.0,924.0,34900.0,21582.0,31790.0,78667.0,207.96,3.5140141956212205,0.10671556206781517,0.0264756446991404,0.6788927335640138,,,,0
1941,Natrona County,WY,56025,2014-05-31,200015.18419634303,2014,5,Natrona,56769.0,183100.0,831.0,924.0,34900.0,21582.0,31790.0,78667.0,207.96,3.52331702507254,0.10643379444183831,0.0264756446991404,0.6788927335640138,,,,0
1941,Natrona County,WY,56025,2014-06-30,200530.5125610156,2014,6,Natrona,56769.0,183100.0,831.0,924.0,34900.0,21582.0,31790.0,78667.0,207.96,3.5323946618932096,0.10616027819468403,0.0264756446991404,0.6788927335640138,,,,0
1941,Natrona County,WY,56025,2014-07-31,201381.9016160352,2014,7,Natrona,56769.0,183100.0,831.0,924.0,34900.0,21582.0,31790.0,78667.0,207.96,3.5473920910362207,0.10571146080738417,0.0264756446991404,0.6788927335640138,,,,0
1941,Natrona County,WY,56025,2014-08-31,202712.61444186184,2014,8,Natrona,56769.0,183100.0,831.0,924.0,34900.0,21582.0,31790.0,78667.0,207.96,3.570832927158517,0.10501751486267534,0.0264756446991404,0.6788927335640138,,,,0
1941,Natrona County,WY,56025,2014-09-30,204472.7595798462,2014,9,Natrona,56769.0,183100.0,831.0,924.0,34900.0,21582.0,31790.0,78667.0,207.96,3.6018383198549597,0.10411350168963183,0.0264756446991404,0.6788927335640138,,,,0
1941,Natrona County,WY,56025,2014-10-31,205798.1782441507,2014,10,Natrona,56769.0,183100.0,831.0,924.0,34900.0,21582.0,31790.0,78667.0,207.96,3.62518589801037,0.10344297107792821,0.0264756446991404,0.6788927335640138,,,,0
1941,Natrona County,WY,56025,2014-11-30,206977.6453176689,2014,11,Natrona,56769.0,183100.0,831.0,924.0,34900.0,21582.0,31790.0,78667.0,207.96,3.645962502733339,0.10285349882750207,0.0264756446991404,0.6788927335640138,,,,0
1941,Natrona County,WY,56025,2014-12-31,208248.91239823183,2014,12,Natrona,56769.0,183100.0,831.0,924.0,34900.0,21582.0,31790.0,78667.0,207.96,3.6683561873246284,0.10222562391725966,0.0264756446991404,0.6788927335640138,,,,0
1941,Natrona County,WY,56025,2015-01-31,209540.5737429918,2015,1,Natrona,56871.0,185600.0,826.0,884.0,35316.0,21409.0,32131.0,80011.0,214.62,3.6844889969051327,0.10177802140676478,0.025031147355306378,0.6663035697612897,0.053999734198919125,0.0017967552713629154,0.05220297892755621,0
1941,Natrona County,WY,56025,2015-02-28,210960.097517187,2015,2,Natrona,56871.0,185600.0,826.0,884.0,35316.0,21409.0,32131.0,80011.0,214.62,3.709449412128976,0.10109316999278742,0.025031147355306378,0.6663035697612897,0.06016366146167673,0.0017967552713629154,0.058366906190313816,0
1941,Natrona County,WY,56025,2015-03-31,212046.4643419252,2015,3,Natrona,56871.0,185600.0,826.0,884.0,35316.0,21409.0,32131.0,80011.0,214.62,3.7285517107475723,0.10057524451627162,0.025031147355306378,0.6663035697612897,0.06599092277909868,0.0017967552713629154,0.06419416750773577,0
1941,Natrona County,WY,56025,2015-04-30,213610.9894673803,2015,4,Natrona,56871.0,185600.0,826.0,884.0,35316.0,21409.0,32131.0,80011.0,214.62,3.7560617795955813,0.09983861342141624,0.025031147355306378,0.6663035697612897,0.07080116753268562,0.0017967552713629154,0.0690044122613227,0
1941,Natrona County,WY,56025,2015-05-31,214714.3600964608,2015,5,Natrona,56871.0,185600.0,826.0,884.0,35316.0,21409.0,32131.0,80011.0,214.62,3.7754630672304126,0.09932556439363895,0.025031147355306378,0.6663035697612897,0.07349030004486279,0.0017967552713629154,0.07169354477349987,0
1941,Natrona County,WY,56025,2015-06-30,215706.6826439788,2015,6,Natrona,56871.0,185600.0,826.0,884.0,35316.0,21409.0,32131.0,80011.0,214.62,3.7929117237955863,0.09886863373259198,0.025031147355306378,0.6663035697612897,0.07568010418536941,0.0017967552713629154,0.0738833489140065,0
1941,Natrona County,WY,56025,2015-07-31,216598.70389600983,2015,7,Natrona,56871.0,185600.0,826.0,884.0,35316.0,21409.0,32131.0,80011.0,214.62,3.8085967170615924,0.0984614617557408,0.025031147355306378,0.6663035697612897,0.07556191573256532,0.0017967552713629154,0.0737651604612024,0
1941,Natrona County,WY,56025,2015-08-31,217528.0812562021,2015,8,Natrona,56871.0,185600.0,826.0,884.0,35316.0,21409.0,32131.0,80011.0,214.62,3.824938567217072,0.09804079030551342,0.025031147355306378,0.6663035697612897,0.07308606252813821,0.0017967552713629154,0.07128930725677529,0
1941,Natrona County,WY,56025,2015-09-30,218643.7563838658,2015,9,Natrona,56871.0,185600.0,826.0,884.0,35316.0,21409.0,32131.0,80011.0,214.62,3.844556212900526,0.09754051683304199,0.025031147355306378,0.6663035697612897,0.06930505967219491,0.0017967552713629154,0.067508304400832,0
1941,Natrona County,WY,56025,2015-10-31,219281.1738675265,2015,10,Natrona,56871.0,185600.0,826.0,884.0,35316.0,21409.0,32131.0,80011.0,214.62,3.855764341536574,0.09725698118017176,0.025031147355306378,0.6663035697612897,0.06551562185054971,0.0017967552713629154,0.0637188665791868,0
1941,Natrona County,WY,56025,2015-11-30,219789.47356571045,2015,11,Natrona,56871.0,185600.0,826.0,884.0,35316.0,21409.0,32131.0,80011.0,214.62,3.864702107677207,0.09703205824197025,0.025031147355306378,0.6663035697612897,0.061899574847215755,0.0017967552713629154,0.06010281957585284,0
1941,Natrona County,WY,56025,2015-12-31,219826.89326294663,2015,12,Natrona,56871.0,185600.0,826.0,884.0,35316.0,21409.0,32131.0,80011.0,214.62,3.865360082694987,0.09701554110802124,0.025031147355306378,0.6663035697612897,0.05559683712813035,0.0017967552713629154,0.053800081856767434,0
1941,Natrona County,WY,56025,2016-01-31,219334.4676004744,2016,1,Natrona,56983.0,193200.0,832.0,944.0,35648.0,21298.0,32422.0,80871.0,210.67,3.849121099283548,0.09742483811948659,0.026481149012567325,0.656899636049596,0.04673984461594105,0.0019693692743225633,0.04477047534161849,0
1941,Natrona County,WY,56025,2016-02-29,218700.16616951543,2016,2,Natrona,56983.0,193200.0,832.0,944.0,35648.0,21298.0,32422.0,80871.0,210.67,3.8379896841078116,0.09770740175586828,0.026481149012567325,0.656899636049596,0.03668972826341177,0.0019693692743225633,0.034720358989089206,0
1941,Natrona County,WY,56025,2016-03-31,217834.21284665284,2016,3,Natrona,56983.0,193200.0,832.0,944.0,35648.0,21298.0,32422.0,80871.0,210.67,3.822792988200917,0.09809581663392201,0.026481149012567325,0.656899636049596,0.02729471827172225,0.0019693692743225633,0.025325348997399688,0
1941,Natrona County,WY,56025,2016-04-30,217282.65972291728,2016,4,Natrona,56983.0,193200.0,832.0,944.0,35648.0,21298.0,32422.0,80871.0,210.67,3.8131137308130016,0.09834482432813389,0.026481149012567325,0.656899636049596,0.017188583156194204,0.0019693692743225633,0.01521921388187164,0
1941,Natrona County,WY,56025,2016-05-31,216365.52947766223,2016,5,Natrona,56983.0,193200.0,832.0,944.0,35648.0,21298.0,32422.0,80871.0,210.67,3.7970189263054284,0.09876168838717958,0.026481149012567325,0.656899636049596,0.007690074294330662,0.0019693692743225633,0.005720705020008099,0
1941,Natrona County,WY,56025,2016-06-30,215202.25991761655,2016,6,Natrona,56983.0,193200.0,832.0,944.0,35648.0,21298.0,32422.0,80871.0,210.67,3.7766045999265843,0.09929554182274992,0.026481149012567325,0.656899636049596,-0.0023384659213121495,0.0019693692743225633,-0.004307835195634713,0
1941,Natrona County,WY,56025,2016-07-31,213678.1958752776,2016,7,Natrona,56983.0,193200.0,832.0,944.0,35648.0,21298.0,32422.0,80871.0,210.67,3.7498586574114667,0.1000037692777634,0.026481149012567325,0.656899636049596,-0.013483497214897389,0.0019693692743225633,-0.015452866489219952,0
1941,Natrona County,WY,56025,2016-08-31,212145.68502068947,2016,8,Natrona,56983.0,193200.0,832.0,944.0,35648.0,21298.0,32422.0,80871.0,210.67,3.7229644809976565,0.10072618256607964,0.026481149012567325,0.656899636049596,-0.02474345475043893,0.0019693692743225633,-0.026712824024761495,0
1941,Natrona County,WY,56025,2016-09-30,210815.35021710768,2016,9,Natrona,56983.0,193200.0,832.0,944.0,35648.0,21298.0,32422.0,80871.0,210.67,3.6996183110244756,0.10136180775258333,0.026481149012567325,0.656899636049596,-0.035804389277935944,0.0019693692743225633,-0.03777375855225851,0
1941,Natrona County,WY,56025,2016-10-31,209847.95758024545,2016,10,Natrona,56983.0,193200.0,832.0,944.0,35648.0,21298.0,32422.0,80871.0,210.67,3.6826414471025646,0.10182908257197917,0.026481149012567325,0.656899636049596,-0.04301881516276407,0.0019693692743225633,-0.04498818443708663,0
1941,Natrona County,WY,56025,2016-11-30,209314.66747529616,2016,11,Natrona,56983.0,193200.0,832.0,944.0,35648.0,21298.0,32422.0,80871.0,210.67,3.6732826891405534,0.10208852183052092,0.026481149012567325,0.656899636049596,-0.0476583610692467,0.0019693692743225633,-0.049627730343569265,0
1941,Natrona County,WY,56025,2016-12-31,208888.2777615949,2016,12,Natrona,56983.0,193200.0,832.0,944.0,35648.0,21298.0,32422.0,80871.0,210.67,3.665799936149288,0.10229690832334834,0.026481149012567325,0.656899636049596,-0.049760133252975014,0.0019693692743225633,-0.05172950252729758,0
1941,Natrona County,WY,56025,2017-01-31,207918.88736775107,2017,1,Natrona,59400.0,198600.0,852.0,909.0,36385.0,21976.0,32984.0,81023.0,208.49,3.5003179691540582,0.10713312427745766,0.02498282259172736,0.6662624302692215,-0.052046449231669345,0.04241615920537711,-0.09446260843704646,0
1941,Natrona County,WY,56025,2017-02-28,206448.14031374155,2017,2,Natrona,59400.0,198600.0,852.0,909.0,36385.0,21976.0,32984.0,81023.0,208.49,3.475557917739757,0.1078963461048786,0.02498282259172736,0.6662624302692215,-0.056022023532790954,0.04241615920537711,-0.09843818273816807,0
1941,Natrona County,WY,56025,2017-03-31,205140.92363713117,2017,3,Natrona,59400.0,198600.0,852.0,909.0,36385.0,21976.0,32984.0,81023.0,208.49,3.4535509029820064,0.10858389250212068,0.02498282259172736,0.6662624302692215,-0.05827041144568634,0.04241615920537711,-0.10068657065106346,0
1941,Natrona County,WY,56025,2017-04-30,204462.8157871148,2017,4,Natrona,59400.0,198600.0,852.0,909.0,36385.0,21976.0,32984.0,81023.0,208.49,3.442134945911024,0.10894401465737695,0.02498282259172736,0.6662624302692215,-0.05900076864003112,0.04241615920537711,-0.10141692784540823,0
1941,Natrona County,WY,56025,2017-05-31,203840.10214960584,2017,5,Natrona,59400.0,198600.0,852.0,909.0,36385.0,21976.0,32984.0,81023.0,208.49,3.4316515513401655,0.10927682906895106,0.02498282259172736,0.6662624302692215,-0.05789012398737725,0.04241615920537711,-0.10030628319275436,0
1941,Natrona County,WY,56025,2017-06-30,203045.0023751929,2017,6,Natrona,59400.0,198600.0,852.0,909.0,36385.0,21976.0,32984.0,81023.0,208.49,3.4182660332524057,0.10970474397020398,0.02498282259172736,0.6662624302692215,-0.05649223919431734,0.04241615920537711,-0.09890839839969445,0
1941,Natrona County,WY,56025,2017-07-31,202342.31185388303,2017,7,Natrona,59400.0,198600.0,852.0,909.0,36385.0,21976.0,32984.0,81023.0,208.49,3.4064362264963473,0.11008572451265354,0.02498282259172736,0.6662624302692215,-0.053051196800684486,0.04241615920537711,-0.0954673560060616,0
1941,Natrona County,WY,56025,2017-08-31,202118.2193354351,2017,8,Natrona,59400.0,198600.0,852.0,909.0,36385.0,21976.0,32984.0,81023.0,208.49,3.402663625175675,0.11020777876057002,0.02498282259172736,0.6662624302692215,-0.047266884944072496,0.04241615920537711,-0.08968304414944961,0
1941,Natrona County,WY,56025,2017-09-30,202227.0359002692,2017,9,Natrona,59400.0,198600.0,852.0,909.0,36385.0,21976.0,32984.0,81023.0,208.49,3.4044955538765858,0.11014847693750104,0.02498282259172736,0.6662624302692215,-0.04073856248130803,0.04241615920537711,-0.08315472168668514,0
1941,Natrona County,WY,56025,2017-10-31,202597.319434391,2017,10,Natrona,59400.0,198600.0,852.0,909.0,36385.0,21976.0,32984.0,81023.0,208.49,3.4107292834072562,0.10994716051617613,0.02498282259172736,0.6662624302692215,-0.03455186426144652,0.04241615920537711,-0.07696802346682363,0
1941,Natrona County,WY,56025,2017-11-30,202899.04270926965,2017,11,Natrona,59400.0,198600.0,852.0,909.0,36385.0,21976.0,32984.0,81023.0,208.49,3.4158087998193545,0.10978366237004597,0.02498282259172736,0.6662624302692215,-0.03065062206777125,0.04241615920537711,-0.07306678127314836,0
1941,Natrona County,WY,56025,2017-12-31,203147.70514745428,2017,12,Natrona,59400.0,198600.0,852.0,909.0,36385.0,21976.0,32984.0,81023.0,208.49,3.419995036152429,0.10964928195389528,0.02498282259172736,0.6662624302692215,-0.027481545042428612,0.04241615920537711,-0.06989770424780573,0
1941,Natrona County,WY,56025,2018-01-31,202809.7515646873,2018,1,Natrona,60550.0,202600.0,867.0,896.0,36703.0,22023.0,32851.0,80610.0,211.24,3.349459150531582,0.11195837391851304,0.02441217339182083,0.6703905512769779,-0.0245727353957369,0.019360269360269466,-0.043933004756006366,0
1941,Natrona County,WY,56025,2018-02-28,202120.5511074507,2018,2,Natrona,60550.0,202600.0,867.0,896.0,36703.0,22023.0,32851.0,80610.0,211.24,3.3380768143261883,0.1123401350114515,0.02441217339182083,0.6703905512769779,-0.020962112808156852,0.019360269360269466,-0.04032238216842632,0
1941,Natrona County,WY,56025,2018-03-31,201296.2887285505,2018,3,Natrona,60550.0,202600.0,867.0,896.0,36703.0,22023.0,32851.0,80610.0,211.24,3.3244638931222217,0.11280014223520801,0.02441217339182083,0.6703905512769779,-0.018741433159291665,0.019360269360269466,-0.03810170251956113,0
1941,Natrona County,WY,56025,2018-04-30,200534.89792012412,2018,4,Natrona,60550.0,202600.0,867.0,896.0,36703.0,22023.0,32851.0,80610.0,211.24,3.3118893132968474,0.11322842176349883,0.02441217339182083,0.6703905512769779,-0.019210915451151833,0.019360269360269466,-0.0385711848114213,0
1941,Natrona County,WY,56025,2018-05-31,200095.54065452525,2018,5,Natrona,60550.0,202600.0,867.0,896.0,36703.0,22023.0,32851.0,80610.0,211.24,3.304633206515694,0.11347704164583784,0.02441217339182083,0.6703905512769779,-0.018370092320363574,0.019360269360269466,-0.03773036168063304,0
1941,Natrona County,WY,56025,2018-06-30,199915.11809099163,2018,6,Natrona,60550.0,202600.0,867.0,896.0,36703.0,22023.0,32851.0,80610.0,211.24,3.3016534779684825,0.11357945420448502,0.02441217339182083,0.6703905512769779,-0.015414731944092819,0.019360269360269466,-0.034775001304362285,0
1941,Natrona County,WY,56025,2018-07-31,200513.0421483601,2018,7,Natrona,60550.0,202600.0,867.0,896.0,36703.0,22023.0,32851.0,80610.0,211.24,3.3115283591801834,0.11324076357686294,0.02441217339182083,0.6703905512769779,-0.009040470521281208,0.019360269360269466,-0.028400739881550674,0
1941,Natrona County,WY,56025,2018-08-31,201458.98260972628,2018,8,Natrona,60550.0,202600.0,867.0,896.0,36703.0,22023.0,32851.0,80610.0,211.24,3.3271508275759913,0.1127090473001513,0.02441217339182083,0.6703905512769779,-0.0032616392914819325,0.019360269360269466,-0.0226219086517514,0
1941,Natrona County,WY,56025,2018-09-30,202812.73620844216,2018,9,Natrona,60550.0,202600.0,867.0,896.0,36703.0,22023.0,32851.0,80610.0,211.24,3.349508442748838,0.11195672631063709,0.02441217339182083,0.6703905512769779,0.0028962512631685033,0.019360269360269466,-0.016464018097100963,0
1941,Natrona County,WY,56025,2018-10-31,203897.6000847272,2018,10,Natrona,60550.0,202600.0,867.0,896.0,36703.0,22023.0,32851.0,80610.0,211.24,3.3674252697725384,0.11136104589050921,0.02441217339182083,0.6703905512769779,0.0064180545624508145,0.019360269360269466,-0.012942214797818652,0
1941,Natrona County,WY,56025,2018-11-30,204811.79496713352,2018,11,Natrona,60550.0,202600.0,867.0,896.0,36703.0,22023.0,32851.0,80610.0,211.24,3.382523451150017,0.11086397638204239,0.02441217339182083,0.6703905512769779,0.009427113269354415,0.019360269360269466,-0.009933156090915052,0
1941,Natrona County,WY,56025,2018-12-31,205366.97819013053,2018,12,Natrona,60550.0,202600.0,867.0,896.0,36703.0,22023.0,32851.0,80610.0,211.24,3.391692455658638,0.11056426987486935,0.02441217339182083,0.6703905512769779,0.01092443077841021,0.019360269360269466,-0.008435838581859256,0
1941,Natrona County,WY,56025,2019-01-31,205890.41134546135,2019,1,Natrona,62772.0,208700.0,860.0,834.0,36979.0,22363.0,32799.0,80333.0,217.42,3.279972142762081,0.11433023930630416,0.02255334108548095,0.681819567669746,0.015189899681877339,0.03669694467382323,-0.02150704499194589,0
1941,Natrona County,WY,56025,2019-02-28,206820.9937053205,2019,2,Natrona,62772.0,208700.0,860.0,834.0,36979.0,22363.0,32799.0,80333.0,217.42,3.2947969429892385,0.11381581520461692,0.02255334108548095,0.681819567669746,0.02325563913276163,0.03669694467382323,-0.013441305541061599,0
1941,Natrona County,WY,56025,2019-03-31,208135.39881947832,2019,3,Natrona,62772.0,208700.0,860.0,834.0,36979.0,22363.0,32799.0,80333.0,217.42,3.315736296748205,0.11309705188792257,0.02255334108548095,0.681819567669746,0.03397534119543755,0.03669694467382323,-0.0027216034783856813,0
1941,Natrona County,WY,56025,2019-04-30,209610.6885926982,2019,4,Natrona,62772.0,208700.0,860.0,834.0,36979.0,22363.0,32799.0,80333.0,217.42,3.339238650874565,0.11230104799541218,0.02255334108548095,0.681819567669746,0.04525791154908654,0.03669694467382323,0.00856096687526331,0
1941,Natrona County,WY,56025,2019-05-31,210810.367300858,2019,5,Natrona,62772.0,208700.0,860.0,834.0,36979.0,22363.0,32799.0,80333.0,217.42,3.3583503361508,0.11166196568694177,0.02255334108548095,0.681819567669746,0.05354855291269289,0.03669694467382323,0.016851608238869664,0
1941,Natrona County,WY,56025,2019-06-30,211782.53430289117,2019,6,Natrona,62772.0,208700.0,860.0,834.0,36979.0,22363.0,32799.0,80333.0,217.42,3.373837607578079,0.11114939235892714,0.02255334108548095,0.681819567669746,0.05936227497561286,0.03669694467382323,0.022665330301789632,0
1941,Natrona County,WY,56025,2019-07-31,212580.7567972371,2019,7,Natrona,62772.0,208700.0,860.0,834.0,36979.0,22363.0,32799.0,80333.0,217.42,3.386553826502853,0.11073203593141945,0.02255334108548095,0.681819567669746,0.06018418811853676,0.03669694467382323,0.023487243444713535,0
1941,Natrona County,WY,56025,2019-08-31,213403.5140692993,2019,8,Natrona,62772.0,208700.0,860.0,834.0,36979.0,22363.0,32799.0,80333.0,217.42,3.39966090086821,0.11030511893237115,0.02255334108548095,0.681819567669746,0.059290140875536856,0.03669694467382323,0.022593196201713628,0
1941,Natrona County,WY,56025,2019-09-30,214133.39293118296,2019,9,Natrona,62772.0,208700.0,860.0,834.0,36979.0,22363.0,32799.0,80333.0,217.42,3.411288359956397,0.10992914125992949,0.02255334108548095,0.681819567669746,0.055818273222771886,0.03669694467382323,0.019121328548948657,0
1941,Natrona County,WY,56025,2019-10-31,215072.9527400732,2019,10,Natrona,62772.0,208700.0,860.0,834.0,36979.0,22363.0,32799.0,80333.0,217.42,3.4262561769590456,0.10944890884744908,0.02255334108548095,0.681819567669746,0.0548086522386837,0.03669694467382323,0.01811170756486047,0
1941,Natrona County,WY,56025,2019-11-30,216256.7221527995,2019,11,Natrona,62772.0,208700.0,860.0,834.0,36979.0,22363.0,32799.0,80333.0,217.42,3.445114416504166,0.10884979558400872,0.02255334108548095,0.681819567669746,0.05588021523615172,0.03669694467382323,0.01918327056232849,0
1941,Natrona County,WY,56025,2019-12-31,217765.906956472,2019,12,Natrona,62772.0,208700.0,860.0,834.0,36979.0,22363.0,32799.0,80333.0,217.42,3.4691567411659974,0.10809543297659158,0.02255334108548095,0.681819567669746,0.06037450068950445,0.03669694467382323,0.023677556015681223,0
1941,Natrona County,WY,56025,2020-01-31,218972.2448068517,2020,1,Natrona,62168.0,215400.0,846.0,907.0,37160.0,23220.0,32896.0,80067.0,227.77,3.522266194937133,0.10646554781663602,0.024407965554359527,0.7058608949416343,0.06353784703183907,-0.009622124514114594,0.07315997154595366,0
1941,Natrona County,WY,56025,2020-02-29,219880.9297869101,2020,2,Natrona,62168.0,215400.0,846.0,907.0,37160.0,23220.0,32896.0,80067.0,227.77,3.5368827980136097,0.10602556584872082,0.024407965554359527,0.7058608949416343,0.06314608516095555,-0.009622124514114594,0.07276820967507014,0
1941,Natrona County,WY,56025,2020-03-31,220603.2690843728,2020,3,Natrona,62168.0,215400.0,846.0,907.0,37160.0,23220.0,32896.0,80067.0,227.77,3.5485019476961264,0.10567839768087758,0.024407965554359527,0.7058608949416343,0.059902689958608146,-0.009622124514114594,0.06952481447272274,0
1941,Natrona County,WY,56025,2020-04-30,221515.3568827156,2020,4,Natrona,62168.0,215400.0,846.0,907.0,37160.0,23220.0,32896.0,80067.0,227.77,3.5631732866219856,0.10524326768163252,0.024407965554359527,0.7058608949416343,0.05679418530583513,-0.009622124514114594,0.06641630981994973,0
1941,Natrona County,WY,56025,2020-05-31,222166.62570676985,2020,5,Natrona,62168.0,215400.0,846.0,907.0,37160.0,23220.0,32896.0,80067.0,227.77,3.5736492360502163,0.10493475302978239,0.024407965554359527,0.7058608949416343,0.053869544232161726,-0.009622124514114594,0.06349166874627632,0
1941,Natrona County,WY,56025,2020-06-30,222854.7175471535,2020,6,Natrona,62168.0,215400.0,846.0,907.0,37160.0,23220.0,32896.0,80067.0,227.77,3.584717500115067,0.1046107538426564,0.024407965554359527,0.7058608949416343,0.05228090824726328,-0.009622124514114594,0.061903032761377874,0
1941,Natrona County,WY,56025,2020-07-31,223591.59871810363,2020,7,Natrona,62168.0,215400.0,846.0,907.0,37160.0,23220.0,32896.0,80067.0,227.77,3.596570562316684,0.1042659927012383,0.024407965554359527,0.7058608949416343,0.051796042533468256,-0.009622124514114594,0.06141816704758285,0
1941,Natrona County,WY,56025,2020-08-31,224755.2659251454,2020,8,Natrona,62168.0,215400.0,846.0,907.0,37160.0,23220.0,32896.0,80067.0,227.77,3.6152886682078464,0.10372615700031863,0.024407965554359527,0.7058608949416343,0.05319383753052809,-0.009622124514114594,0.06281596204464268,0
1941,Natrona County,WY,56025,2020-09-30,226212.04893738037,2020,9,Natrona,62168.0,215400.0,846.0,907.0,37160.0,23220.0,32896.0,80067.0,227.77,3.6387216725225255,0.10305817090429811,0.024407965554359527,0.7058608949416343,0.05640715743050495,-0.009622124514114594,0.06602928194461954,0
1941,Natrona County,WY,56025,2020-10-31,228038.10656090884,2020,10,Natrona,62168.0,215400.0,846.0,907.0,37160.0,23220.0,32896.0,80067.0,227.77,3.6680946236151852,0.10223291340025711,0.024407965554359527,0.7058608949416343,0.0602825862371672,-0.009622124514114594,0.0699047107512818,0
1941,Natrona County,WY,56025,2020-11-30,230484.263541923,2020,11,Natrona,62168.0,215400.0,846.0,907.0,37160.0,23220.0,32896.0,80067.0,227.77,3.707442149368212,0.10114790329605117,0.024407965554359527,0.7058608949416343,0.06579005381886249,-0.009622124514114594,0.07541217833297709,0
1941,Natrona County,WY,56025,2020-12-31,232958.8573185013,2020,12,Natrona,62168.0,215400.0,846.0,907.0,37160.0,23220.0,32896.0,80067.0,227.77,3.74724709365753,0.10007346476689859,0.024407965554359527,0.7058608949416343,0.06976735052041971,-0.009622124514114594,0.07938947503453431,0
1941,Natrona County,WY,56025,2021-01-31,235213.5425579736,2021,1,Natrona,64100.0,218700.0,895.0,765.0,36755.0,23389.0,32634.0,79382.0,244.36,3.669478043026109,0.102194370862279,0.020813494762617332,0.7167065024207881,0.07417057703111096,0.031077081456698075,0.04309349557441289,0
1941,Natrona County,WY,56025,2021-02-28,237037.48378646685,2021,2,Natrona,64100.0,218700.0,895.0,765.0,36755.0,23389.0,32634.0,79382.0,244.36,3.697932664375458,0.10140801199887006,0.020813494762617332,0.7167065024207881,0.07802656654300777,0.031077081456698075,0.046949485086309695,0
1941,Natrona County,WY,56025,2021-03-31,238842.42309187492,2021,3,Natrona,64100.0,218700.0,895.0,765.0,36755.0,23389.0,32634.0,79382.0,244.36,3.7260908438670035,0.10064166863168002,0.020813494762617332,0.7167065024207881,0.08267853002906467,0.031077081456698075,0.05160144857236659,0
1941,Natrona County,WY,56025,2021-04-30,240511.8097726548,2021,4,Natrona,64100.0,218700.0,895.0,765.0,36755.0,23389.0,32634.0,79382.0,244.36,3.7521343178261275,0.09994311723287762,0.020813494762617332,0.7167065024207881,0.08575682136564966,0.031077081456698075,0.054679739908951586,0
1941,Natrona County,WY,56025,2021-05-31,242021.8588410866,2021,5,Natrona,64100.0,218700.0,895.0,765.0,36755.0,23389.0,32634.0,79382.0,244.36,3.775692025601975,0.09931954128070393,0.020813494762617332,0.7167065024207881,0.08937090830430572,0.031077081456698075,0.058293826847607644,0
1941,Natrona County,WY,56025,2021-06-30,243574.56681184797,2021,6,Natrona,64100.0,218700.0,895.0,765.0,36755.0,23389.0,32634.0,79382.0,244.36,3.7999152388743833,0.09868641178193308,0.020813494762617332,0.7167065024207881,0.09297469442310713,0.031077081456698075,0.061897612966409055,0
1941,Natrona County,WY,56025,2021-07-31,245349.27138424225,2021,7,Natrona,64100.0,218700.0,895.0,765.0,36755.0,23389.0,32634.0,79382.0,244.36,3.8276017376636857,0.09797257544064517,0.020813494762617332,0.7167065024207881,0.09730988458814993,0.031077081456698075,0.06623280313145186,0
1941,Natrona County,WY,56025,2021-08-31,246992.9344697708,2021,8,Natrona,64100.0,218700.0,895.0,765.0,36755.0,23389.0,32634.0,79382.0,244.36,3.853243907484724,0.09732059765839951,0.020813494762617332,0.7167065024207881,0.0989417020023533,0.031077081456698075,0.06786462054565523,0
1941,Natrona County,WY,56025,2021-09-30,248239.3519597469,2021,9,Natrona,64100.0,218700.0,895.0,765.0,36755.0,23389.0,32634.0,79382.0,244.36,3.872688798123977,0.0968319479173382,0.020813494762617332,0.7167065024207881,0.09737457896623392,0.031077081456698075,0.06629749750953584,0
1941,Natrona County,WY,56025,2021-10-31,249235.40706297517,2021,10,Natrona,64100.0,218700.0,895.0,765.0,36755.0,23389.0,32634.0,79382.0,244.36,3.8882278792975846,0.09644496455484096,0.020813494762617332,0.7167065024207881,0.09295508027911348,0.031077081456698075,0.0618779988224154,0
1941,Natrona County,WY,56025,2021-11-30,250636.2533754801,2021,11,Natrona,64100.0,218700.0,895.0,765.0,36755.0,23389.0,32634.0,79382.0,244.36,3.910081955935727,0.09590591814341094,0.020813494762617332,0.7167065024207881,0.08743325693422732,0.031077081456698075,0.05635617547752925,0
1941,Natrona County,WY,56025,2021-12-31,252096.4107011916,2021,12,Natrona,64100.0,218700.0,895.0,765.0,36755.0,23389.0,32634.0,79382.0,244.36,3.9328613213914445,0.0953504253913853,0.020813494762617332,0.7167065024207881,0.08214992811595678,0.031077081456698075,0.05107284665925871,0
1941,Natrona County,WY,56025,2022-01-31,254455.06017251333,2022,1,Natrona,69104.0,247600.0,945.0,737.0,36936.0,23937.0,32895.0,79506.0,273.75,3.682204505853689,0.10184116591130489,0.019953432965128873,0.7276789785681714,0.08180446331995217,0.07806552262090483,0.003738940699047344,0
1941,Natrona County,WY,56025,2022-02-28,256893.3329043974,2022,2,Natrona,69104.0,247600.0,945.0,737.0,36936.0,23937.0,32895.0,79506.0,273.75,3.7174886099849127,0.10087455251181575,0.019953432965128873,0.7276789785681714,0.08376670558913579,0.07806552262090483,0.005701182968230967,0
1941,Natrona County,WY,56025,2022-03-31,259587.96567935956,2022,3,Natrona,69104.0,247600.0,945.0,737.0,36936.0,23937.0,32895.0,79506.0,273.75,3.75648248551979,0.09982743203130114,0.019953432965128873,0.7276789785681714,0.08685870089127556,0.07806552262090483,0.008793178270370738,0
1941,Natrona County,WY,56025,2022-04-30,261999.38455852505,2022,4,Natrona,69104.0,247600.0,945.0,737.0,36936.0,23937.0,32895.0,79506.0,273.75,3.7913779890965076,0.09890862928424692,0.019953432965128873,0.7276789785681714,0.08934103820590567,0.07806552262090483,0.01127551558500084,0
1941,Natrona County,WY,56025,2022-05-31,264390.64396915835,2022,5,Natrona,69104.0,247600.0,945.0,737.0,36936.0,23937.0,32895.0,79506.0,273.75,3.825981766166334,0.09801405833038068,0.019953432965128873,0.7276789785681714,0.09242464806767425,0.07806552262090483,0.014359125446769427,0
1941,Natrona County,WY,56025,2022-06-30,267431.0654646238,2022,6,Natrona,69104.0,247600.0,945.0,737.0,36936.0,23937.0,32895.0,79506.0,273.75,3.869979530340122,0.09689973733970687,0.019953432965128873,0.7276789785681714,0.09794330732076828,0.07806552262090483,0.019877784699863454,0
1941,Natrona County,WY,56025,2022-07-31,269702.9110121929,2022,7,Natrona,69104.0,247600.0,945.0,737.0,36936.0,23937.0,32895.0,79506.0,273.75,3.902855276282023,0.09608350129683421,0.019953432965128873,0.7276789785681714,0.099261104345447,0.07806552262090483,0.021195581724542167,0
1941,Natrona County,WY,56025,2022-08-31,271188.6173176066,2022,8,Natrona,69104.0,247600.0,945.0,737.0,36936.0,23937.0,32895.0,79506.0,273.75,3.924354846573376,0.09555710802437713,0.019953432965128873,0.7276789785681714,0.09796103236628051,0.07806552262090483,0.019895509745375684,0
1941,Natrona County,WY,56025,2022-09-30,271280.0697294928,2022,9,Natrona,69104.0,247600.0,945.0,737.0,36936.0,23937.0,32895.0,79506.0,273.75,3.925678249153346,0.09552489434937174,0.019953432965128873,0.7276789785681714,0.09281654011682261,0.07806552262090483,0.014751017495917784,0
1941,Natrona County,WY,56025,2022-10-31,271790.78554423386,2022,10,Natrona,69104.0,247600.0,945.0,737.0,36936.0,23937.0,32895.0,79506.0,273.75,3.933068788264556,0.09534539571718668,0.019953432965128873,0.7276789785681714,0.09049829134252807,0.07806552262090483,0.012432768721623244,0
1941,Natrona County,WY,56025,2022-11-30,272658.80725315656,2022,11,Natrona,69104.0,247600.0,945.0,737.0,36936.0,23937.0,32895.0,79506.0,273.75,3.9456298803709853,0.09504185931518262,0.019953432965128873,0.7276789785681714,0.08786659384300766,0.07806552262090483,0.00980107122210283,0
1941,Natrona County,WY,56025,2022-12-31,273838.57482260483,2022,12,Natrona,69104.0,247600.0,945.0,737.0,36936.0,23937.0,32895.0,79506.0,273.75,3.9627022288522347,0.09463239434687873,0.019953432965128873,0.7276789785681714,0.08624543309021604,0.07806552262090483,0.008179910469311213,0
1941,Natrona County,WY,56025,2023-01-31,274510.38549466804,2023,1,Natrona,71247.0,260400.0,973.0,870.0,37101.0,24487.0,33285.0,79735.0,293.95,3.8529395693105397,0.09732828487291949,0.023449502708821866,0.7356767312603275,0.07881676752098299,0.03101122945126189,0.0478055380697211,0
1941,Natrona County,WY,56025,2023-02-28,275249.708544238,2023,2,Natrona,71247.0,260400.0,973.0,870.0,37101.0,24487.0,33285.0,79735.0,293.95,3.8633164700862914,0.09706686027500716,0.023449502708821866,0.7356767312603275,0.07145524343627829,0.03101122945126189,0.0404440139850164,0
1941,Natrona County,WY,56025,2023-03-31,275878.70275247283,2023,3,Natrona,71247.0,260400.0,973.0,870.0,37101.0,24487.0,33285.0,79735.0,293.95,3.8721448306942445,0.09684555108254188,0.023449502708821866,0.7356767312603275,0.06275613366929123,0.03101122945126189,0.031744904218029335,0
1941,Natrona County,WY,56025,2023-04-30,276754.1965898164,2023,4,Natrona,71247.0,260400.0,973.0,870.0,37101.0,24487.0,33285.0,79735.0,293.95,3.8844329808948648,0.09653918650273906,0.023449502708821866,0.7356767312603275,0.05631620874283172,0.03101122945126189,0.02530497929156983,0
1941,Natrona County,WY,56025,2023-05-31,277651.1723560153,2023,5,Natrona,71247.0,260400.0,973.0,870.0,37101.0,24487.0,33285.0,79735.0,293.95,3.897022644546652,0.09622730843629071,0.023449502708821866,0.7356767312603275,0.05015505914953566,0.03101122945126189,0.019143829698273773,0
1941,Natrona County,WY,56025,2023-06-30,279024.20690891607,2023,6,Natrona,71247.0,260400.0,973.0,870.0,37101.0,24487.0,33285.0,79735.0,293.95,3.916294116368634,0.09575378887725547,0.023449502708821866,0.7356767312603275,0.043350017785521056,0.03101122945126189,0.012338788334259165,0
1941,Natrona County,WY,56025,2023-07-31,280484.1469407635,2023,7,Natrona,71247.0,260400.0,973.0,870.0,37101.0,24487.0,33285.0,79735.0,293.95,3.936785365569968,0.09525538356234654,0.023449502708821866,0.7356767312603275,0.039974488551527854,0.03101122945126189,0.008963259100265963,0
1941,Natrona County,WY,56025,2023-08-31,282253.4728492061,2023,8,Natrona,71247.0,260400.0,973.0,870.0,37101.0,24487.0,33285.0,79735.0,293.95,3.961619055528038,0.09465826843616512,0.023449502708821866,0.7356767312603275,0.04080132728668606,0.03101122945126189,0.009790097835424172,0
1941,Natrona County,WY,56025,2023-09-30,283834.80103470566,2023,9,Natrona,71247.0,260400.0,973.0,870.0,37101.0,24487.0,33285.0,79735.0,293.95,3.9838140698514417,0.09413089903916723,0.023449502708821866,0.7356767312603275,0.04627959332851761,0.03101122945126189,0.01526836387725572,0
1941,Natrona County,WY,56025,2023-10-31,285513.35305453377,2023,10,Natrona,71247.0,260400.0,973.0,870.0,37101.0,24487.0,33285.0,79735.0,293.95,4.007373686675001,0.09357749721392843,0.023449502708821866,0.7356767312603275,0.0504894508576581,0.03101122945126189,0.019478221406396212,0
1941,Natrona County,WY,56025,2023-11-30,286355.3096006771,2023,11,Natrona,71247.0,260400.0,973.0,870.0,37101.0,24487.0,33285.0,79735.0,293.95,4.019191118232025,0.09330235586432031,0.023449502708821866,0.7356767312603275,0.050233119133407333,0.03101122945126189,0.019221889682145443,0
1941,Natrona County,WY,56025,2023-12-31,286585.2878032199,2023,12,Natrona,71247.0,260400.0,973.0,870.0,37101.0,24487.0,33285.0,79735.0,293.95,4.022419018389826,0.09322748283696024,0.023449502708821866,0.7356767312603275,0.046548273883153746,0.03101122945126189,0.015537044431891855,0
2457,Niobrara County,WY,56027,2014-01-31,,2014,1,Niobrara,39567.0,135900.0,600.0,159.0,1315.0,637.0,1015.0,2492.0,,,,0.12091254752851711,0.6275862068965518,,,,0
2457,Niobrara County,WY,56027,2014-02-28,,2014,2,Niobrara,39567.0,135900.0,600.0,159.0,1315.0,637.0,1015.0,2492.0,,,,0.12091254752851711,0.6275862068965518,,,,0
2457,Niobrara County,WY,56027,2014-03-31,,2014,3,Niobrara,39567.0,135900.0,600.0,159.0,1315.0,637.0,1015.0,2492.0,,,,0.12091254752851711,0.6275862068965518,,,,0
2457,Niobrara County,WY,56027,2014-04-30,,2014,4,Niobrara,39567.0,135900.0,600.0,159.0,1315.0,637.0,1015.0,2492.0,,,,0.12091254752851711,0.6275862068965518,,,,0
2457,Niobrara County,WY,56027,2014-05-31,,2014,5,Niobrara,39567.0,135900.0,600.0,159.0,1315.0,637.0,1015.0,2492.0,,,,0.12091254752851711,0.6275862068965518,,,,0
2457,Niobrara County,WY,56027,2014-06-30,,2014,6,Niobrara,39567.0,135900.0,600.0,159.0,1315.0,637.0,1015.0,2492.0,,,,0.12091254752851711,0.6275862068965518,,,,0
2457,Niobrara County,WY,56027,2014-07-31,,2014,7,Niobrara,39567.0,135900.0,600.0,159.0,1315.0,637.0,1015.0,2492.0,,,,0.12091254752851711,0.6275862068965518,,,,0
2457,Niobrara County,WY,56027,2014-08-31,,2014,8,Niobrara,39567.0,135900.0,600.0,159.0,1315.0,637.0,1015.0,2492.0,,,,0.12091254752851711,0.6275862068965518,,,,0
2457,Niobrara County,WY,56027,2014-09-30,,2014,9,Niobrara,39567.0,135900.0,600.0,159.0,1315.0,637.0,1015.0,2492.0,,,,0.12091254752851711,0.6275862068965518,,,,0
2457,Niobrara County,WY,56027,2014-10-31,,2014,10,Niobrara,39567.0,135900.0,600.0,159.0,1315.0,637.0,1015.0,2492.0,,,,0.12091254752851711,0.6275862068965518,,,,0
2457,Niobrara County,WY,56027,2014-11-30,,2014,11,Niobrara,39567.0,135900.0,600.0,159.0,1315.0,637.0,1015.0,2492.0,,,,0.12091254752851711,0.6275862068965518,,,,0
2457,Niobrara County,WY,56027,2014-12-31,,2014,12,Niobrara,39567.0,135900.0,600.0,159.0,1315.0,637.0,1015.0,2492.0,,,,0.12091254752851711,0.6275862068965518,,,,0
2457,Niobrara County,WY,56027,2015-01-31,,2015,1,Niobrara,40398.0,157900.0,588.0,134.0,1321.0,715.0,1045.0,2516.0,,,,0.10143830431491295,0.6842105263157895,,0.021002350443551476,,0
2457,Niobrara County,WY,56027,2015-02-28,,2015,2,Niobrara,40398.0,157900.0,588.0,134.0,1321.0,715.0,1045.0,2516.0,,,,0.10143830431491295,0.6842105263157895,,0.021002350443551476,,0
2457,Niobrara County,WY,56027,2015-03-31,,2015,3,Niobrara,40398.0,157900.0,588.0,134.0,1321.0,715.0,1045.0,2516.0,,,,0.10143830431491295,0.6842105263157895,,0.021002350443551476,,0
2457,Niobrara County,WY,56027,2015-04-30,,2015,4,Niobrara,40398.0,157900.0,588.0,134.0,1321.0,715.0,1045.0,2516.0,,,,0.10143830431491295,0.6842105263157895,,0.021002350443551476,,0
2457,Niobrara County,WY,56027,2015-05-31,,2015,5,Niobrara,40398.0,157900.0,588.0,134.0,1321.0,715.0,1045.0,2516.0,,,,0.10143830431491295,0.6842105263157895,,0.021002350443551476,,0
2457,Niobrara County,WY,56027,2015-06-30,,2015,6,Niobrara,40398.0,157900.0,588.0,134.0,1321.0,715.0,1045.0,2516.0,,,,0.10143830431491295,0.6842105263157895,,0.021002350443551476,,0
2457,Niobrara County,WY,56027,2015-07-31,,2015,7,Niobrara,40398.0,157900.0,588.0,134.0,1321.0,715.0,1045.0,2516.0,,,,0.10143830431491295,0.6842105263157895,,0.021002350443551476,,0
2457,Niobrara County,WY,56027,2015-08-31,,2015,8,Niobrara,40398.0,157900.0,588.0,134.0,1321.0,715.0,1045.0,2516.0,,,,0.10143830431491295,0.6842105263157895,,0.021002350443551476,,0
2457,Niobrara County,WY,56027,2015-09-30,,2015,9,Niobrara,40398.0,157900.0,588.0,134.0,1321.0,715.0,1045.0,2516.0,,,,0.10143830431491295,0.6842105263157895,,0.021002350443551476,,0
2457,Niobrara County,WY,56027,2015-10-31,,2015,10,Niobrara,40398.0,157900.0,588.0,134.0,1321.0,715.0,1045.0,2516.0,,,,0.10143830431491295,0.6842105263157895,,0.021002350443551476,,0
2457,Niobrara County,WY,56027,2015-11-30,,2015,11,Niobrara,40398.0,157900.0,588.0,134.0,1321.0,715.0,1045.0,2516.0,,,,0.10143830431491295,0.6842105263157895,,0.021002350443551476,,0
2457,Niobrara County,WY,56027,2015-12-31,,2015,12,Niobrara,40398.0,157900.0,588.0,134.0,1321.0,715.0,1045.0,2516.0,,,,0.10143830431491295,0.6842105263157895,,0.021002350443551476,,0
2457,Niobrara County,WY,56027,2016-01-31,,2016,1,Niobrara,40640.0,155200.0,627.0,111.0,1281.0,689.0,981.0,2498.0,,,,0.08665105386416862,0.7023445463812437,,0.005990395564136941,,0
2457,Niobrara County,WY,56027,2016-02-29,135512.88642980802,2016,2,Niobrara,40640.0,155200.0,627.0,111.0,1281.0,689.0,981.0,2498.0,,3.334470630654725,0.11246162930706892,0.08665105386416862,0.7023445463812437,,0.005990395564136941,,0
2457,Niobrara County,WY,56027,2016-03-31,135774.58703703946,2016,3,Niobrara,40640.0,155200.0,627.0,111.0,1281.0,689.0,981.0,2498.0,,3.3409101141003803,0.11224486358292153,0.08665105386416862,0.7023445463812437,,0.005990395564136941,,0
2457,Niobrara County,WY,56027,2016-04-30,135396.79217256678,2016,4,Niobrara,40640.0,155200.0,627.0,111.0,1281.0,689.0,981.0,2498.0,,3.3316139806241827,0.11255805810063962,0.08665105386416862,0.7023445463812437,,0.005990395564136941,,0
2457,Niobrara County,WY,56027,2016-05-31,135379.2494866174,2016,5,Niobrara,40640.0,155200.0,627.0,111.0,1281.0,689.0,981.0,2498.0,,3.3311823200447193,0.1125726435756797,0.08665105386416862,0.7023445463812437,,0.005990395564136941,,0
2457,Niobrara County,WY,56027,2016-06-30,135365.94557507863,2016,6,Niobrara,40640.0,155200.0,627.0,111.0,1281.0,689.0,981.0,2498.0,,3.3308549600166986,0.11258370733684543,0.08665105386416862,0.7023445463812437,,0.005990395564136941,,0
2457,Niobrara County,WY,56027,2016-07-31,135520.2456605224,2016,7,Niobrara,40640.0,155200.0,627.0,111.0,1281.0,689.0,981.0,2498.0,,3.3346517140876575,0.11245552224112794,0.08665105386416862,0.7023445463812437,,0.005990395564136941,,0
2457,Niobrara County,WY,56027,2016-08-31,135023.88994678715,2016,8,Niobrara,40640.0,155200.0,627.0,111.0,1281.0,689.0,981.0,2498.0,,3.3224382368796053,0.11286891531569765,0.08665105386416862,0.7023445463812437,,0.005990395564136941,,0
2457,Niobrara County,WY,56027,2016-09-30,133964.42677313226,2016,9,Niobrara,40640.0,155200.0,627.0,111.0,1281.0,689.0,981.0,2498.0,,3.296368769023924,0.11376154377018925,0.08665105386416862,0.7023445463812437,,0.005990395564136941,,0
2457,Niobrara County,WY,56027,2016-10-31,133166.12977263908,2016,10,Niobrara,40640.0,155200.0,627.0,111.0,1281.0,689.0,981.0,2498.0,,3.2767256341692685,0.11444351522432905,0.08665105386416862,0.7023445463812437,,0.005990395564136941,,0
2457,Niobrara County,WY,56027,2016-11-30,132917.29500521687,2016,11,Niobrara,40640.0,155200.0,627.0,111.0,1281.0,689.0,981.0,2498.0,,3.2706027314275805,0.11465776518700478,0.08665105386416862,0.7023445463812437,,0.005990395564136941,,0
2457,Niobrara County,WY,56027,2016-12-31,133226.43088974585,2016,12,Niobrara,40640.0,155200.0,627.0,111.0,1281.0,689.0,981.0,2498.0,,3.278209421499652,0.1143917156544722,0.08665105386416862,0.7023445463812437,,0.005990395564136941,,0
2457,Niobrara County,WY,56027,2017-01-31,133576.52800079517,2017,1,Niobrara,36793.0,152500.0,615.0,103.0,1354.0,703.0,982.0,2479.0,,3.6304875384120665,0.10329191218323824,0.07607090103397342,0.7158859470468432,,-0.09466043307086613,,0
2457,Niobrara County,WY,56027,2017-02-28,134382.91927129586,2017,2,Niobrara,36793.0,152500.0,615.0,103.0,1354.0,703.0,982.0,2479.0,,3.6524045136655303,0.10267208864651531,0.07607090103397342,0.7158859470468432,-0.008338448012451205,-0.09466043307086613,0.08632198505841493,0
2457,Niobrara County,WY,56027,2017-03-31,134599.85073466407,2017,3,Niobrara,36793.0,152500.0,615.0,103.0,1354.0,703.0,982.0,2479.0,,3.6583005119088976,0.10250661441815925,0.07607090103397342,0.7158859470468432,-0.008652107349477078,-0.09466043307086613,0.08600832572138906,0
2457,Niobrara County,WY,56027,2017-04-30,134654.02439739634,2017,4,Niobrara,36793.0,152500.0,615.0,103.0,1354.0,703.0,982.0,2479.0,,3.659772902383506,0.10246537421919626,0.07607090103397342,0.7158859470468432,-0.005485859474600896,-0.09466043307086613,0.08917457359626524,0
2457,Niobrara County,WY,56027,2017-05-31,133966.2651747658,2017,5,Niobrara,36793.0,152500.0,615.0,103.0,1354.0,703.0,982.0,2479.0,,3.6410802374029245,0.10299141341292617,0.07607090103397342,0.7158859470468432,-0.01043722961391702,-0.09466043307086613,0.08422320345694911,0
2457,Niobrara County,WY,56027,2017-06-30,132934.05613721735,2017,6,Niobrara,36793.0,152500.0,615.0,103.0,1354.0,703.0,982.0,2479.0,,3.613025742321022,0.10379112321494242,0.07607090103397342,0.7158859470468432,-0.017965297161925187,-0.09466043307086613,0.07669513590894095,0
2457,Niobrara County,WY,56027,2017-07-31,131702.4860539918,2017,7,Niobrara,36793.0,152500.0,615.0,103.0,1354.0,703.0,982.0,2479.0,,3.579552796836132,0.10476168987686174,0.07607090103397342,0.7158859470468432,-0.028171138473981783,-0.09466043307086613,0.06648929459688435,0
2457,Niobrara County,WY,56027,2017-08-31,130222.0238303385,2017,8,Niobrara,36793.0,152500.0,615.0,103.0,1354.0,703.0,982.0,2479.0,,3.539315191214049,0.10595269981348233,0.07607090103397342,0.7158859470468432,-0.03556308530543051,-0.09466043307086613,0.059097347765435626,0
2457,Niobrara County,WY,56027,2017-09-30,129518.7255445182,2017,9,Niobrara,36793.0,152500.0,615.0,103.0,1354.0,703.0,982.0,2479.0,,3.5202001887456364,0.10652803246784237,0.07607090103397342,0.7158859470468432,-0.033185684705260066,-0.09466043307086613,0.06147474836560607,0
2457,Niobrara County,WY,56027,2017-10-31,129670.5401417546,2017,10,Niobrara,36793.0,152500.0,615.0,103.0,1354.0,703.0,982.0,2479.0,,3.5243263702811567,0.10640331246339253,0.07607090103397342,0.7158859470468432,-0.026249840232292376,-0.09466043307086613,0.06841059283857376,0
2457,Niobrara County,WY,56027,2017-11-30,130381.37600669388,2017,11,Niobrara,36793.0,152500.0,615.0,103.0,1354.0,703.0,982.0,2479.0,,3.5436462372378954,0.10582320437614978,0.07607090103397342,0.7158859470468432,-0.019078924216923476,-0.09466043307086613,0.07558150885394266,0
2457,Niobrara County,WY,56027,2017-12-31,131586.20715891456,2017,12,Niobrara,36793.0,152500.0,615.0,103.0,1354.0,703.0,982.0,2479.0,,3.5763924430982676,0.10485426472804349,0.07607090103397342,0.7158859470468432,-0.01231154899127107,-0.09466043307086613,0.08234888407959506,0
2457,Niobrara County,WY,56027,2018-01-31,132284.0486830177,2018,1,Niobrara,39359.0,144900.0,652.0,82.0,1377.0,743.0,978.0,2448.0,,3.360960610864547,0.11157524393109086,0.05954974582425563,0.7597137014314929,-0.009675946344179343,0.06974152692088165,-0.07941747326506099,0
2457,Niobrara County,WY,56027,2018-02-28,133120.21505990546,2018,2,Niobrara,39359.0,144900.0,652.0,82.0,1377.0,743.0,978.0,2448.0,,3.3822052150691193,0.11087440771755076,0.05954974582425563,0.7597137014314929,-0.00939631478641434,0.06974152692088165,-0.07913784170729599,0
2457,Niobrara County,WY,56027,2018-03-31,133373.05048601003,2018,3,Niobrara,39359.0,144900.0,652.0,82.0,1377.0,743.0,978.0,2448.0,,3.3886290425572305,0.11066422299119706,0.05954974582425563,0.7597137014314929,-0.009114425030622209,0.06974152692088165,-0.07885595195150386,0
2457,Niobrara County,WY,56027,2018-04-30,133842.91851502893,2018,4,Niobrara,39359.0,144900.0,652.0,82.0,1377.0,743.0,978.0,2448.0,,3.4005670498495624,0.11027572593123536,0.05954974582425563,0.7597137014314929,-0.006023628970595385,0.06974152692088165,-0.07576515589147703,0
2457,Niobrara County,WY,56027,2018-05-31,133959.67038020943,2018,5,Niobrara,39359.0,144900.0,652.0,82.0,1377.0,743.0,978.0,2448.0,,3.4035333819510005,0.11017961568663666,0.05954974582425563,0.7597137014314929,-4.922727783585046e-05,0.06974152692088165,-0.0697907541987175,0
2457,Niobrara County,WY,56027,2018-06-30,134046.74400323172,2018,6,Niobrara,39359.0,144900.0,652.0,82.0,1377.0,743.0,978.0,2448.0,,3.405745674514894,0.11010804559075422,0.05954974582425563,0.7597137014314929,0.008370224292756356,0.06974152692088165,-0.06137130262812529,0
2457,Niobrara County,WY,56027,2018-07-31,133958.56276652656,2018,7,Niobrara,39359.0,144900.0,652.0,82.0,1377.0,743.0,978.0,2448.0,,3.403505240644492,0.11018052668812388,0.05954974582425563,0.7597137014314929,0.017130099667290066,0.06974152692088165,-0.05261142725359158,0
2457,Niobrara County,WY,56027,2018-08-31,133592.1539991389,2018,8,Niobrara,39359.0,144900.0,652.0,82.0,1377.0,743.0,978.0,2448.0,,3.3941958382870223,0.11048272340975304,0.05954974582425563,0.7597137014314929,0.025879878607870888,0.06974152692088165,-0.04386164831301076,0
2457,Niobrara County,WY,56027,2018-09-30,133530.70091618664,2018,9,Niobrara,39359.0,144900.0,652.0,82.0,1377.0,743.0,978.0,2448.0,,3.3926344906168002,0.11053356942433926,0.05954974582425563,0.7597137014314929,0.0309760257044025,0.06974152692088165,-0.03876550121647915,0
2457,Niobrara County,WY,56027,2018-10-31,133597.64564839695,2018,10,Niobrara,39359.0,144900.0,652.0,82.0,1377.0,743.0,978.0,2448.0,,3.3943353654411177,0.11047818191979568,0.05954974582425563,0.7597137014314929,0.0302852560215241,0.06974152692088165,-0.03945627089935755,0
2457,Niobrara County,WY,56027,2018-11-30,134264.15886212946,2018,11,Niobrara,39359.0,144900.0,652.0,82.0,1377.0,743.0,978.0,2448.0,,3.4112695663540604,0.10992974688916102,0.05954974582425563,0.7597137014314929,0.02978019541100907,0.06974152692088165,-0.03996133150987258,0
2457,Niobrara County,WY,56027,2018-12-31,134848.81867573192,2018,12,Niobrara,39359.0,144900.0,652.0,82.0,1377.0,743.0,978.0,2448.0,,3.426124105686931,0.10945312791721337,0.05954974582425563,0.7597137014314929,0.024794479507089573,0.06974152692088165,-0.044947047413792074,0
2457,Niobrara County,WY,56027,2019-01-31,134359.88981360273,2019,1,Niobrara,39150.0,156300.0,560.0,39.0,1328.0,747.0,964.0,2422.0,,3.431925665736979,0.10926810092183967,0.029367469879518073,0.774896265560166,0.015692301159901945,-0.005310094260524867,0.02100239542042681,0
2457,Niobrara County,WY,56027,2019-02-28,133059.34761068606,2019,2,Niobrara,39150.0,156300.0,560.0,39.0,1328.0,747.0,964.0,2422.0,,3.3987061969523897,0.11033610387866459,0.029367469879518073,0.774896265560166,-0.00045723671038244706,-0.005310094260524867,0.00485285755014242,0
2457,Niobrara County,WY,56027,2019-03-31,131982.13585408966,2019,3,Niobrara,39150.0,156300.0,560.0,39.0,1328.0,747.0,964.0,2422.0,,3.3711912095552914,0.11123664505801434,0.029367469879518073,0.774896265560166,-0.010428753236518817,-0.005310094260524867,-0.0051186589759939505,0
2457,Niobrara County,WY,56027,2019-04-30,131861.73767682488,2019,4,Niobrara,39150.0,156300.0,560.0,39.0,1328.0,747.0,964.0,2422.0,,3.3681159048997413,0.1113382112101521,0.029367469879518073,0.774896265560166,-0.014802283603682631,-0.005310094260524867,-0.009492189343157764,0
2457,Niobrara County,WY,56027,2019-05-31,132051.12286641894,2019,5,Niobrara,39150.0,156300.0,560.0,39.0,1328.0,747.0,964.0,2422.0,,3.3729533299213013,0.1111785320814829,0.029367469879518073,0.774896265560166,-0.014247179829373846,-0.005310094260524867,-0.00893708556884898,0
2457,Niobrara County,WY,56027,2019-06-30,132399.50344373778,2019,6,Niobrara,39150.0,156300.0,560.0,39.0,1328.0,747.0,964.0,2422.0,,3.3818519398145024,0.110885989887709,0.029367469879518073,0.774896265560166,-0.012288553308346217,-0.005310094260524867,-0.00697845904782135,0
2457,Niobrara County,WY,56027,2019-07-31,132799.23888350566,2019,7,Niobrara,39150.0,156300.0,560.0,39.0,1328.0,747.0,964.0,2422.0,,3.392062295874985,0.11055221493308938,0.029367469879518073,0.774896265560166,-0.008654346979233174,-0.005310094260524867,-0.003344252718708307,0
2457,Niobrara County,WY,56027,2019-08-31,133731.18749707728,2019,8,Niobrara,39150.0,156300.0,560.0,39.0,1328.0,747.0,964.0,2422.0,,3.4158668581628935,0.10978179641395064,0.029367469879518073,0.774896265560166,0.00104073101433233,-0.005310094260524867,0.006350825274857197,0
2457,Niobrara County,WY,56027,2019-09-30,133830.75225341236,2019,9,Niobrara,39150.0,156300.0,560.0,39.0,1328.0,747.0,964.0,2422.0,,3.418410019244249,0.10970012312417278,0.029367469879518073,0.774896265560166,0.002247058804956348,-0.005310094260524867,0.007557153065481215,0
2457,Niobrara County,WY,56027,2019-10-31,134025.35983137347,2019,10,Niobrara,39150.0,156300.0,560.0,39.0,1328.0,747.0,964.0,2422.0,,3.4233808386046864,0.10954083629002369,0.029367469879518073,0.774896265560166,0.003201509883655973,-0.005310094260524867,0.00851160414418084,0
2457,Niobrara County,WY,56027,2019-11-30,134206.6142072062,2019,11,Niobrara,39150.0,156300.0,560.0,39.0,1328.0,747.0,964.0,2422.0,,3.428010580005267,0.10939289458068818,0.029367469879518073,0.774896265560166,-0.00042859282336360494,-0.005310094260524867,0.004881501437161262,0
2457,Niobrara County,WY,56027,2019-12-31,135475.11075829685,2019,12,Niobrara,39150.0,156300.0,560.0,39.0,1328.0,747.0,964.0,2422.0,,3.4604115136218865,0.1083686141153487,0.029367469879518073,0.774896265560166,0.0046444016989941606,-0.005310094260524867,0.009954495959519027,0
2457,Niobrara County,WY,56027,2020-01-31,135456.76105678853,2020,1,Niobrara,46111.0,141600.0,823.0,49.0,1306.0,681.0,900.0,2377.0,,2.9376235834570608,0.1276542039326535,0.03751914241960184,0.7566666666666667,0.008163680728731526,0.17780332056194115,-0.16963963983320962,0
2457,Niobrara County,WY,56027,2020-02-29,134868.00246083795,2020,2,Niobrara,46111.0,141600.0,823.0,49.0,1306.0,681.0,900.0,2377.0,,2.9248552939827364,0.12821147110131642,0.03751914241960184,0.7566666666666667,0.013592843213419137,0.17780332056194115,-0.164210477348522,0
2457,Niobrara County,WY,56027,2020-03-31,133762.65216172457,2020,3,Niobrara,46111.0,141600.0,823.0,49.0,1306.0,681.0,900.0,2377.0,,2.9008837839501327,0.12927094910688305,0.03751914241960184,0.7566666666666667,0.013490585647161657,0.17780332056194115,-0.1643127349147795,0
2457,Niobrara County,WY,56027,2020-04-30,133915.27794163642,2020,4,Niobrara,46111.0,141600.0,823.0,49.0,1306.0,681.0,900.0,2377.0,,2.9041937485987384,0.12912361655655238,0.03751914241960184,0.7566666666666667,0.015573435486224918,0.17780332056194115,-0.16222988507571623,0
2457,Niobrara County,WY,56027,2020-05-31,134386.65006077764,2020,5,Niobrara,46111.0,141600.0,823.0,49.0,1306.0,681.0,900.0,2377.0,,2.9144163011163853,0.1286707049560332,0.03751914241960184,0.7566666666666667,0.017686537938198965,0.17780332056194115,-0.16011678262374218,0
2457,Niobrara County,WY,56027,2020-06-30,134964.8972180663,2020,6,Niobrara,46111.0,141600.0,823.0,49.0,1306.0,681.0,900.0,2377.0,,2.9269566311306696,0.1281194248017058,0.03751914241960184,0.7566666666666667,0.01937615857765418,0.17780332056194115,-0.15842716198428697,0
2457,Niobrara County,WY,56027,2020-07-31,135679.62825857126,2020,7,Niobrara,46111.0,141600.0,823.0,49.0,1306.0,681.0,900.0,2377.0,,2.9424568597204845,0.1274445192836651,0.03751914241960184,0.7566666666666667,0.021689803339854485,0.17780332056194115,-0.15611351722208666,0
2457,Niobrara County,WY,56027,2020-08-31,137036.0391516875,2020,8,Niobrara,46111.0,141600.0,823.0,49.0,1306.0,681.0,900.0,2377.0,,2.9718730704536336,0.12618304722642784,0.03751914241960184,0.7566666666666667,0.024712647187720815,0.17780332056194115,-0.15309067337422033,0
2457,Niobrara County,WY,56027,2020-09-30,138942.7485085784,2020,9,Niobrara,46111.0,141600.0,823.0,49.0,1306.0,681.0,900.0,2377.0,,3.0132234934956603,0.12445143906831815,0.03751914241960184,0.7566666666666667,0.0381974708285755,0.17780332056194115,-0.13960584973336565,0
2457,Niobrara County,WY,56027,2020-10-31,141002.95375666526,2020,10,Niobrara,46111.0,141600.0,823.0,49.0,1306.0,681.0,900.0,2377.0,,3.0579027511150323,0.12263306930322102,0.03751914241960184,0.7566666666666667,0.05206174364367144,0.17780332056194115,-0.1257415769182697,0
2457,Niobrara County,WY,56027,2020-11-30,143385.87802082478,2020,11,Niobrara,46111.0,141600.0,823.0,49.0,1306.0,681.0,900.0,2377.0,,3.1095807512486124,0.12059503515045347,0.03751914241960184,0.7566666666666667,0.06839650838256284,0.17780332056194115,-0.10940681217937831,0
2457,Niobrara County,WY,56027,2020-12-31,145642.63535689496,2020,12,Niobrara,46111.0,141600.0,823.0,49.0,1306.0,681.0,900.0,2377.0,,3.1585225945413233,0.11872639462769365,0.03751914241960184,0.7566666666666667,0.07505086758510293,0.17780332056194115,-0.10275245297683822,0
2457,Niobrara County,WY,56027,2021-01-31,147340.38382009615,2021,1,Niobrara,48688.0,182900.0,909.0,41.0,1361.0,756.0,1017.0,2486.0,,3.026215573038452,0.12391714699408664,0.030124908155767818,0.7433628318584071,0.08773000823728228,0.055886881655136555,0.03184312658214572,0
2457,Niobrara County,WY,56027,2021-02-28,148662.855493927,2021,2,Niobrara,48688.0,182900.0,909.0,41.0,1361.0,756.0,1017.0,2486.0,,3.0533777418240016,0.12281480763529296,0.030124908155767818,0.7433628318584071,0.1022841058025954,0.055886881655136555,0.04639722414745884,0
2457,Niobrara County,WY,56027,2021-03-31,150265.07912506114,2021,3,Niobrara,48688.0,182900.0,909.0,41.0,1361.0,756.0,1017.0,2486.0,,3.086285719788472,0.12150527658395209,0.030124908155767818,0.7433628318584071,0.12337096115128188,0.055886881655136555,0.06748407949614532,0
2457,Niobrara County,WY,56027,2021-04-30,152268.55878906263,2021,4,Niobrara,48688.0,182900.0,909.0,41.0,1361.0,756.0,1017.0,2486.0,,3.1274350720724335,0.11990656603831637,0.030124908155767818,0.7433628318584071,0.13705143378356754,0.055886881655136555,0.08116455212843099,0
2457,Niobrara County,WY,56027,2021-05-31,154460.97521843048,2021,5,Niobrara,48688.0,182900.0,909.0,41.0,1361.0,756.0,1017.0,2486.0,,3.1724649855905045,0.11820461429937568,0.030124908155767818,0.7433628318584071,0.14937737601595136,0.055886881655136555,0.0934904943608148,0
2457,Niobrara County,WY,56027,2021-06-30,156631.32246189998,2021,6,Niobrara,48688.0,182900.0,909.0,41.0,1361.0,756.0,1017.0,2486.0,,3.217041621383092,0.1165667231370098,0.030124908155767818,0.7433628318584071,0.16053378093436166,0.055886881655136555,0.1046468992792251,0
2457,Niobrara County,WY,56027,2021-07-31,158812.19728081286,2021,7,Niobrara,48688.0,182900.0,909.0,41.0,1361.0,756.0,1017.0,2486.0,,3.2618344824353613,0.11496598065270813,0.030124908155767818,0.7433628318584071,0.17049404777375088,0.055886881655136555,0.11460716611861432,0
2457,Niobrara County,WY,56027,2021-08-31,160419.6117152462,2021,8,Niobrara,48688.0,182900.0,909.0,41.0,1361.0,756.0,1017.0,2486.0,,3.294849074006864,0.11381401441370505,0.030124908155767818,0.7433628318584071,0.17063812343317242,0.055886881655136555,0.11475124177803586,0
2457,Niobrara County,WY,56027,2021-09-30,161265.4778382325,2021,9,Niobrara,48688.0,182900.0,909.0,41.0,1361.0,756.0,1017.0,2486.0,,3.312222269105991,0.11321703965875968,0.030124908155767818,0.7433628318584071,0.16066134842780855,0.055886881655136555,0.10477446677267199,0
2457,Niobrara County,WY,56027,2021-10-31,162766.81507037612,2021,10,Niobrara,48688.0,182900.0,909.0,41.0,1361.0,756.0,1017.0,2486.0,,3.3430581471897822,0.11217274228844323,0.030124908155767818,0.7433628318584071,0.15435039290928376,0.055886881655136555,0.0984635112541472,0
2457,Niobrara County,WY,56027,2021-11-30,165421.41891505648,2021,11,Niobrara,48688.0,182900.0,909.0,41.0,1361.0,756.0,1017.0,2486.0,,3.397580901147233,0.1103726477486899,0.030124908155767818,0.7433628318584071,0.15367999414162226,0.055886881655136555,0.0977931124864857,0
2457,Niobrara County,WY,56027,2021-12-31,168306.5674921401,2021,12,Niobrara,48688.0,182900.0,909.0,41.0,1361.0,756.0,1017.0,2486.0,,3.456838799953584,0.10848061529656378,0.030124908155767818,0.7433628318584071,0.15561330704918608,0.055886881655136555,0.09972642539404952,0
2457,Niobrara County,WY,56027,2022-01-31,170839.68258592227,2022,1,Niobrara,54375.0,195600.0,951.0,18.0,1325.0,755.0,1072.0,2460.0,,3.1418792199709844,0.11935532009517004,0.013584905660377358,0.7042910447761194,0.159489870709981,0.11680496220834713,0.04268490850163387,0
2457,Niobrara County,WY,56027,2022-02-28,172420.3574820871,2022,2,Niobrara,54375.0,195600.0,951.0,18.0,1325.0,755.0,1072.0,2460.0,,3.170949103118843,0.11826112239744313,0.013584905660377358,0.7042910447761194,0.15980792181898207,0.11680496220834713,0.04300295961063494,0
2457,Niobrara County,WY,56027,2022-03-31,174108.31644434066,2022,3,Niobrara,54375.0,195600.0,951.0,18.0,1325.0,755.0,1072.0,2460.0,,3.201992026562587,0.11711459519234695,0.013584905660377358,0.7042910447761194,0.15867450679898498,0.11680496220834713,0.04186954459063785,0
2457,Niobrara County,WY,56027,2022-04-30,176053.33400074395,2022,4,Niobrara,54375.0,195600.0,951.0,18.0,1325.0,755.0,1072.0,2460.0,,3.237762464381498,0.11582072623466383,0.013584905660377358,0.7042910447761194,0.1562027998480653,0.11680496220834713,0.03939783763971816,0
2457,Niobrara County,WY,56027,2022-05-31,177992.27263939497,2022,5,Niobrara,54375.0,195600.0,951.0,18.0,1325.0,755.0,1072.0,2460.0,,3.2734211060118614,0.11455904628686082,0.013584905660377358,0.7042910447761194,0.15234461253198606,0.11680496220834713,0.03553965032363893,0
2457,Niobrara County,WY,56027,2022-06-30,180463.644036883,2022,6,Niobrara,54375.0,195600.0,951.0,18.0,1325.0,755.0,1072.0,2460.0,,3.318871614471411,0.1129902097944591,0.013584905660377358,0.7042910447761194,0.15215552802843857,0.11680496220834713,0.03535056582009144,0
2457,Niobrara County,WY,56027,2022-07-31,181982.9789949545,2022,7,Niobrara,54375.0,195600.0,951.0,18.0,1325.0,755.0,1072.0,2460.0,,3.346813406803761,0.11204687994785123,0.013584905660377358,0.7042910447761194,0.14590051715719854,0.11680496220834713,0.02909555494885141,0
2457,Niobrara County,WY,56027,2022-08-31,182341.28150113297,2022,8,Niobrara,54375.0,195600.0,951.0,18.0,1325.0,755.0,1072.0,2460.0,,3.3534028781817558,0.11182670666857907,0.013584905660377358,0.7042910447761194,0.1366520561388651,0.11680496220834713,0.01984709393051798,0
2457,Niobrara County,WY,56027,2022-09-30,181015.07505858171,2022,9,Niobrara,54375.0,195600.0,951.0,18.0,1325.0,755.0,1072.0,2460.0,,3.329012874640583,0.11264600472309283,0.013584905660377358,0.7042910447761194,0.1224663671673134,0.11680496220834713,0.005661404958966276,0
2457,Niobrara County,WY,56027,2022-10-31,180016.46532570585,2022,10,Niobrara,54375.0,195600.0,951.0,18.0,1325.0,755.0,1072.0,2460.0,,3.3106476381739007,0.11327088865514055,0.013584905660377358,0.7042910447761194,0.10597768499599525,0.11680496220834713,-0.010827277212351882,0
2457,Niobrara County,WY,56027,2022-11-30,179521.41066293194,2022,11,Niobrara,54375.0,195600.0,951.0,18.0,1325.0,755.0,1072.0,2460.0,,3.301543184605645,0.11358324850892178,0.013584905660377358,0.7042910447761194,0.08523679605913537,0.11680496220834713,-0.03156816614921176,0
2457,Niobrara County,WY,56027,2022-12-31,179067.71949832668,2022,12,Niobrara,54375.0,195600.0,951.0,18.0,1325.0,755.0,1072.0,2460.0,,3.293199439049686,0.11387102631968539,0.013584905660377358,0.7042910447761194,0.06393780211036093,0.11680496220834713,-0.0528671600979862,0
2457,Niobrara County,WY,56027,2023-01-31,178150.2984117325,2023,1,Niobrara,48987.0,194200.0,775.0,28.0,1378.0,744.0,1141.0,2415.0,,3.6366852106014353,0.10311588116200535,0.020319303338171262,0.6520595968448729,0.04279225830411759,-0.09908965517241375,0.14188191347653134,0
2457,Niobrara County,WY,56027,2023-02-28,175241.53625586932,2023,2,Niobrara,48987.0,194200.0,775.0,28.0,1378.0,744.0,1141.0,2415.0,,3.5773069642123283,0.1048274592456087,0.020319303338171262,0.6520595968448729,0.01636221392288495,-0.09908965517241375,0.1154518690952987,0
2457,Niobrara County,WY,56027,2023-03-31,173373.18254692506,2023,3,Niobrara,48987.0,194200.0,775.0,28.0,1378.0,744.0,1141.0,2415.0,,3.539167177964053,0.10595713091341538,0.020319303338171262,0.6520595968448729,-0.004222279052652822,-0.09908965517241375,0.09486737611976093,0
2457,Niobrara County,WY,56027,2023-04-30,172172.14065845765,2023,4,Niobrara,48987.0,194200.0,775.0,28.0,1378.0,744.0,1141.0,2415.0,,3.5146496143560055,0.10669626880251953,0.020319303338171262,0.6520595968448729,-0.022045554344741425,-0.09908965517241375,0.07704410082767232,0
2457,Niobrara County,WY,56027,2023-05-31,172920.99944614348,2023,5,Niobrara,48987.0,194200.0,775.0,28.0,1378.0,744.0,1141.0,2415.0,,3.5299365024627654,0.10623420555536058,0.020319303338171262,0.6520595968448729,-0.02849153571697849,-0.09908965517241375,0.07059811945543526,0
2457,Niobrara County,WY,56027,2023-06-30,173206.43007699397,2023,6,Niobrara,48987.0,194200.0,775.0,28.0,1378.0,744.0,1141.0,2415.0,,3.5357631632268554,0.10605913990510679,0.020319303338171262,0.6520595968448729,-0.04021427140419376,-0.09908965517241375,0.05887538376821999,0
2457,Niobrara County,WY,56027,2023-07-31,172688.03597811048,2023,7,Niobrara,48987.0,194200.0,775.0,28.0,1378.0,744.0,1141.0,2415.0,,3.5251808842776753,0.10637751999408084,0.020319303338171262,0.6520595968448729,-0.051075892197048334,-0.09908965517241375,0.048013762975365415,0
2457,Niobrara County,WY,56027,2023-08-31,172413.32204930836,2023,8,Niobrara,48987.0,194200.0,775.0,28.0,1378.0,744.0,1141.0,2415.0,,3.5195729897586783,0.10654701609859556,0.020319303338171262,0.6520595968448729,-0.05444712996471357,-0.09908965517241375,0.04464252520770018,0
2457,Niobrara County,WY,56027,2023-09-30,171999.05224600903,2023,9,Niobrara,48987.0,194200.0,775.0,28.0,1378.0,744.0,1141.0,2415.0,,3.511116260354972,0.10680364083474912,0.020319303338171262,0.6520595968448729,-0.04980813233182291,-0.09908965517241375,0.04928152284059084,0
2457,Niobrara County,WY,56027,2023-10-31,171622.16879419345,2023,10,Niobrara,48987.0,194200.0,775.0,28.0,1378.0,744.0,1141.0,2415.0,,3.50342272019502,0.10703818235760182,0.020319303338171262,0.6520595968448729,-0.046630715231101294,-0.09908965517241375,0.052458939941312455,0
2457,Niobrara County,WY,56027,2023-11-30,170867.82967516963,2023,11,Niobrara,48987.0,194200.0,775.0,28.0,1378.0,744.0,1141.0,2415.0,,3.488023958910928,0.1075107294036727,0.020319303338171262,0.6520595968448729,-0.048203615133184385,-0.09908965517241375,0.05088604003922936,0
2457,Niobrara County,WY,56027,2023-12-31,170152.9193824413,2023,12,Niobrara,48987.0,194200.0,775.0,28.0,1378.0,744.0,1141.0,2415.0,,3.4734300810917444,0.10796244382214039,0.020319303338171262,0.6520595968448729,-0.04978451806311579,-0.09908965517241375,0.04930513710929796,0
270,Park County,WY,56029,2014-01-31,223171.44822078996,2014,1,Park,56318.0,213200.0,673.0,1024.0,13763.0,8500.0,11751.0,28735.0,180.89,3.9627019464609887,0.09463240109060059,0.07440238320133692,0.7233426942387882,,,,1
270,Park County,WY,56029,2014-02-28,223319.29754846395,2014,2,Park,56318.0,213200.0,673.0,1024.0,13763.0,8500.0,11751.0,28735.0,180.89,3.9653272053067217,0.09456974937607787,0.07440238320133692,0.7233426942387882,,,,1
270,Park County,WY,56029,2014-03-31,223409.91007592148,2014,3,Park,56318.0,213200.0,673.0,1024.0,13763.0,8500.0,11751.0,28735.0,180.89,3.9669361496488063,0.09453139295755963,0.07440238320133692,0.7233426942387882,,,,1
270,Park County,WY,56029,2014-04-30,223362.0033912618,2014,4,Park,56318.0,213200.0,673.0,1024.0,13763.0,8500.0,11751.0,28735.0,180.89,3.9660855035914238,0.09455166805164054,0.07440238320133692,0.7233426942387882,,,,1
270,Park County,WY,56029,2014-05-31,223737.868274615,2014,5,Park,56318.0,213200.0,673.0,1024.0,13763.0,8500.0,11751.0,28735.0,180.89,3.9727594778687987,0.09439282747647487,0.07440238320133692,0.7233426942387882,,,,1
270,Park County,WY,56029,2014-06-30,224113.6057728806,2014,6,Park,56318.0,213200.0,673.0,1024.0,13763.0,8500.0,11751.0,28735.0,180.89,3.979431190256767,0.09423457325211436,0.07440238320133692,0.7233426942387882,,,,1
270,Park County,WY,56029,2014-07-31,224795.1383977692,2014,7,Park,56318.0,213200.0,673.0,1024.0,13763.0,8500.0,11751.0,28735.0,180.89,3.9915326964339854,0.09394887340770702,0.07440238320133692,0.7233426942387882,,,,1
270,Park County,WY,56029,2014-08-31,225381.2197674297,2014,8,Park,56318.0,213200.0,673.0,1024.0,13763.0,8500.0,11751.0,28735.0,180.89,4.001939340307357,0.09370456873821562,0.07440238320133692,0.7233426942387882,,,,1
270,Park County,WY,56029,2014-09-30,226077.642193753,2014,9,Park,56318.0,213200.0,673.0,1024.0,13763.0,8500.0,11751.0,28735.0,180.89,4.014305234449963,0.09341591585558195,0.07440238320133692,0.7233426942387882,,,,1
270,Park County,WY,56029,2014-10-31,226404.0748809905,2014,10,Park,56318.0,213200.0,673.0,1024.0,13763.0,8500.0,11751.0,28735.0,180.89,4.020101475212019,0.09328122742976842,0.07440238320133692,0.7233426942387882,,,,1
270,Park County,WY,56029,2014-11-30,226557.47483355497,2014,11,Park,56318.0,213200.0,673.0,1024.0,13763.0,8500.0,11751.0,28735.0,180.89,4.022825292687151,0.09321806758093362,0.07440238320133692,0.7233426942387882,,,,1
270,Park County,WY,56029,2014-12-31,226876.4840607885,2014,12,Park,56318.0,213200.0,673.0,1024.0,13763.0,8500.0,11751.0,28735.0,180.89,4.028489720174518,0.09308699439445377,0.07440238320133692,0.7233426942387882,,,,1
270,Park County,WY,56029,2015-01-31,227663.0039027119,2015,1,Park,56363.0,221300.0,692.0,875.0,13823.0,8514.0,11822.0,28985.0,183.38,4.039227931492502,0.09283952437451003,0.0633002966071041,0.7201827102013195,0.02012603188145423,0.0007990340566070842,0.019326997824847147,1
270,Park County,WY,56029,2015-02-28,229095.787475219,2015,2,Park,56363.0,221300.0,692.0,875.0,13823.0,8514.0,11822.0,28985.0,183.38,4.064648572205507,0.09225889848492419,0.0633002966071041,0.7201827102013195,0.025866505896121383,0.0007990340566070842,0.0250674718395143,1
270,Park County,WY,56029,2015-03-31,230975.18892588076,2015,3,Park,56363.0,221300.0,692.0,875.0,13823.0,8514.0,11822.0,28985.0,183.38,4.097993167962684,0.09150820526780698,0.0633002966071041,0.7201827102013195,0.03386277201127008,0.0007990340566070842,0.033063737954663,1
270,Park County,WY,56029,2015-04-30,233086.52671999863,2015,4,Park,56363.0,221300.0,692.0,875.0,13823.0,8514.0,11822.0,28985.0,183.38,4.135452809822022,0.09067930822698442,0.0633002966071041,0.7201827102013195,0.04353705277124709,0.0007990340566070842,0.04273801871464,1
270,Park County,WY,56029,2015-05-31,235004.6944131144,2015,5,Park,56363.0,221300.0,692.0,875.0,13823.0,8514.0,11822.0,28985.0,183.38,4.169485201517208,0.08993916080180438,0.0633002966071041,0.7201827102013195,0.050357260598686615,0.0007990340566070842,0.04955822654207953,1
270,Park County,WY,56029,2015-06-30,236631.81874570853,2015,6,Park,56363.0,221300.0,692.0,875.0,13823.0,8514.0,11822.0,28985.0,183.38,4.198353862386823,0.0893207224287681,0.0633002966071041,0.7201827102013195,0.0558565506527704,0.0007990340566070842,0.055057516596163314,1
270,Park County,WY,56029,2015-07-31,238413.96798350892,2015,7,Park,56363.0,221300.0,692.0,875.0,13823.0,8514.0,11822.0,28985.0,183.38,4.229972996176728,0.08865304822015287,0.0633002966071041,0.7201827102013195,0.06058329233811799,0.0007990340566070842,0.059784258281510905,1
270,Park County,WY,56029,2015-08-31,240412.1307303103,2015,8,Park,56363.0,221300.0,692.0,875.0,13823.0,8514.0,11822.0,28985.0,183.38,4.265424670977597,0.08791621677239779,0.0633002966071041,0.7201827102013195,0.06669105340006132,0.0007990340566070842,0.06589201934345423,1
270,Park County,WY,56029,2015-09-30,242658.9660344941,2015,9,Park,56363.0,221300.0,692.0,875.0,13823.0,8514.0,11822.0,28985.0,183.38,4.305288328060858,0.08710218025488284,0.0633002966071041,0.7201827102013195,0.0733434924384544,0.0007990340566070842,0.07254445838184731,1
270,Park County,WY,56029,2015-10-31,244567.03041676444,2015,10,Park,56363.0,221300.0,692.0,875.0,13823.0,8514.0,11822.0,28985.0,183.38,4.339141465443011,0.08642262599329974,0.0633002966071041,0.7201827102013195,0.08022362470870426,0.0007990340566070842,0.07942459065209717,1
270,Park County,WY,56029,2015-11-30,245904.94122463945,2015,11,Park,56363.0,221300.0,692.0,875.0,13823.0,8514.0,11822.0,28985.0,183.38,4.362878860682353,0.08595242086124529,0.0633002966071041,0.7201827102013195,0.0853976078489509,0.0007990340566070842,0.08459857379234381,1
270,Park County,WY,56029,2015-12-31,246432.6591597253,2015,12,Park,56363.0,221300.0,692.0,875.0,13823.0,8514.0,11822.0,28985.0,183.38,4.3722417039498485,0.0857683598921871,0.0633002966071041,0.7201827102013195,0.08619745312033733,0.0007990340566070842,0.08539841906373025,1
270,Park County,WY,56029,2016-01-31,246871.00816666288,2016,1,Park,61185.0,231100.0,723.0,921.0,13931.0,8512.0,11826.0,29083.0,192.88,4.034828931382902,0.09294074330716966,0.06611154978106382,0.719769998308811,0.08437033657062343,0.08555257881943823,-0.0011822422488148021,1
270,Park County,WY,56029,2016-02-29,247362.06249764035,2016,2,Park,61185.0,231100.0,723.0,921.0,13931.0,8512.0,11826.0,29083.0,192.88,4.042854662051816,0.0927562406632944,0.06611154978106382,0.719769998308811,0.07973204232049524,0.08555257881943823,-0.005820536498942985,1
270,Park County,WY,56029,2016-03-31,247924.847249378,2016,3,Park,61185.0,231100.0,723.0,921.0,13931.0,8512.0,11826.0,29083.0,192.88,4.052052745760856,0.09254568573726352,0.06611154978106382,0.719769998308811,0.07338302612639636,0.08555257881943823,-0.012169552693041874,1
270,Park County,WY,56029,2016-04-30,248075.9280190027,2016,4,Park,61185.0,231100.0,723.0,921.0,13931.0,8512.0,11826.0,29083.0,192.88,4.0545219909945684,0.09248932447102426,0.06611154978106382,0.719769998308811,0.06430831292539918,0.08555257881943823,-0.02124426589403905,1
270,Park County,WY,56029,2016-05-31,248564.97145832225,2016,5,Park,61185.0,231100.0,723.0,921.0,13931.0,8512.0,11826.0,29083.0,192.88,4.06251485590132,0.09230735475471918,0.06611154978106382,0.719769998308811,0.05770215390408451,0.08555257881943823,-0.027850424915353722,1
270,Park County,WY,56029,2016-06-30,249761.2918352099,2016,6,Park,61185.0,231100.0,723.0,921.0,13931.0,8512.0,11826.0,29083.0,192.88,4.082067366759989,0.09186521590839014,0.06611154978106382,0.719769998308811,0.05548481670426031,0.08555257881943823,-0.03006776211517792,1
270,Park County,WY,56029,2016-07-31,251015.7151682012,2016,7,Park,61185.0,231100.0,723.0,921.0,13931.0,8512.0,11826.0,29083.0,192.88,4.102569505078061,0.09140612963067025,0.06611154978106382,0.719769998308811,0.05285658089279366,0.08555257881943823,-0.03269599792664457,1
270,Park County,WY,56029,2016-08-31,251727.98704744736,2016,8,Park,61185.0,231100.0,723.0,921.0,13931.0,8512.0,11826.0,29083.0,192.88,4.114210787733061,0.09114749324903348,0.06611154978106382,0.719769998308811,0.04706857462958447,0.08555257881943823,-0.03848400418985376,1
270,Park County,WY,56029,2016-09-30,251703.89801234344,2016,9,Park,61185.0,231100.0,723.0,921.0,13931.0,8512.0,11826.0,29083.0,192.88,4.113817079551254,0.09115621641614313,0.06611154978106382,0.719769998308811,0.037274254175152066,0.08555257881943823,-0.048278324644286164,1
270,Park County,WY,56029,2016-10-31,251698.2484856162,2016,10,Park,61185.0,231100.0,723.0,921.0,13931.0,8512.0,11826.0,29083.0,192.88,4.113724744391864,0.09115826247520034,0.06611154978106382,0.719769998308811,0.029158542166127344,0.08555257881943823,-0.056394036653310886,1
270,Park County,WY,56029,2016-11-30,252020.91190917877,2016,11,Park,61185.0,231100.0,723.0,921.0,13931.0,8512.0,11826.0,29083.0,192.88,4.118998315096491,0.0910415521719424,0.06611154978106382,0.719769998308811,0.024871280154359576,0.08555257881943823,-0.06068129866507865,1
270,Park County,WY,56029,2016-12-31,252771.91418393183,2016,12,Park,61185.0,231100.0,723.0,921.0,13931.0,8512.0,11826.0,29083.0,192.88,4.131272602499498,0.09077106162714071,0.06611154978106382,0.719769998308811,0.02572408643327484,0.08555257881943823,-0.05982849238616339,1
270,Park County,WY,56029,2017-01-31,253737.97372089475,2017,1,Park,60828.0,236200.0,759.0,970.0,14192.0,8534.0,11811.0,29276.0,197.08,4.171400896312467,0.08989785669641612,0.06834836527621195,0.7225467784268902,0.027816006444936425,-0.005834763422407407,0.03365076986734383,1
270,Park County,WY,56029,2017-02-28,254302.0498817741,2017,2,Park,60828.0,236200.0,759.0,970.0,14192.0,8534.0,11811.0,29276.0,197.08,4.180674194150294,0.08969845115524895,0.06834836527621195,0.7225467784268902,0.028055989322129493,-0.005834763422407407,0.0338907527445369,1
270,Park County,WY,56029,2017-03-31,254604.4393962073,2017,3,Park,60828.0,236200.0,759.0,970.0,14192.0,8534.0,11811.0,29276.0,197.08,4.185645416522116,0.08959191777682644,0.06834836527621195,0.7225467784268902,0.02694200367948829,-0.005834763422407407,0.0327767671018957,1
270,Park County,WY,56029,2017-04-30,255182.7199089023,2017,4,Park,60828.0,236200.0,759.0,970.0,14192.0,8534.0,11811.0,29276.0,197.08,4.195152231026868,0.08938888968713524,0.06834836527621195,0.7225467784268902,0.028647648107781087,-0.005834763422407407,0.034482411530188495,1
270,Park County,WY,56029,2017-05-31,255955.1894346359,2017,5,Park,60828.0,236200.0,759.0,970.0,14192.0,8534.0,11811.0,29276.0,197.08,4.20785147357526,0.08911911514818179,0.06834836527621195,0.7225467784268902,0.02973153430652542,-0.005834763422407407,0.03556629772893283,1
270,Park County,WY,56029,2017-06-30,256649.1454473223,2017,6,Park,60828.0,236200.0,759.0,970.0,14192.0,8534.0,11811.0,29276.0,197.08,4.21925996987115,0.08887814514341288,0.06834836527621195,0.7225467784268902,0.027577746581551654,-0.005834763422407407,0.03341251000395906,1
270,Park County,WY,56029,2017-07-31,256305.7477639888,2017,7,Park,60828.0,236200.0,759.0,970.0,14192.0,8534.0,11811.0,29276.0,197.08,4.213614581508332,0.08899722381959353,0.06834836527621195,0.7225467784268902,0.021074507595043812,-0.005834763422407407,0.02690927101745122,1
270,Park County,WY,56029,2017-08-31,255621.65349877812,2017,8,Park,60828.0,236200.0,759.0,970.0,14192.0,8534.0,11811.0,29276.0,197.08,4.202368210343561,0.08923539804936373,0.06834836527621195,0.7225467784268902,0.015467753494556202,-0.005834763422407407,0.02130251691696361,1
270,Park County,WY,56029,2017-09-30,255084.9608831624,2017,9,Park,60828.0,236200.0,759.0,970.0,14192.0,8534.0,11811.0,29276.0,197.08,4.193545092443651,0.08942314717819833,0.06834836527621195,0.7225467784268902,0.013432699682120797,-0.005834763422407407,0.019267463104528204,1
270,Park County,WY,56029,2017-10-31,255474.8916281625,2017,10,Park,60828.0,236200.0,759.0,970.0,14192.0,8534.0,11811.0,29276.0,197.08,4.199955474915541,0.08928666083240824,0.06834836527621195,0.7225467784268902,0.015004646100118313,-0.005834763422407407,0.02083940952252572,1
270,Park County,WY,56029,2017-11-30,256592.69490686897,2017,11,Park,60828.0,236200.0,759.0,970.0,14192.0,8534.0,11811.0,29276.0,197.08,4.218331934419494,0.0888976983864608,0.06834836527621195,0.7225467784268902,0.018140490656337827,-0.005834763422407407,0.023975254078745234,1
270,Park County,WY,56029,2017-12-31,257780.8693176148,2017,12,Park,60828.0,236200.0,759.0,970.0,14192.0,8534.0,11811.0,29276.0,197.08,4.237865281081325,0.08848794738097851,0.06834836527621195,0.7225467784268902,0.01981610634968778,-0.005834763422407407,0.025650869772095186,1
270,Park County,WY,56029,2018-01-31,258764.96250502105,2018,1,Park,62666.0,254800.0,822.0,1011.0,14324.0,8591.0,11977.0,29121.0,205.11,4.129272053506225,0.09081503837500415,0.07058084333984921,0.7172914753277114,0.01981173219920107,0.030216347734595805,-0.010404615535394734,1
270,Park County,WY,56029,2018-02-28,259413.1771662779,2018,2,Park,62666.0,254800.0,822.0,1011.0,14324.0,8591.0,11977.0,29121.0,205.11,4.139616014525865,0.09058811220270896,0.07058084333984921,0.7172914753277114,0.02009864759989144,0.030216347734595805,-0.010117700134704366,1
270,Park County,WY,56029,2018-03-31,260363.0795946042,2018,3,Park,62666.0,254800.0,822.0,1011.0,14324.0,8591.0,11977.0,29121.0,205.11,4.154774193256379,0.09025761270219286,0.07058084333984921,0.7172914753277114,0.0226179881704085,0.030216347734595805,-0.007598359564187307,1
270,Park County,WY,56029,2018-04-30,261417.828808506,2018,4,Park,62666.0,254800.0,822.0,1011.0,14324.0,8591.0,11977.0,29121.0,205.11,4.171605476789742,0.08989344799896587,0.07058084333984921,0.7172914753277114,0.02443389937151519,0.030216347734595805,-0.005782448363080617,1
270,Park County,WY,56029,2018-05-31,262285.0859491808,2018,5,Park,62666.0,254800.0,822.0,1011.0,14324.0,8591.0,11977.0,29121.0,205.11,4.185444833708563,0.08959621137037584,0.07058084333984921,0.7172914753277114,0.02473048711583714,0.030216347734595805,-0.0054858606187586645,1
270,Park County,WY,56029,2018-06-30,262765.0854870827,2018,6,Park,62666.0,254800.0,822.0,1011.0,14324.0,8591.0,11977.0,29121.0,205.11,4.193104482288366,0.08943254373555358,0.07058084333984921,0.7172914753277114,0.023829964557648298,0.030216347734595805,-0.006386383176947508,1
270,Park County,WY,56029,2018-07-31,263950.3559746009,2018,7,Park,62666.0,254800.0,822.0,1011.0,14324.0,8591.0,11977.0,29121.0,205.11,4.212018574260378,0.08903094641880803,0.07058084333984921,0.7172914753277114,0.029826128665875196,0.030216347734595805,-0.00039021906872060974,1
270,Park County,WY,56029,2018-08-31,265542.98829238256,2018,8,Park,62666.0,254800.0,822.0,1011.0,14324.0,8591.0,11977.0,29121.0,205.11,4.237433190125149,0.0884969704947548,0.07058084333984921,0.7172914753277114,0.0388125757650335,0.030216347734595805,0.008596228030437691,1
270,Park County,WY,56029,2018-09-30,267250.83214686834,2018,9,Park,62666.0,254800.0,822.0,1011.0,14324.0,8591.0,11977.0,29121.0,205.11,4.264686307517128,0.08793143808467416,0.07058084333984921,0.7172914753277114,0.04769340858663296,0.030216347734595805,0.017477060852037152,1
270,Park County,WY,56029,2018-10-31,267912.03316120274,2018,10,Park,62666.0,254800.0,822.0,1011.0,14324.0,8591.0,11977.0,29121.0,205.11,4.275237499779829,0.08771442522650781,0.07058084333984921,0.7172914753277114,0.04868244176082159,0.030216347734595805,0.018466094026225788,1
270,Park County,WY,56029,2018-11-30,268173.3797244853,2018,11,Park,62666.0,254800.0,822.0,1011.0,14324.0,8591.0,11977.0,29121.0,205.11,4.27940796802868,0.08762894372343394,0.07058084333984921,0.7172914753277114,0.04513255851582043,0.030216347734595805,0.014916210781224626,1
270,Park County,WY,56029,2018-12-31,268357.6802685244,2018,12,Park,62666.0,254800.0,822.0,1011.0,14324.0,8591.0,11977.0,29121.0,205.11,4.282348965444171,0.08756876261743524,0.07058084333984921,0.7172914753277114,0.041030240059737544,0.030216347734595805,0.010813892325141738,1
270,Park County,WY,56029,2019-01-31,268767.5776139916,2019,1,Park,63582.0,268500.0,882.0,1084.0,14452.0,8897.0,12160.0,29148.0,210.83,4.227101657921922,0.08871326746950133,0.07500691945751453,0.7316611842105263,0.03865521441596442,0.014617176778476404,0.02403803763748802,1
270,Park County,WY,56029,2019-02-28,269567.60037320544,2019,2,Park,63582.0,268500.0,882.0,1084.0,14452.0,8897.0,12160.0,29148.0,210.83,4.239684193218292,0.08844998422284422,0.07500691945751453,0.7316611842105263,0.039143821905464726,0.014617176778476404,0.024526645126988322,1
270,Park County,WY,56029,2019-03-31,270874.32323802233,2019,3,Park,63582.0,268500.0,882.0,1084.0,14452.0,8897.0,12160.0,29148.0,210.83,4.260235966751948,0.08802329329328305,0.07500691945751453,0.7316611842105263,0.04037148300667104,0.014617176778476404,0.025754306228194634,1
270,Park County,WY,56029,2019-04-30,272760.14936489443,2019,4,Park,63582.0,268500.0,882.0,1084.0,14452.0,8897.0,12160.0,29148.0,210.83,4.289895715216483,0.08741471235998942,0.07500691945751453,0.7316611842105263,0.043387708512784506,0.014617176778476404,0.028770531734308102,1
270,Park County,WY,56029,2019-05-31,274142.76206591615,2019,5,Park,63582.0,268500.0,882.0,1084.0,14452.0,8897.0,12160.0,29148.0,210.83,4.311641062972479,0.08697384465057303,0.07500691945751453,0.7316611842105263,0.045209113106159604,0.014617176778476404,0.0305919363276832,1
270,Park County,WY,56029,2019-06-30,275556.76178651163,2019,6,Park,63582.0,268500.0,882.0,1084.0,14452.0,8897.0,12160.0,29148.0,210.83,4.333880057036765,0.08652754461700571,0.07500691945751453,0.7316611842105263,0.04868103490887021,0.014617176778476404,0.03406385813039381,1
270,Park County,WY,56029,2019-07-31,276815.9160028925,2019,7,Park,63582.0,268500.0,882.0,1084.0,14452.0,8897.0,12160.0,29148.0,210.83,4.353683684107019,0.08613395625615276,0.07500691945751453,0.7316611842105263,0.048742347706966616,0.014617176778476404,0.03412517092849021,1
270,Park County,WY,56029,2019-08-31,278725.13259560044,2019,8,Park,63582.0,268500.0,882.0,1084.0,14452.0,8897.0,12160.0,29148.0,210.83,4.383711311308239,0.08554395428199127,0.07500691945751453,0.7316611842105263,0.04964222323469292,0.014617176778476404,0.03502504645621651,1
270,Park County,WY,56029,2019-09-30,279808.5628682602,2019,9,Park,63582.0,268500.0,882.0,1084.0,14452.0,8897.0,12160.0,29148.0,210.83,4.400751201098742,0.08521272456992643,0.07500691945751453,0.7316611842105263,0.04698855610855768,0.014617176778476404,0.032371379330081274,1
270,Park County,WY,56029,2019-10-31,280724.5693092625,2019,10,Park,63582.0,268500.0,882.0,1084.0,14452.0,8897.0,12160.0,29148.0,210.83,4.415157895461962,0.08493467479055204,0.07500691945751453,0.7316611842105263,0.047823668078210035,0.014617176778476404,0.03320649129973363,1
270,Park County,WY,56029,2019-11-30,281618.86816897703,2019,11,Park,63582.0,268500.0,882.0,1084.0,14452.0,8897.0,12160.0,29148.0,210.83,4.429223179028295,0.08466495925867283,0.07500691945751453,0.7316611842105263,0.050137297215351095,0.014617176778476404,0.03552012043687469,1
270,Park County,WY,56029,2019-12-31,283309.6208583741,2019,12,Park,63582.0,268500.0,882.0,1084.0,14452.0,8897.0,12160.0,29148.0,210.83,4.455814866760626,0.0841596904748928,0.07500691945751453,0.7316611842105263,0.05571646235311212,0.014617176778476404,0.04109928557463571,1
270,Park County,WY,56029,2020-01-31,284997.3767271287,2020,1,Park,63684.0,280400.0,914.0,1009.0,14569.0,9243.0,12575.0,29273.0,223.1,4.475180213666364,0.08379550813502887,0.06925664081268447,0.7350298210735586,0.06038600063749722,0.0016042276115881826,0.058781773025909034,1
270,Park County,WY,56029,2020-02-29,286408.880994638,2020,2,Park,63684.0,280400.0,914.0,1009.0,14569.0,9243.0,12575.0,29273.0,223.1,4.497344403533667,0.0833825400841781,0.06925664081268447,0.7350298210735586,0.062475166147995864,0.0016042276115881826,0.06087093853640768,1
270,Park County,WY,56029,2020-03-31,287818.31898107374,2020,3,Park,63684.0,280400.0,914.0,1009.0,14569.0,9243.0,12575.0,29273.0,223.1,4.519476147557844,0.08297421819620311,0.06925664081268447,0.7350298210735586,0.06255297859355391,0.0016042276115881826,0.06094875098196573,1
270,Park County,WY,56029,2020-04-30,289240.62656800414,2020,4,Park,63684.0,280400.0,914.0,1009.0,14569.0,9243.0,12575.0,29273.0,223.1,4.541809976885939,0.08256620200062095,0.06925664081268447,0.7350298210735586,0.06042113278454897,0.0016042276115881826,0.05881690517296079,1
270,Park County,WY,56029,2020-05-31,290691.54644184944,2020,5,Park,63684.0,280400.0,914.0,1009.0,14569.0,9243.0,12575.0,29273.0,223.1,4.564593091543393,0.08215409182797583,0.06925664081268447,0.7350298210735586,0.060365571030302156,0.0016042276115881826,0.058761343418713974,1
270,Park County,WY,56029,2020-06-30,291982.2953209451,2020,6,Park,63684.0,280400.0,914.0,1009.0,14569.0,9243.0,12575.0,29273.0,223.1,4.584861116150761,0.08179091808888482,0.06925664081268447,0.7350298210735586,0.059608530118956615,0.0016042276115881826,0.05800430250736843,1
270,Park County,WY,56029,2020-07-31,293520.026535572,2020,7,Park,63684.0,280400.0,914.0,1009.0,14569.0,9243.0,12575.0,29273.0,223.1,4.609007388599523,0.08136242109907882,0.06925664081268447,0.7350298210735586,0.06034375036623607,0.0016042276115881826,0.05873952275464789,1
270,Park County,WY,56029,2020-08-31,295719.0296865501,2020,8,Park,63684.0,280400.0,914.0,1009.0,14569.0,9243.0,12575.0,29273.0,223.1,4.6435373042922885,0.08075740010818175,0.06925664081268447,0.7350298210735586,0.06097009240858786,0.0016042276115881826,0.05936586479699968,1
270,Park County,WY,56029,2020-09-30,298588.91882633214,2020,9,Park,63684.0,280400.0,914.0,1009.0,14569.0,9243.0,12575.0,29273.0,223.1,4.688601828188118,0.07998119988468214,0.06925664081268447,0.7350298210735586,0.06711858910091384,0.0016042276115881826,0.06551436148932566,1
270,Park County,WY,56029,2020-10-31,301667.5467113556,2020,10,Park,63684.0,280400.0,914.0,1009.0,14569.0,9243.0,12575.0,29273.0,223.1,4.736944078753778,0.07916496242418321,0.06925664081268447,0.7350298210735586,0.0746032933762244,0.0016042276115881826,0.07299906576463622,1
270,Park County,WY,56029,2020-11-30,305315.735552531,2020,11,Park,63684.0,280400.0,914.0,1009.0,14569.0,9243.0,12575.0,29273.0,223.1,4.794229878031076,0.07821902777720106,0.06925664081268447,0.7350298210735586,0.08414516945411266,0.0016042276115881826,0.08254094184252447,1
270,Park County,WY,56029,2020-12-31,309044.8253592341,2020,12,Park,63684.0,280400.0,914.0,1009.0,14569.0,9243.0,12575.0,29273.0,223.1,4.852786027247568,0.07727519777184463,0.06925664081268447,0.7350298210735586,0.09083773584139943,0.0016042276115881826,0.08923350822981124,1
270,Park County,WY,56029,2021-01-31,312839.46074636985,2021,1,Park,62586.0,290600.0,874.0,955.0,14466.0,9070.0,12607.0,29664.0,258.91,4.998553362515096,0.07502170584237058,0.06601686713673441,0.7194415800745617,0.09769242208112883,-0.017241379310344862,0.11493380139147369,1
270,Park County,WY,56029,2021-02-28,316532.05820801546,2021,2,Park,62586.0,290600.0,874.0,955.0,14466.0,9070.0,12607.0,29664.0,258.91,5.0575537373856045,0.0741465181532304,0.06601686713673441,0.7194415800745617,0.10517542999632545,-0.017241379310344862,0.12241680930667032,1
270,Park County,WY,56029,2021-03-31,320302.8737120226,2021,3,Park,62586.0,290600.0,874.0,955.0,14466.0,9070.0,12607.0,29664.0,258.91,5.117803881251759,0.07327361671160385,0.06601686713673441,0.7194415800745617,0.11286479208811229,-0.017241379310344862,0.13010617139845715,1
270,Park County,WY,56029,2021-04-30,324727.1269793227,2021,4,Park,62586.0,290600.0,874.0,955.0,14466.0,9070.0,12607.0,29664.0,258.91,5.188494663012857,0.07227529839690436,0.06601686713673441,0.7194415800745617,0.1226885062184555,-0.017241379310344862,0.13992988552880037,1
270,Park County,WY,56029,2021-05-31,329901.0603923029,2021,5,Park,62586.0,290600.0,874.0,955.0,14466.0,9070.0,12607.0,29664.0,258.91,5.271163844826366,0.07114178406122995,0.06601686713673441,0.7194415800745617,0.13488357136762152,-0.017241379310344862,0.1521249506779664,1
270,Park County,WY,56029,2021-06-30,335619.3050164251,2021,6,Park,62586.0,290600.0,874.0,955.0,14466.0,9070.0,12607.0,29664.0,258.91,5.3625300389292345,0.06992967820743028,0.06601686713673441,0.7194415800745617,0.1494508756002293,-0.017241379310344862,0.16669225491057416,1
270,Park County,WY,56029,2021-07-31,341259.6224377656,2021,7,Park,62586.0,290600.0,874.0,955.0,14466.0,9070.0,12607.0,29664.0,258.91,5.45265111107541,0.06877388491596337,0.06601686713673441,0.7194415800745617,0.16264510624936168,-0.017241379310344862,0.17988648555970654,1
270,Park County,WY,56029,2021-08-31,346013.62596222566,2021,8,Park,62586.0,290600.0,874.0,955.0,14466.0,9070.0,12607.0,29664.0,258.91,5.528610647145139,0.06782897619922688,0.06601686713673441,0.7194415800745617,0.17007561646940927,-0.017241379310344862,0.18731699577975414,1
270,Park County,WY,56029,2021-09-30,349647.8317854645,2021,9,Park,62586.0,290600.0,874.0,955.0,14466.0,9070.0,12607.0,29664.0,258.91,5.586678039584963,0.06712396836597709,0.06601686713673441,0.7194415800745617,0.17100069607348578,-0.017241379310344862,0.18824207538383064,1
270,Park County,WY,56029,2021-10-31,353054.26277905627,2021,10,Park,62586.0,290600.0,874.0,955.0,14466.0,9070.0,12607.0,29664.0,258.91,5.641106042550351,0.06647632524037113,0.06601686713673441,0.7194415800745617,0.1703422082616961,-0.017241379310344862,0.18758358757204097,1
270,Park County,WY,56029,2021-11-30,356541.36121004703,2021,11,Park,62586.0,290600.0,874.0,955.0,14466.0,9070.0,12607.0,29664.0,258.91,5.696822950980204,0.06582616367522479,0.06601686713673441,0.7194415800745617,0.16777918624080357,-0.017241379310344862,0.18502056555114843,1
270,Park County,WY,56029,2021-12-31,360501.6377808948,2021,12,Park,62586.0,290600.0,874.0,955.0,14466.0,9070.0,12607.0,29664.0,258.91,5.76010030647261,0.06510303294173773,0.06601686713673441,0.7194415800745617,0.16650274717218516,-0.017241379310344862,0.18374412648253002,1
270,Park County,WY,56029,2022-01-31,365349.2765211111,2022,1,Park,66754.0,329500.0,877.0,893.0,14622.0,9599.0,13050.0,29878.0,309.24,5.47306942686747,0.06851731099172856,0.061072356722746544,0.7355555555555555,0.16784908032210422,0.06659636340395614,0.10125271691814808,1
270,Park County,WY,56029,2022-02-28,370030.4709589482,2022,2,Park,66754.0,329500.0,877.0,893.0,14622.0,9599.0,13050.0,29878.0,309.24,5.54319547830764,0.06765050979484653,0.061072356722746544,0.7355555555555555,0.1690142005009021,0.06659636340395614,0.10241783709694596,1
270,Park County,WY,56029,2022-03-31,376287.0660708002,2022,3,Park,66754.0,329500.0,877.0,893.0,14622.0,9599.0,13050.0,29878.0,309.24,5.63692162373491,0.06652567217202722,0.061072356722746544,0.7355555555555555,0.1747851703919201,0.06659636340395614,0.10818880698796396,1
270,Park County,WY,56029,2022-04-30,382315.0676880819,2022,4,Park,66754.0,329500.0,877.0,893.0,14622.0,9599.0,13050.0,29878.0,309.24,5.727223352729153,0.06547675494815544,0.061072356722746544,0.7355555555555555,0.1773425621827589,0.06659636340395614,0.11074619877880276,1
270,Park County,WY,56029,2022-05-31,388123.0981970545,2022,5,Park,66754.0,329500.0,877.0,893.0,14622.0,9599.0,13050.0,29878.0,309.24,5.814229831876061,0.06449693439087871,0.061072356722746544,0.7355555555555555,0.1764833302915627,0.06659636340395614,0.10988696688760657,1
270,Park County,WY,56029,2022-06-30,392378.5523017961,2022,6,Park,66754.0,329500.0,877.0,893.0,14622.0,9599.0,13050.0,29878.0,309.24,5.877978133172485,0.06379744726910094,0.061072356722746544,0.7355555555555555,0.16911794535357028,0.06659636340395614,0.10252158194961414,1
270,Park County,WY,56029,2022-07-31,394865.5708175328,2022,7,Park,66754.0,329500.0,877.0,893.0,14622.0,9599.0,13050.0,29878.0,309.24,5.915234604930532,0.06339562587888328,0.061072356722746544,0.7355555555555555,0.1570825988636939,0.06659636340395614,0.09048623545973777,1
270,Park County,WY,56029,2022-08-31,396190.3071802786,2022,8,Park,66754.0,329500.0,877.0,893.0,14622.0,9599.0,13050.0,29878.0,309.24,5.9350796533582795,0.06318365075147923,0.061072356722746544,0.7355555555555555,0.14501359904112765,0.06659636340395614,0.07841723563717151,1
270,Park County,WY,56029,2022-09-30,397276.4885471836,2022,9,Park,66754.0,329500.0,877.0,893.0,14622.0,9599.0,13050.0,29878.0,309.24,5.951351058321353,0.06301090228506417,0.061072356722746544,0.7355555555555555,0.13621893926384443,0.06659636340395614,0.06962257585988829,1
270,Park County,WY,56029,2022-10-31,399896.2673217547,2022,10,Park,66754.0,329500.0,877.0,893.0,14622.0,9599.0,13050.0,29878.0,309.24,5.9905963286358075,0.06259810867366453,0.061072356722746544,0.7355555555555555,0.13267650183284285,0.06659636340395614,0.06608013842888671,1
270,Park County,WY,56029,2022-11-30,402993.9120939263,2022,11,Park,66754.0,329500.0,877.0,893.0,14622.0,9599.0,13050.0,29878.0,309.24,6.037000211132311,0.06211694333031409,0.061072356722746544,0.7355555555555555,0.13028656963171503,0.06659636340395614,0.0636902062277589,1
270,Park County,WY,56029,2022-12-31,404994.2048730816,2022,12,Park,66754.0,329500.0,877.0,893.0,14622.0,9599.0,13050.0,29878.0,309.24,6.066965348489703,0.06181014369784586,0.061072356722746544,0.7355555555555555,0.12341848809915357,0.06659636340395614,0.05682212469519743,1
270,Park County,WY,56029,2023-01-31,404616.8207176777,2023,1,Park,70533.0,374200.0,933.0,1080.0,14813.0,9842.0,13179.0,30109.0,338.93,5.736560485413603,0.06537018147956694,0.07290893134408966,0.7467941421959178,0.107479463406841,0.056610839799862145,0.05086862360697886,1
270,Park County,WY,56029,2023-02-28,403547.251828457,2023,2,Park,70533.0,374200.0,933.0,1080.0,14813.0,9842.0,13179.0,30109.0,338.93,5.721396393581118,0.06554343978346187,0.07290893134408966,0.7467941421959178,0.09057843475065375,0.056610839799862145,0.0339675949507916,1
270,Park County,WY,56029,2023-03-31,403416.7186923283,2023,3,Park,70533.0,374200.0,933.0,1080.0,14813.0,9842.0,13179.0,30109.0,338.93,5.71954572600525,0.0655646476074096,0.07290893134408966,0.7467941421959178,0.07209828630257409,0.056610839799862145,0.015487446502711943,1
270,Park County,WY,56029,2023-04-30,404868.3908328021,2023,4,Park,70533.0,374200.0,933.0,1080.0,14813.0,9842.0,13179.0,30109.0,338.93,5.740127186321327,0.06532956288732099,0.07290893134408966,0.7467941421959178,0.05899145770294556,0.056610839799862145,0.002380617903083415,1
270,Park County,WY,56029,2023-05-31,407654.8719465379,2023,5,Park,70533.0,374200.0,933.0,1080.0,14813.0,9842.0,13179.0,30109.0,338.93,5.779633248926572,0.06488300967360638,0.07290893134408966,0.7467941421959178,0.05032365721136989,0.056610839799862145,-0.006287182588492257,1
270,Park County,WY,56029,2023-06-30,410287.4888567648,2023,6,Park,70533.0,374200.0,933.0,1080.0,14813.0,9842.0,13179.0,30109.0,338.93,5.816957861664253,0.06446668669741937,0.07290893134408966,0.7467941421959178,0.045641986418243796,0.056610839799862145,-0.010968853381618349,1
270,Park County,WY,56029,2023-07-31,412899.49257549766,2023,7,Park,70533.0,374200.0,933.0,1080.0,14813.0,9842.0,13179.0,30109.0,338.93,5.853990225504341,0.06405887019869297,0.07290893134408966,0.7467941421959178,0.04567104121189214,0.056610839799862145,-0.010939798587970007,1
270,Park County,WY,56029,2023-08-31,416668.2174883517,2023,8,Park,70533.0,374200.0,933.0,1080.0,14813.0,9842.0,13179.0,30109.0,338.93,5.907422305705864,0.0634794637312106,0.07290893134408966,0.7467941421959178,0.05168705527860129,0.056610839799862145,-0.004923784521260854,1
270,Park County,WY,56029,2023-09-30,421857.3646135305,2023,9,Park,70533.0,374200.0,933.0,1080.0,14813.0,9842.0,13179.0,30109.0,338.93,5.9809927922182595,0.06269862095267935,0.07290893134408966,0.7467941421959178,0.06187347294635459,0.056610839799862145,0.005262633146492446,1
270,Park County,WY,56029,2023-10-31,426930.42807743634,2023,10,Park,70533.0,374200.0,933.0,1080.0,14813.0,9842.0,13179.0,30109.0,338.93,6.052917472352464,0.06195359538815194,0.07290893134408966,0.7467941421959178,0.06760293347256985,0.056610839799862145,0.010992093672707703,1
270,Park County,WY,56029,2023-11-30,430044.77373080375,2023,11,Park,70533.0,374200.0,933.0,1080.0,14813.0,9842.0,13179.0,30109.0,338.93,6.097071919963758,0.06150493301089829,0.07290893134408966,0.7467941421959178,0.06712474016374892,0.056610839799862145,0.010513900363886775,1
270,Park County,WY,56029,2023-12-31,430982.4091793469,2023,12,Park,70533.0,374200.0,933.0,1080.0,14813.0,9842.0,13179.0,30109.0,338.93,6.110365491037485,0.061371124288725376,0.07290893134408966,0.7467941421959178,0.06416932389047303,0.056610839799862145,0.007558484090610884,1
1328,Platte County,WY,56031,2014-01-31,154643.93172707252,2014,1,Platte,41299.0,147200.0,580.0,475.0,4678.0,2836.0,3690.0,8730.0,174.49,3.7444957923211826,0.10014699462849189,0.10153911928174433,0.7685636856368564,,,,0
1328,Platte County,WY,56031,2014-02-28,154965.57021021444,2014,2,Platte,41299.0,147200.0,580.0,475.0,4678.0,2836.0,3690.0,8730.0,174.49,3.7522838376283794,0.09993913473161392,0.10153911928174433,0.7685636856368564,,,,0
1328,Platte County,WY,56031,2014-03-31,154911.67996186946,2014,3,Platte,41299.0,147200.0,580.0,475.0,4678.0,2836.0,3690.0,8730.0,174.49,3.750978957405009,0.0999739012824085,0.10153911928174433,0.7685636856368564,,,,0
1328,Platte County,WY,56031,2014-04-30,154692.60497535506,2014,4,Platte,41299.0,147200.0,580.0,475.0,4678.0,2836.0,3690.0,8730.0,174.49,3.74567434987179,0.10011548388151675,0.10153911928174433,0.7685636856368564,,,,0
1328,Platte County,WY,56031,2014-05-31,154983.70840171174,2014,5,Platte,41299.0,147200.0,580.0,475.0,4678.0,2836.0,3690.0,8730.0,174.49,3.7527230296547556,0.09992743856572313,0.10153911928174433,0.7685636856368564,,,,0
1328,Platte County,WY,56031,2014-06-30,155733.74516192067,2014,6,Platte,41299.0,147200.0,580.0,475.0,4678.0,2836.0,3690.0,8730.0,174.49,3.7708841657648047,0.09944617323559263,0.10153911928174433,0.7685636856368564,,,,0
1328,Platte County,WY,56031,2014-07-31,156231.8420141218,2014,7,Platte,41299.0,147200.0,580.0,475.0,4678.0,2836.0,3690.0,8730.0,174.49,3.7829449142623743,0.09912911990501985,0.10153911928174433,0.7685636856368564,,,,0
1328,Platte County,WY,56031,2014-08-31,156078.41953521463,2014,8,Platte,41299.0,147200.0,580.0,475.0,4678.0,2836.0,3690.0,8730.0,174.49,3.7792299943149867,0.09922656217380374,0.10153911928174433,0.7685636856368564,,,,0
1328,Platte County,WY,56031,2014-09-30,155611.14162925383,2014,9,Platte,41299.0,147200.0,580.0,475.0,4678.0,2836.0,3690.0,8730.0,174.49,3.7679154853447745,0.09952452528687396,0.10153911928174433,0.7685636856368564,,,,0
1328,Platte County,WY,56031,2014-10-31,155081.79596495628,2014,10,Platte,41299.0,147200.0,580.0,475.0,4678.0,2836.0,3690.0,8730.0,174.49,3.755098088693583,0.09986423553864189,0.10153911928174433,0.7685636856368564,,,,0
1328,Platte County,WY,56031,2014-11-30,155096.56604569117,2014,11,Platte,41299.0,147200.0,580.0,475.0,4678.0,2836.0,3690.0,8730.0,174.49,3.755455726426576,0.09985472531633949,0.10153911928174433,0.7685636856368564,,,,0
1328,Platte County,WY,56031,2014-12-31,155546.68819202107,2014,12,Platte,41299.0,147200.0,580.0,475.0,4678.0,2836.0,3690.0,8730.0,174.49,3.7663548316429227,0.0995657649803593,0.10153911928174433,0.7685636856368564,,,,0
1328,Platte County,WY,56031,2015-01-31,156403.596332185,2015,1,Platte,38500.0,155500.0,592.0,433.0,4691.0,2893.0,3758.0,8750.0,176.58,4.062431073563247,0.0923092584734193,0.09230441270518014,0.7698243746673763,0.011378814451109998,-0.06777403811230298,0.07915285256341298,0
1328,Platte County,WY,56031,2015-02-28,157313.12512287134,2015,2,Platte,38500.0,155500.0,592.0,433.0,4691.0,2893.0,3758.0,8750.0,176.58,4.086055197996658,0.09177555902422899,0.09230441270518014,0.7698243746673763,0.015148880551159705,-0.06777403811230298,0.08292291866346269,0
1328,Platte County,WY,56031,2015-03-31,158053.82216377565,2015,3,Platte,38500.0,155500.0,592.0,433.0,4691.0,2893.0,3758.0,8750.0,176.58,4.105294082175991,0.09134546575558189,0.09230441270518014,0.7698243746673763,0.02028344281515504,-0.06777403811230298,0.08805748092745802,0
1328,Platte County,WY,56031,2015-04-30,158906.53590549497,2015,4,Platte,38500.0,155500.0,592.0,433.0,4691.0,2893.0,3758.0,8750.0,176.58,4.127442491051817,0.09085529375951083,0.09230441270518014,0.7698243746673763,0.027240674696836775,-0.06777403811230298,0.09501471280913976,0
1328,Platte County,WY,56031,2015-05-31,159982.53439727257,2015,5,Platte,38500.0,155500.0,592.0,433.0,4691.0,2893.0,3758.0,8750.0,176.58,4.155390503825261,0.09024422606125519,0.09230441270518014,0.7698243746673763,0.03225388040531363,-0.06777403811230298,0.10002791851761661,0
1328,Platte County,WY,56031,2015-06-30,161515.99356588334,2015,6,Platte,38500.0,155500.0,592.0,433.0,4691.0,2893.0,3758.0,8750.0,176.58,4.195220612100866,0.08938743267000897,0.09230441270518014,0.7698243746673763,0.037129065366987124,-0.06777403811230298,0.1049031034792901,0
1328,Platte County,WY,56031,2015-07-31,163483.6432076359,2015,7,Platte,38500.0,155500.0,592.0,433.0,4691.0,2893.0,3758.0,8750.0,176.58,4.24632839500353,0.0883115871210635,0.09230441270518014,0.7698243746673763,0.04641692180047796,-0.06777403811230298,0.11419095991278094,0
1328,Platte County,WY,56031,2015-08-31,165437.95875882436,2015,8,Platte,38500.0,155500.0,592.0,433.0,4691.0,2893.0,3758.0,8750.0,176.58,4.297089837891542,0.0872683639735123,0.09230441270518014,0.7698243746673763,0.059966901583713206,-0.06777403811230298,0.1277409396960162,0
1328,Platte County,WY,56031,2015-09-30,167528.25110565132,2015,9,Platte,38500.0,155500.0,592.0,433.0,4691.0,2893.0,3758.0,8750.0,176.58,4.351383145601333,0.08617949453131354,0.09230441270518014,0.7698243746673763,0.07658262352955547,-0.06777403811230298,0.14435666164185845,0
1328,Platte County,WY,56031,2015-10-31,169494.6900029806,2015,10,Platte,38500.0,155500.0,592.0,433.0,4691.0,2893.0,3758.0,8750.0,176.58,4.402459480596899,0.0851796596090775,0.09230441270518014,0.7698243746673763,0.09293736862114499,-0.06777403811230298,0.16071140673344797,0
1328,Platte County,WY,56031,2015-11-30,171085.02077048892,2015,11,Platte,38500.0,155500.0,592.0,433.0,4691.0,2893.0,3758.0,8750.0,176.58,4.443766773259452,0.08438786712583067,0.09230441270518014,0.7698243746673763,0.10308709684834394,-0.06777403811230298,0.17086113496064692,0
1328,Platte County,WY,56031,2015-12-31,171962.0713971364,2015,12,Platte,38500.0,155500.0,592.0,433.0,4691.0,2893.0,3758.0,8750.0,176.58,4.46654730901653,0.08395746738045178,0.09230441270518014,0.7698243746673763,0.10553347934255397,-0.06777403811230298,0.17330751745485695,0
1328,Platte County,WY,56031,2016-01-31,172608.61553865077,2016,1,Platte,41051.0,164000.0,632.0,367.0,4698.0,2776.0,3680.0,8740.0,191.46,4.204735951344688,0.08918514844673511,0.07811834823329077,0.7543478260869565,0.10361027231143716,0.06625974025974024,0.037350532051696916,0
1328,Platte County,WY,56031,2016-02-29,173308.36614088374,2016,2,Platte,41051.0,164000.0,632.0,367.0,4698.0,2776.0,3680.0,8740.0,191.46,4.221781835786795,0.08882505410896317,0.07811834823329077,0.7543478260869565,0.10167772717959234,0.06625974025974024,0.035417986919852096,0
1328,Platte County,WY,56031,2016-03-31,173553.14591719618,2016,3,Platte,41051.0,164000.0,632.0,367.0,4698.0,2776.0,3680.0,8740.0,191.46,4.227744657065508,0.08869977503804326,0.07811834823329077,0.7543478260869565,0.09806358075516886,0.06625974025974024,0.031803840495428615,0
1328,Platte County,WY,56031,2016-04-30,173224.57122970826,2016,4,Platte,41051.0,164000.0,632.0,367.0,4698.0,2776.0,3680.0,8740.0,191.46,4.219740596567886,0.0888680219596923,0.07811834823329077,0.7543478260869565,0.09010350167552916,0.06625974025974024,0.023843761415788922,0
1328,Platte County,WY,56031,2016-05-31,173357.47148755033,2016,5,Platte,41051.0,164000.0,632.0,367.0,4698.0,2776.0,3680.0,8740.0,191.46,4.222978039208553,0.08879989346813662,0.07811834823329077,0.7543478260869565,0.08360248286269045,0.06625974025974024,0.017342742602950212,0
1328,Platte County,WY,56031,2016-06-30,174344.0981162813,2016,6,Platte,41051.0,164000.0,632.0,367.0,4698.0,2776.0,3680.0,8740.0,191.46,4.247012207163803,0.0882973680573498,0.07811834823329077,0.7543478260869565,0.079423122547708,0.06625974025974024,0.013163382287967762,0
1328,Platte County,WY,56031,2016-07-31,174978.01874667642,2016,7,Platte,41051.0,164000.0,632.0,367.0,4698.0,2776.0,3680.0,8740.0,191.46,4.262454477276471,0.0879774791728941,0.07811834823329077,0.7543478260869565,0.07030902488784063,0.06625974025974024,0.004049284628100391,0
1328,Platte County,WY,56031,2016-08-31,174530.25913718969,2016,8,Platte,41051.0,164000.0,632.0,367.0,4698.0,2776.0,3680.0,8740.0,191.46,4.251547078930835,0.08820318651964776,0.07811834823329077,0.7543478260869565,0.05495897342169265,0.06625974025974024,-0.011300766838047593,0
1328,Platte County,WY,56031,2016-09-30,173351.87126773805,2016,9,Platte,41051.0,164000.0,632.0,367.0,4698.0,2776.0,3680.0,8740.0,191.46,4.22284161817588,0.08880276219357401,0.07811834823329077,0.7543478260869565,0.03476201848734206,0.06625974025974024,-0.03149772177239818,0
1328,Platte County,WY,56031,2016-10-31,172806.254409836,2016,10,Platte,41051.0,164000.0,632.0,367.0,4698.0,2776.0,3680.0,8740.0,191.46,4.209550422884607,0.0890831472076845,0.07811834823329077,0.7543478260869565,0.019537865208621774,0.06625974025974024,-0.04672187505111847,0
1328,Platte County,WY,56031,2016-11-30,172832.66243812224,2016,11,Platte,41051.0,164000.0,632.0,367.0,4698.0,2776.0,3680.0,8740.0,191.46,4.210193720935476,0.08906953571644145,0.07811834823329077,0.7543478260869565,0.010215047815189893,0.06625974025974024,-0.05604469244455035,0
1328,Platte County,WY,56031,2016-12-31,173560.76918440638,2016,12,Platte,41051.0,164000.0,632.0,367.0,4698.0,2776.0,3680.0,8740.0,191.46,4.227930359416491,0.08869587909952112,0.07811834823329077,0.7543478260869565,0.0092968046632671,0.06625974025974024,-0.05696293559647314,0
1328,Platte County,WY,56031,2017-01-31,174353.8308022947,2017,1,Platte,47380.0,169900.0,679.0,355.0,4799.0,2856.0,3740.0,8703.0,197.81,3.6799035627331085,0.10190484440887983,0.07397374453011044,0.7636363636363637,0.01011082360053539,0.15417407614918033,-0.14406325254864494,0
1328,Platte County,WY,56031,2017-02-28,174979.8389077473,2017,2,Platte,47380.0,169900.0,679.0,355.0,4799.0,2856.0,3740.0,8703.0,197.81,3.6931160596822985,0.1015402695013759,0.07397374453011044,0.7636363636363637,0.009644501324908905,0.15417407614918033,-0.14452957482427142,0
1328,Platte County,WY,56031,2017-03-31,175199.2285808516,2017,3,Platte,47380.0,169900.0,679.0,355.0,4799.0,2856.0,3740.0,8703.0,197.81,3.697746487565462,0.10141311776267661,0.07397374453011044,0.7636363636363637,0.009484602857275704,0.15417407614918033,-0.14468947329190462,0
1328,Platte County,WY,56031,2017-04-30,175485.74818397066,2017,4,Platte,47380.0,169900.0,679.0,355.0,4799.0,2856.0,3740.0,8703.0,197.81,3.70379375652112,0.10124753824095972,0.07397374453011044,0.7636363636363637,0.013053442350646094,0.15417407614918033,-0.14112063379853423,0
1328,Platte County,WY,56031,2017-05-31,175923.3662467714,2017,5,Platte,47380.0,169900.0,679.0,355.0,4799.0,2856.0,3740.0,8703.0,197.81,3.7130301022957237,0.10099567998873529,0.07397374453011044,0.7636363636363637,0.014801177804472765,0.15417407614918033,-0.13937289834470756,0
1328,Platte County,WY,56031,2017-06-30,176969.05495984326,2017,6,Platte,47380.0,169900.0,679.0,355.0,4799.0,2856.0,3740.0,8703.0,197.81,3.7351003579536357,0.10039890874724788,0.07397374453011044,0.7636363636363637,0.015056184131975625,0.15417407614918033,-0.1391178920172047,0
1328,Platte County,WY,56031,2017-07-31,178641.21082981516,2017,7,Platte,47380.0,169900.0,679.0,355.0,4799.0,2856.0,3740.0,8703.0,197.81,3.7703927992784965,0.09945913329554419,0.07397374453011044,0.7636363636363637,0.02093515579486649,0.15417407614918033,-0.13323892035431384,0
1328,Platte County,WY,56031,2017-08-31,180221.78181360872,2017,8,Platte,47380.0,169900.0,679.0,355.0,4799.0,2856.0,3740.0,8703.0,197.81,3.8037522544028857,0.09858686237147367,0.07397374453011044,0.7636363636363637,0.0326105209753067,0.15417407614918033,-0.12156355517387363,0
1328,Platte County,WY,56031,2017-09-30,181420.5939097183,2017,9,Platte,47380.0,169900.0,679.0,355.0,4799.0,2856.0,3740.0,8703.0,197.81,3.829054324814654,0.0979354086385682,0.07397374453011044,0.7636363636363637,0.04654534492747575,0.15417407614918033,-0.10762873122170458,0
1328,Platte County,WY,56031,2017-10-31,182076.01722839545,2017,10,Platte,47380.0,169900.0,679.0,355.0,4799.0,2856.0,3740.0,8703.0,197.81,3.8428876578386544,0.09758286824624747,0.07397374453011044,0.7636363636363637,0.05364251919131835,0.15417407614918033,-0.10053155695786198,0
1328,Platte County,WY,56031,2017-11-30,182988.463032726,2017,11,Platte,47380.0,169900.0,679.0,355.0,4799.0,2856.0,3740.0,8703.0,197.81,3.86214569507653,0.09709628522767814,0.07397374453011044,0.7636363636363637,0.058760887272911955,0.15417407614918033,-0.09541318887626837,0
1328,Platte County,WY,56031,2017-12-31,183911.82128909024,2017,12,Platte,47380.0,169900.0,679.0,355.0,4799.0,2856.0,3740.0,8703.0,197.81,3.8816340500019044,0.09660879803953079,0.07397374453011044,0.7636363636363637,0.05963935371642637,0.15417407614918033,-0.09453472243275396,0
1328,Platte County,WY,56031,2018-01-31,184865.53549246927,2018,1,Platte,47096.0,173700.0,746.0,327.0,4822.0,2904.0,3936.0,8673.0,200.09,3.92529164881241,0.0955343025564624,0.06781418498548321,0.7378048780487805,0.06028949660471827,-0.005994090333474089,0.06628358693819236,0
1328,Platte County,WY,56031,2018-02-28,185457.04341838823,2018,2,Platte,47096.0,173700.0,746.0,327.0,4822.0,2904.0,3936.0,8673.0,200.09,3.9378512701373416,0.09522959966614508,0.06781418498548321,0.7378048780487805,0.059876638223245404,-0.005994090333474089,0.0658707285567195,0
1328,Platte County,WY,56031,2018-03-31,186261.74872906544,2018,3,Platte,47096.0,173700.0,746.0,327.0,4822.0,2904.0,3936.0,8673.0,200.09,3.9549377596625073,0.09481817990278574,0.06781418498548321,0.7378048780487805,0.0631425163102739,-0.005994090333474089,0.06913660664374799,0
1328,Platte County,WY,56031,2018-04-30,186190.8076821391,2018,4,Platte,47096.0,173700.0,746.0,327.0,4822.0,2904.0,3936.0,8673.0,200.09,3.9534314523980614,0.09485430682566497,0.06781418498548321,0.7378048780487805,0.06100244383917586,-0.005994090333474089,0.06699653417264995,0
1328,Platte County,WY,56031,2018-05-31,185648.7460985591,2018,5,Platte,47096.0,173700.0,746.0,327.0,4822.0,2904.0,3936.0,8673.0,200.09,3.9419217364226067,0.09513126466592965,0.06781418498548321,0.7378048780487805,0.05528191086422085,-0.005994090333474089,0.06127600119769494,0
1328,Platte County,WY,56031,2018-06-30,184035.54306728317,2018,6,Platte,47096.0,173700.0,746.0,327.0,4822.0,2904.0,3936.0,8673.0,200.09,3.907668232276269,0.09596515817351194,0.06781418498548321,0.7378048780487805,0.0399306427275854,-0.005994090333474089,0.045924733061059486,0
1328,Platte County,WY,56031,2018-07-31,183453.78629909465,2018,7,Platte,47096.0,173700.0,746.0,327.0,4822.0,2904.0,3936.0,8673.0,200.09,3.895315659484768,0.09626947666921583,0.06781418498548321,0.7378048780487805,0.026939895038352812,-0.005994090333474089,0.0329339853718269,0
1328,Platte County,WY,56031,2018-08-31,183713.47080549927,2018,8,Platte,47096.0,173700.0,746.0,327.0,4822.0,2904.0,3936.0,8673.0,200.09,3.900829599233465,0.09613339687375465,0.06781418498548321,0.7378048780487805,0.019374400567750305,-0.005994090333474089,0.025368490901224394,0
1328,Platte County,WY,56031,2018-09-30,185177.30153587635,2018,9,Platte,47096.0,173700.0,746.0,327.0,4822.0,2904.0,3936.0,8673.0,200.09,3.9319114475937735,0.09537346021093382,0.06781418498548321,0.7378048780487805,0.020707173012715074,-0.005994090333474089,0.026701263346189164,0
1328,Platte County,WY,56031,2018-10-31,186215.2197478336,2018,10,Platte,47096.0,173700.0,746.0,327.0,4822.0,2904.0,3936.0,8673.0,200.09,3.9539497993000166,0.09484187180787873,0.06781418498548321,0.7378048780487805,0.02273337577593182,-0.005994090333474089,0.028727466109405908,0
1328,Platte County,WY,56031,2018-11-30,187111.86133290964,2018,11,Platte,47096.0,173700.0,746.0,327.0,4822.0,2904.0,3936.0,8673.0,200.09,3.9729883924942593,0.09438738877476895,0.06781418498548321,0.7378048780487805,0.022533651749652606,-0.005994090333474089,0.028527742083126695,0
1328,Platte County,WY,56031,2018-12-31,187623.7617113888,2018,12,Platte,47096.0,173700.0,746.0,327.0,4822.0,2904.0,3936.0,8673.0,200.09,3.9838576887928654,0.09412986840742983,0.06781418498548321,0.7378048780487805,0.020183261719015855,-0.005994090333474089,0.026177352052489944,0
1328,Platte County,WY,56031,2019-01-31,188729.70135884185,2019,1,Platte,50903.0,188500.0,763.0,285.0,4844.0,3013.0,4030.0,8582.0,203.48,3.707634154349289,0.1011426652114803,0.05883567299752271,0.7476426799007444,0.020902575788822375,0.08083489043655523,-0.059932314647732854,0
1328,Platte County,WY,56031,2019-02-28,190161.7258381422,2019,2,Platte,50903.0,188500.0,763.0,285.0,4844.0,3013.0,4030.0,8582.0,203.48,3.735766572464142,0.1003810041998012,0.05883567299752271,0.7476426799007444,0.025368043904055337,0.08083489043655523,-0.05546684653249989,0
1328,Platte County,WY,56031,2019-03-31,191928.8928807195,2019,3,Platte,50903.0,188500.0,763.0,285.0,4844.0,3013.0,4030.0,8582.0,203.48,3.770482935793951,0.09945675564263923,0.05883567299752271,0.7476426799007444,0.030425700340102724,0.08083489043655523,-0.050409190096452505,0
1328,Platte County,WY,56031,2019-04-30,193458.9443818763,2019,4,Platte,50903.0,188500.0,763.0,285.0,4844.0,3013.0,4030.0,8582.0,203.48,3.8005411150988406,0.0986701600227912,0.05883567299752271,0.7476426799007444,0.039035958811378,0.08083489043655523,-0.04179893162517723,0
1328,Platte County,WY,56031,2019-05-31,194793.1257831784,2019,5,Platte,50903.0,188500.0,763.0,285.0,4844.0,3013.0,4030.0,8582.0,203.48,3.826751385638929,0.0979943461723967,0.05883567299752271,0.7476426799007444,0.04925635037558851,0.08083489043655523,-0.03157854006096672,0
1328,Platte County,WY,56031,2019-06-30,196257.57202600327,2019,6,Platte,50903.0,188500.0,763.0,285.0,4844.0,3013.0,4030.0,8582.0,203.48,3.8555207360274104,0.09726312622205903,0.05883567299752271,0.7476426799007444,0.06641124184501535,0.08083489043655523,-0.014423648591539884,0
1328,Platte County,WY,56031,2019-07-31,197343.79562165323,2019,7,Platte,50903.0,188500.0,763.0,285.0,4844.0,3013.0,4030.0,8582.0,203.48,3.8768598240114183,0.0967277686124809,0.05883567299752271,0.7476426799007444,0.07571394192929315,0.08083489043655523,-0.00512094850726208,0
1328,Platte County,WY,56031,2019-08-31,197988.36976289493,2019,8,Platte,50903.0,188500.0,763.0,285.0,4844.0,3013.0,4030.0,8582.0,203.48,3.8895226167985175,0.09641286012334954,0.05883567299752271,0.7476426799007444,0.07770197196104767,0.08083489043655523,-0.0031329184755075623,0
1328,Platte County,WY,56031,2019-09-30,197762.95932511415,2019,9,Platte,50903.0,188500.0,763.0,285.0,4844.0,3013.0,4030.0,8582.0,203.48,3.885094381964013,0.09652275160698362,0.05883567299752271,0.7476426799007444,0.06796544546686478,0.08083489043655523,-0.012869444969690447,0
1328,Platte County,WY,56031,2019-10-31,197923.25551715263,2019,10,Platte,50903.0,188500.0,763.0,285.0,4844.0,3013.0,4030.0,8582.0,203.48,3.888243433926343,0.09644457873393114,0.05883567299752271,0.7476426799007444,0.06287367802252519,0.08083489043655523,-0.017961212414030037,0
1328,Platte County,WY,56031,2019-11-30,198845.1483936566,2019,11,Platte,50903.0,188500.0,763.0,285.0,4844.0,3013.0,4030.0,8582.0,203.48,3.9063542108256213,0.09599743898307227,0.05883567299752271,0.7476426799007444,0.06270733975475284,0.08083489043655523,-0.018127550681802385,0
1328,Platte County,WY,56031,2019-12-31,200218.3154069921,2019,12,Platte,50903.0,188500.0,763.0,285.0,4844.0,3013.0,4030.0,8582.0,203.48,3.9333303618056323,0.09533905507694317,0.05883567299752271,0.7476426799007444,0.06712664526456313,0.08083489043655523,-0.013708245171992095,0
1328,Platte County,WY,56031,2020-01-31,201273.814411376,2020,1,Platte,57784.0,188600.0,784.0,333.0,4869.0,2916.0,3846.0,8572.0,217.4,3.483210134490101,0.10765931009640203,0.06839186691312385,0.7581903276131046,0.06646602502000132,0.13517867316268206,-0.06871264814268074,0
1328,Platte County,WY,56031,2020-02-29,201629.64363157636,2020,2,Platte,57784.0,188600.0,784.0,333.0,4869.0,2916.0,3846.0,8572.0,217.4,3.489368053986854,0.10746931656336325,0.06839186691312385,0.7581903276131046,0.060306130178872985,0.13517867316268206,-0.07487254298380908,0
1328,Platte County,WY,56031,2020-03-31,201862.8648674579,2020,3,Platte,57784.0,188600.0,784.0,333.0,4869.0,2916.0,3846.0,8572.0,217.4,3.4934041407216165,0.10734515243419215,0.06839186691312385,0.7581903276131046,0.05175860620897854,0.13517867316268206,-0.08342006695370352,0
1328,Platte County,WY,56031,2020-04-30,202300.2936506269,2020,4,Platte,57784.0,188600.0,784.0,333.0,4869.0,2916.0,3846.0,8572.0,217.4,3.5009742082691906,0.10711304273943574,0.06839186691312385,0.7581903276131046,0.04570142412903033,0.13517867316268206,-0.08947724903365173,0
1328,Platte County,WY,56031,2020-05-31,202896.1674362171,2020,5,Platte,57784.0,188600.0,784.0,333.0,4869.0,2916.0,3846.0,8572.0,217.4,3.511286297871679,0.1067984687626587,0.06839186691312385,0.7581903276131046,0.041598191006278595,0.13517867316268206,-0.09358048215640347,0
1328,Platte County,WY,56031,2020-06-30,203299.33298176256,2020,6,Platte,57784.0,188600.0,784.0,333.0,4869.0,2916.0,3846.0,8572.0,217.4,3.5182634117015534,0.10658667533328242,0.06839186691312385,0.7581903276131046,0.03588020010166182,0.13517867316268206,-0.09929847306102024,0
1328,Platte County,WY,56031,2020-07-31,203607.19752107223,2020,7,Platte,57784.0,188600.0,784.0,333.0,4869.0,2916.0,3846.0,8572.0,217.4,3.5235912626518107,0.10642551080620506,0.06839186691312385,0.7581903276131046,0.031738529603571486,0.13517867316268206,-0.10344014355911058,0
1328,Platte County,WY,56031,2020-08-31,204394.18374328176,2020,8,Platte,57784.0,188600.0,784.0,333.0,4869.0,2916.0,3846.0,8572.0,217.4,3.537210711326349,0.1060157368627288,0.06839186691312385,0.7581903276131046,0.03235449631742626,0.13517867316268206,-0.1028241768452558,0
1328,Platte County,WY,56031,2020-09-30,205594.3934375449,2020,9,Platte,57784.0,188600.0,784.0,333.0,4869.0,2916.0,3846.0,8572.0,217.4,3.5579813345830145,0.10539684296684174,0.06839186691312385,0.7581903276131046,0.039600105799166396,0.13517867316268206,-0.09557856736351567,0
1328,Platte County,WY,56031,2020-10-31,207000.4283633151,2020,10,Platte,57784.0,188600.0,784.0,333.0,4869.0,2916.0,3846.0,8572.0,217.4,3.5823139340183285,0.10468094279480346,0.06839186691312385,0.7581903276131046,0.04586208337390563,0.13517867316268206,-0.08931658978877643,0
1328,Platte County,WY,56031,2020-11-30,209007.2019111821,2020,11,Platte,57784.0,188600.0,784.0,333.0,4869.0,2916.0,3846.0,8572.0,217.4,3.617042813082897,0.10367585328092316,0.06839186691312385,0.7581903276131046,0.0511053631412095,0.13517867316268206,-0.08407331002147256,0
1328,Platte County,WY,56031,2020-12-31,210878.90689531455,2020,12,Platte,57784.0,188600.0,784.0,333.0,4869.0,2916.0,3846.0,8572.0,217.4,3.6494342187338114,0.10275565403398558,0.06839186691312385,0.7581903276131046,0.053244836600748524,0.13517867316268206,-0.08193383656193354,0
1328,Platte County,WY,56031,2021-01-31,212780.46060009,2021,1,Platte,59402.0,210400.0,808.0,335.0,4612.0,3060.0,3793.0,8607.0,230.05,3.5820420288894317,0.10468888890068778,0.07263660017346053,0.8067492749802267,0.05716911671975389,0.028000830679772992,0.029168286039980895,0
1328,Platte County,WY,56031,2021-02-28,214197.97692618208,2021,2,Platte,59402.0,210400.0,808.0,335.0,4612.0,3060.0,3793.0,8607.0,230.05,3.6059051366314616,0.10399608026025742,0.07263660017346053,0.8067492749802267,0.062333757418978175,0.028000830679772992,0.03433292673920518,0
1328,Platte County,WY,56031,2021-03-31,216036.7651005633,2021,3,Platte,59402.0,210400.0,808.0,335.0,4612.0,3060.0,3793.0,8607.0,230.05,3.636860124247724,0.10311092183606259,0.07263660017346053,0.8067492749802267,0.07021549130600091,0.028000830679772992,0.04221466062622792,0
1328,Platte County,WY,56031,2021-04-30,218194.27317318492,2021,4,Platte,59402.0,210400.0,808.0,335.0,4612.0,3060.0,3793.0,8607.0,230.05,3.6731805860608215,0.10209135957624019,0.07263660017346053,0.8067492749802267,0.07856627015088247,0.028000830679772992,0.050565439471109475,0
1328,Platte County,WY,56031,2021-05-31,219832.0682958901,2021,5,Platte,59402.0,210400.0,808.0,335.0,4612.0,3060.0,3793.0,8607.0,230.05,3.700751966194574,0.10133075748537848,0.07263660017346053,0.8067492749802267,0.08347077755915233,0.028000830679772992,0.05546994687937934,0
1328,Platte County,WY,56031,2021-06-30,221368.1778569755,2021,6,Platte,59402.0,210400.0,808.0,335.0,4612.0,3060.0,3793.0,8607.0,230.05,3.7266115258236336,0.10062760698329554,0.07263660017346053,0.8067492749802267,0.08887803324388588,0.028000830679772992,0.06087720256411289,0
1328,Platte County,WY,56031,2021-07-31,222733.65631274425,2021,7,Platte,59402.0,210400.0,808.0,335.0,4612.0,3060.0,3793.0,8607.0,230.05,3.749598604638636,0.10001070502215535,0.07263660017346053,0.8067492749802267,0.09393802883462676,0.028000830679772992,0.06593719815485377,0
1328,Platte County,WY,56031,2021-08-31,224530.70836725296,2021,8,Platte,59402.0,210400.0,808.0,335.0,4612.0,3060.0,3793.0,8607.0,230.05,3.7798509876309376,0.09921026019997557,0.07263660017346053,0.8067492749802267,0.09851809016866442,0.028000830679772992,0.07051725948889143,0
1328,Platte County,WY,56031,2021-09-30,226071.5813509669,2021,9,Platte,59402.0,210400.0,808.0,335.0,4612.0,3060.0,3793.0,8607.0,230.05,3.8057907368601547,0.09853405663322982,0.07263660017346053,0.8067492749802267,0.09959993349547513,0.028000830679772992,0.07159910281570214,0
1328,Platte County,WY,56031,2021-10-31,228062.14664269472,2021,10,Platte,59402.0,210400.0,808.0,335.0,4612.0,3060.0,3793.0,8607.0,230.05,3.839300808772343,0.09767403459066552,0.07263660017346053,0.8067492749802267,0.1017472207468737,0.028000830679772992,0.07374639006710071,0
1328,Platte County,WY,56031,2021-11-30,230896.77359558723,2021,11,Platte,59402.0,210400.0,808.0,335.0,4612.0,3060.0,3793.0,8607.0,230.05,3.8870201945319556,0.09647492969743998,0.07263660017346053,0.8067492749802267,0.10473118382641733,0.028000830679772992,0.07673035314664434,0
1328,Platte County,WY,56031,2021-12-31,234359.1363343248,2021,12,Platte,59402.0,210400.0,808.0,335.0,4612.0,3060.0,3793.0,8607.0,230.05,3.9453071670032123,0.09504963343192452,0.07263660017346053,0.8067492749802267,0.11134460902088428,0.028000830679772992,0.08334377834111129,0
1328,Platte County,WY,56031,2022-01-31,237355.0844701269,2022,1,Platte,64753.0,237100.0,788.0,354.0,4624.0,2860.0,3861.0,8618.0,259.35,3.6655457580363366,0.10230400184688748,0.07655709342560553,0.7407407407407407,0.1154928596391358,0.09008114204908924,0.025411717590046567,0
1328,Platte County,WY,56031,2022-02-28,239473.7957032088,2022,2,Platte,64753.0,237100.0,788.0,354.0,4624.0,2860.0,3861.0,8618.0,259.35,3.698265651061863,0.1013988813627621,0.07655709342560553,0.7407407407407407,0.1180021358732879,0.09008114204908924,0.02792099382419866,0
1328,Platte County,WY,56031,2022-03-31,241531.4610351819,2022,3,Platte,64753.0,237100.0,788.0,354.0,4624.0,2860.0,3861.0,8618.0,259.35,3.730042793927415,0.10053503960075404,0.07655709342560553,0.7407407407407407,0.1180109132015148,0.09008114204908924,0.027929771152425564,0
1328,Platte County,WY,56031,2022-04-30,244109.31355521048,2022,4,Platte,64753.0,237100.0,788.0,354.0,4624.0,2860.0,3861.0,8618.0,259.35,3.7698533435549004,0.09947336562604368,0.07655709342560553,0.7407407407407407,0.1187704883595011,0.09008114204908924,0.028689346310411867,0
1328,Platte County,WY,56031,2022-05-31,246574.26273151557,2022,5,Platte,64753.0,237100.0,788.0,354.0,4624.0,2860.0,3861.0,8618.0,259.35,3.807920292982805,0.09847895206500144,0.07655709342560553,0.7407407407407407,0.12164828654403115,0.09008114204908924,0.03156714449494191,0
1328,Platte County,WY,56031,2022-06-30,249247.707919868,2022,6,Platte,64753.0,237100.0,788.0,354.0,4624.0,2860.0,3861.0,8618.0,259.35,3.8492071088577826,0.09742266118574165,0.07655709342560553,0.7407407407407407,0.1259419051680739,0.09008114204908924,0.03586076311898467,0
1328,Platte County,WY,56031,2022-07-31,250557.22458851707,2022,7,Platte,64753.0,237100.0,788.0,354.0,4624.0,2860.0,3861.0,8618.0,259.35,3.8694303675276367,0.09691348968235995,0.07655709342560553,0.7407407407407407,0.12491856298854653,0.09008114204908924,0.0348374209394573,0
1328,Platte County,WY,56031,2022-08-31,250811.9572570407,2022,8,Platte,64753.0,237100.0,788.0,354.0,4624.0,2860.0,3861.0,8618.0,259.35,3.8733642805281714,0.09681506123376162,0.07655709342560553,0.7407407407407407,0.11704968590221032,0.09008114204908924,0.026968543853121085,0
1328,Platte County,WY,56031,2022-09-30,249933.94010973055,2022,9,Platte,64753.0,237100.0,788.0,354.0,4624.0,2860.0,3861.0,8618.0,259.35,3.8598047983835584,0.09715517224006913,0.07655709342560553,0.7407407407407407,0.105552226494662,0.09008114204908924,0.01547108444557277,0
1328,Platte County,WY,56031,2022-10-31,249708.9454418945,2022,10,Platte,64753.0,237100.0,788.0,354.0,4624.0,2860.0,3861.0,8618.0,259.35,3.8563301382467916,0.0972427117379755,0.07655709342560553,0.7407407407407407,0.09491622839591107,0.09008114204908924,0.0048350863468218375,0
1328,Platte County,WY,56031,2022-11-30,250196.9452660244,2022,11,Platte,64753.0,237100.0,788.0,354.0,4624.0,2860.0,3861.0,8618.0,259.35,3.863866465893849,0.0970530434501569,0.07655709342560553,0.7407407407407407,0.08358787942286794,0.09008114204908924,-0.006493262626221297,0
1328,Platte County,WY,56031,2022-12-31,250809.8864810865,2022,12,Platte,64753.0,237100.0,788.0,354.0,4624.0,2860.0,3861.0,8618.0,259.35,3.8733323009140346,0.09681586057346717,0.07655709342560553,0.7407407407407407,0.0701946184137403,0.09008114204908924,-0.01988652363534893,0
1328,Platte County,WY,56031,2023-01-31,251325.86412386133,2023,1,Platte,66299.0,248900.0,745.0,243.0,4656.0,2810.0,3877.0,8606.0,276.51,3.7907941918258397,0.09892386160362372,0.05219072164948454,0.7247872066030436,0.05886025018138086,0.023875341683010864,0.03498490849836999,0
1328,Platte County,WY,56031,2023-02-28,251866.65604300745,2023,2,Platte,66299.0,248900.0,745.0,243.0,4656.0,2810.0,3877.0,8606.0,276.51,3.798951055717393,0.0987114586368855,0.05219072164948454,0.7247872066030436,0.05175038172091995,0.023875341683010864,0.027875040037909082,0
1328,Platte County,WY,56031,2023-03-31,252440.95636247404,2023,3,Platte,66299.0,248900.0,745.0,243.0,4656.0,2810.0,3877.0,8606.0,276.51,3.8076133329684314,0.09848689118536319,0.05219072164948454,0.7247872066030436,0.045168009502923656,0.023875341683010864,0.02129266781991279,0
1328,Platte County,WY,56031,2023-04-30,253142.21306595675,2023,4,Platte,66299.0,248900.0,745.0,243.0,4656.0,2810.0,3877.0,8606.0,276.51,3.8181905166888903,0.09821406196493242,0.05219072164948454,0.7247872066030436,0.03700350215725501,0.023875341683010864,0.013128160474244144,0
1328,Platte County,WY,56031,2023-05-31,253849.2625262912,2023,5,Platte,66299.0,248900.0,745.0,243.0,4656.0,2810.0,3877.0,8606.0,276.51,3.828855073625412,0.09794050513510957,0.05219072164948454,0.7247872066030436,0.029504295031379968,0.023875341683010864,0.0056289533483691034,0
1328,Platte County,WY,56031,2023-06-30,254843.0194653628,2023,6,Platte,66299.0,248900.0,745.0,243.0,4656.0,2810.0,3877.0,8606.0,276.51,3.843844092148642,0.09755858744790596,0.05219072164948454,0.7247872066030436,0.02244879839494307,0.023875341683010864,-0.0014265432880677942,0
1328,Platte County,WY,56031,2023-07-31,255457.0324952517,2023,7,Platte,66299.0,248900.0,745.0,243.0,4656.0,2810.0,3877.0,8606.0,276.51,3.8531053635085253,0.0973240969612458,0.05219072164948454,0.7247872066030436,0.01955564408402699,0.023875341683010864,-0.004319697598983874,0
1328,Platte County,WY,56031,2023-08-31,255940.9792344432,2023,8,Platte,66299.0,248900.0,745.0,243.0,4656.0,2810.0,3877.0,8606.0,276.51,3.860404821105042,0.09714007141164437,0.05219072164948454,0.7247872066030436,0.020449670874925996,0.023875341683010864,-0.0034256708080848686,0
1328,Platte County,WY,56031,2023-09-30,256109.1121762019,2023,9,Platte,66299.0,248900.0,745.0,243.0,4656.0,2810.0,3877.0,8606.0,276.51,3.8629408011614337,0.09707629997520344,0.05219072164948454,0.7247872066030436,0.024707216890031747,0.023875341683010864,0.0008318752070208824,0
1328,Platte County,WY,56031,2023-10-31,256046.60212570315,2023,10,Platte,66299.0,248900.0,745.0,243.0,4656.0,2810.0,3877.0,8606.0,276.51,3.8619979505830124,0.09709999974064965,0.05219072164948454,0.7247872066030436,0.025380174797476007,0.023875341683010864,0.0015048331144651428,0
1328,Platte County,WY,56031,2023-11-30,255656.58513344763,2023,11,Platte,66299.0,248900.0,745.0,243.0,4656.0,2810.0,3877.0,8606.0,276.51,3.8561152526199134,0.09724813067898276,0.05219072164948454,0.7247872066030436,0.021821369008395264,0.023875341683010864,-0.0020539726746156006,0
1328,Platte County,WY,56031,2023-12-31,254948.278893423,2023,12,Platte,66299.0,248900.0,745.0,243.0,4656.0,2810.0,3877.0,8606.0,276.51,3.845431739444381,0.09751830884252884,0.05219072164948454,0.7247872066030436,0.01650011676333407,0.023875341683010864,-0.007375224919676793,0
2546,Sheridan County,WY,56033,2014-01-31,237320.19761349176,2014,1,Sheridan,56015.0,219400.0,757.0,927.0,14143.0,8781.0,12568.0,29578.0,179.85,4.236725834392426,0.08851174578158122,0.06554479247684367,0.6986791852323361,,,,1
2546,Sheridan County,WY,56033,2014-02-28,236242.4415901122,2014,2,Sheridan,56015.0,219400.0,757.0,927.0,14143.0,8781.0,12568.0,29578.0,179.85,4.217485344820355,0.08891554311162003,0.06554479247684367,0.6986791852323361,,,,1
2546,Sheridan County,WY,56033,2014-03-31,235670.62558511624,2014,3,Sheridan,56015.0,219400.0,757.0,927.0,14143.0,8781.0,12568.0,29578.0,179.85,4.207277079088034,0.08913128205031,0.06554479247684367,0.6986791852323361,,,,1
2546,Sheridan County,WY,56033,2014-04-30,235793.75345070675,2014,4,Sheridan,56015.0,219400.0,757.0,927.0,14143.0,8781.0,12568.0,29578.0,179.85,4.209475202190605,0.08908473906791291,0.06554479247684367,0.6986791852323361,,,,1
2546,Sheridan County,WY,56033,2014-05-31,237454.4017576197,2014,5,Sheridan,56015.0,219400.0,757.0,927.0,14143.0,8781.0,12568.0,29578.0,179.85,4.239121695217704,0.0884617208378448,0.06554479247684367,0.6986791852323361,,,,1
2546,Sheridan County,WY,56033,2014-06-30,239473.6075187749,2014,6,Sheridan,56015.0,219400.0,757.0,927.0,14143.0,8781.0,12568.0,29578.0,179.85,4.275169285348119,0.08771582479440096,0.06554479247684367,0.6986791852323361,,,,1
2546,Sheridan County,WY,56033,2014-07-31,241443.74032203484,2014,7,Sheridan,56015.0,219400.0,757.0,927.0,14143.0,8781.0,12568.0,29578.0,179.85,4.31034080732009,0.08700008114512697,0.06554479247684367,0.6986791852323361,,,,1
2546,Sheridan County,WY,56033,2014-08-31,242578.96299149992,2014,8,Sheridan,56015.0,219400.0,757.0,927.0,14143.0,8781.0,12568.0,29578.0,179.85,4.3306072122020876,0.08659293757775709,0.06554479247684367,0.6986791852323361,,,,1
2546,Sheridan County,WY,56033,2014-09-30,243862.10602315023,2014,9,Sheridan,56015.0,219400.0,757.0,927.0,14143.0,8781.0,12568.0,29578.0,179.85,4.35351434478533,0.08613730662198865,0.06554479247684367,0.6986791852323361,,,,1
2546,Sheridan County,WY,56033,2014-10-31,244292.33394869,2014,10,Sheridan,56015.0,219400.0,757.0,927.0,14143.0,8781.0,12568.0,29578.0,179.85,4.361194929013479,0.0859856085554118,0.06554479247684367,0.6986791852323361,,,,1
2546,Sheridan County,WY,56033,2014-11-30,244348.66600912937,2014,11,Sheridan,56015.0,219400.0,757.0,927.0,14143.0,8781.0,12568.0,29578.0,179.85,4.362200589290893,0.08596578546172699,0.06554479247684367,0.6986791852323361,,,,1
2546,Sheridan County,WY,56033,2014-12-31,244442.2150184674,2014,12,Sheridan,56015.0,219400.0,757.0,927.0,14143.0,8781.0,12568.0,29578.0,179.85,4.363870659974425,0.08593288601321603,0.06554479247684367,0.6986791852323361,,,,1
2546,Sheridan County,WY,56033,2015-01-31,245127.19705756308,2015,1,Sheridan,55455.0,228000.0,731.0,907.0,14257.0,8589.0,12578.0,29738.0,190.28,4.420290272429233,0.08483605756368427,0.06361787192256435,0.6828589600890443,0.0328964813049164,-0.009997322145853804,0.04289380345077021,1
2546,Sheridan County,WY,56033,2015-02-28,246735.28831776505,2015,2,Sheridan,55455.0,228000.0,731.0,907.0,14257.0,8589.0,12578.0,29738.0,190.28,4.449288401726896,0.08428314061512661,0.06361787192256435,0.6828589600890443,0.04441558704281534,-0.009997322145853804,0.054412909188669145,1
2546,Sheridan County,WY,56033,2015-03-31,248600.08017609172,2015,3,Sheridan,55455.0,228000.0,731.0,907.0,14257.0,8589.0,12578.0,29738.0,190.28,4.482915520261324,0.08365091831535117,0.06361787192256435,0.6828589600890443,0.05486239347341071,-0.009997322145853804,0.06485971561926451,1
2546,Sheridan County,WY,56033,2015-04-30,250336.86370828908,2015,4,Sheridan,55455.0,228000.0,731.0,907.0,14257.0,8589.0,12578.0,29738.0,190.28,4.514234310851846,0.08307056616412911,0.06361787192256435,0.6828589600890443,0.06167724990485213,-0.009997322145853804,0.07167457205070593,1
2546,Sheridan County,WY,56033,2015-05-31,251665.32092907964,2015,5,Sheridan,55455.0,228000.0,731.0,907.0,14257.0,8589.0,12578.0,29738.0,190.28,4.538189900443236,0.08263206437513214,0.06361787192256435,0.6828589600890443,0.05984693931243967,-0.009997322145853804,0.06984426145829348,1
2546,Sheridan County,WY,56033,2015-06-30,252785.40199826148,2015,6,Sheridan,55455.0,228000.0,731.0,907.0,14257.0,8589.0,12578.0,29738.0,190.28,4.558387918100468,0.08226592530902167,0.06361787192256435,0.6828589600890443,0.05558773101308434,-0.009997322145853804,0.06558505315893814,1
2546,Sheridan County,WY,56033,2015-07-31,254897.98597029608,2015,7,Sheridan,55455.0,228000.0,731.0,907.0,14257.0,8589.0,12578.0,29738.0,190.28,4.596483382387451,0.08158410872035438,0.06361787192256435,0.6828589600890443,0.055724143563697925,-0.009997322145853804,0.06572146570955173,1
2546,Sheridan County,WY,56033,2015-08-31,257302.5510030737,2015,8,Sheridan,55455.0,228000.0,731.0,907.0,14257.0,8589.0,12578.0,29738.0,190.28,4.639844035760052,0.08082168217504994,0.06361787192256435,0.6828589600890443,0.06069606296441177,-0.009997322145853804,0.07069338511026557,1
2546,Sheridan County,WY,56033,2015-09-30,259932.92946545267,2015,9,Sheridan,55455.0,228000.0,731.0,907.0,14257.0,8589.0,12578.0,29738.0,190.28,4.687276701207334,0.08000381114761343,0.06361787192256435,0.6828589600890443,0.06590127389770362,-0.009997322145853804,0.07589859604355742,1
2546,Sheridan County,WY,56033,2015-10-31,261747.0129088588,2015,10,Sheridan,55455.0,228000.0,731.0,907.0,14257.0,8589.0,12578.0,29738.0,190.28,4.719989413197346,0.07944933074457322,0.06361787192256435,0.6828589600890443,0.0714499660224086,-0.009997322145853804,0.08144728816826241,1
2546,Sheridan County,WY,56033,2015-11-30,263231.6004025566,2015,11,Sheridan,55455.0,228000.0,731.0,907.0,14257.0,8589.0,12578.0,29738.0,190.28,4.746760443649023,0.07900124820955207,0.06361787192256435,0.6828589600890443,0.07727864736008705,-0.009997322145853804,0.08727596950594085,1
2546,Sheridan County,WY,56033,2015-12-31,263734.41336170724,2015,12,Sheridan,55455.0,228000.0,731.0,907.0,14257.0,8589.0,12578.0,29738.0,190.28,4.755827488264489,0.07885063134130757,0.06361787192256435,0.6828589600890443,0.07892334939683932,-0.009997322145853804,0.08892067154269312,1
2546,Sheridan County,WY,56033,2016-01-31,264108.7889475433,2016,1,Sheridan,53914.0,237700.0,758.0,978.0,14344.0,8688.0,12697.0,29924.0,193.03,4.898705140548713,0.07655084134294221,0.06818181818181818,0.6842561234937387,0.07743568285294256,-0.027788296817239155,0.10522397967018171,1
2546,Sheridan County,WY,56033,2016-02-29,264276.8401746781,2016,2,Sheridan,53914.0,237700.0,758.0,978.0,14344.0,8688.0,12697.0,29924.0,193.03,4.901822164459659,0.0765021633626191,0.06818181818181818,0.6842561234937387,0.07109462118901133,-0.027788296817239155,0.09888291800625049,1
2546,Sheridan County,WY,56033,2016-03-31,264159.0698507451,2016,3,Sheridan,53914.0,237700.0,758.0,978.0,14344.0,8688.0,12697.0,29924.0,193.03,4.899637753658514,0.07653627040488677,0.06818181818181818,0.6842561234937387,0.06258642259339742,-0.027788296817239155,0.09037471941063657,1
2546,Sheridan County,WY,56033,2016-04-30,263211.30637037085,2016,4,Sheridan,53914.0,237700.0,758.0,978.0,14344.0,8688.0,12697.0,29924.0,193.03,4.8820585816368816,0.07681185994172729,0.06818181818181818,0.6842561234937387,0.05142847310368159,-0.027788296817239155,0.07921676992092075,1
2546,Sheridan County,WY,56033,2016-05-31,262159.3697374789,2016,5,Sheridan,53914.0,237700.0,758.0,978.0,14344.0,8688.0,12697.0,29924.0,193.03,4.8625471999384,0.0771200740230862,0.06818181818181818,0.6842561234937387,0.04169843015977759,-0.027788296817239155,0.06948672697701674,1
2546,Sheridan County,WY,56033,2016-06-30,261449.44503368027,2016,6,Sheridan,53914.0,237700.0,758.0,978.0,14344.0,8688.0,12697.0,29924.0,193.03,4.8493794753437,0.0773294814123454,0.06818181818181818,0.6842561234937387,0.03427430131221887,-0.027788296817239155,0.062062598129458024,1
2546,Sheridan County,WY,56033,2016-07-31,260922.90121498308,2016,7,Sheridan,53914.0,237700.0,758.0,978.0,14344.0,8688.0,12697.0,29924.0,193.03,4.839613110045314,0.07748553272195115,0.06818181818181818,0.6842561234937387,0.023636574536878063,-0.027788296817239155,0.05142487135411722,1
2546,Sheridan County,WY,56033,2016-08-31,260137.8895322051,2016,8,Sheridan,53914.0,237700.0,758.0,978.0,14344.0,8688.0,12697.0,29924.0,193.03,4.825052667808085,0.07771935889983853,0.06818181818181818,0.6842561234937387,0.011019473060325469,-0.027788296817239155,0.038807769877564624,1
2546,Sheridan County,WY,56033,2016-09-30,259067.60137845555,2016,9,Sheridan,53914.0,237700.0,758.0,978.0,14344.0,8688.0,12697.0,29924.0,193.03,4.805200901036012,0.07804044153890613,0.06818181818181818,0.6842561234937387,-0.0033290437220734326,-0.027788296817239155,0.024459253095165723,1
2546,Sheridan County,WY,56033,2016-10-31,258302.44867063788,2016,10,Sheridan,53914.0,237700.0,758.0,978.0,14344.0,8688.0,12697.0,29924.0,193.03,4.791008804218531,0.07827161571270934,0.06818181818181818,0.6842561234937387,-0.013159898941885295,-0.027788296817239155,0.01462839787535386,1
2546,Sheridan County,WY,56033,2016-11-30,258051.4533692553,2016,11,Sheridan,53914.0,237700.0,758.0,978.0,14344.0,8688.0,12697.0,29924.0,193.03,4.786353328806159,0.07834774707147135,0.06818181818181818,0.6842561234937387,-0.019679046988960947,-0.027788296817239155,0.008109249828278209,1
2546,Sheridan County,WY,56033,2016-12-31,258413.19301075747,2016,12,Sheridan,53914.0,237700.0,758.0,978.0,14344.0,8688.0,12697.0,29924.0,193.03,4.793062896664271,0.07823807199796627,0.06818181818181818,0.6842561234937387,-0.020176435388626346,-0.027788296817239155,0.0076118614286128095,1
2546,Sheridan County,WY,56033,2017-01-31,258989.281497793,2017,1,Sheridan,56455.0,240900.0,810.0,872.0,14651.0,9001.0,13130.0,29964.0,197.23,4.5875348772968385,0.08174324774201286,0.05951812162992287,0.6855293221629856,-0.019384085891844816,0.04713061542456498,-0.0665147013164098,1
2546,Sheridan County,WY,56033,2017-02-28,259248.69610444087,2017,2,Sheridan,56455.0,240900.0,810.0,872.0,14651.0,9001.0,13130.0,29964.0,197.23,4.5921299460533325,0.08166145218131089,0.05951812162992287,0.6855293221629856,-0.01902604884678416,0.04713061542456498,-0.06615666427134914,1
2546,Sheridan County,WY,56033,2017-03-31,259618.3474379551,2017,3,Sheridan,56455.0,240900.0,810.0,872.0,14651.0,9001.0,13130.0,29964.0,197.23,4.598677662526882,0.08154518048867661,0.05951812162992287,0.6855293221629856,-0.017189348884956268,0.04713061542456498,-0.06431996430952125,1
2546,Sheridan County,WY,56033,2017-04-30,260528.69189837412,2017,4,Sheridan,56455.0,240900.0,810.0,872.0,14651.0,9001.0,13130.0,29964.0,197.23,4.6148027968891,0.0812602437210952,0.05951812162992287,0.6855293221629856,-0.010191866409499761,0.04713061542456498,-0.05732248183406474,1
2546,Sheridan County,WY,56033,2017-05-31,261748.56467275435,2017,5,Sheridan,56455.0,240900.0,810.0,872.0,14651.0,9001.0,13130.0,29964.0,197.23,4.636410675276847,0.08088153234562385,0.05951812162992287,0.6855293221629856,-0.001567005082198425,0.04713061542456498,-0.048697620506763406,1
2546,Sheridan County,WY,56033,2017-06-30,263002.0177545944,2017,6,Sheridan,56455.0,240900.0,810.0,872.0,14651.0,9001.0,13130.0,29964.0,197.23,4.658613369136381,0.08049605543237384,0.05951812162992287,0.6855293221629856,0.005938328615362476,0.04713061542456498,-0.041192286809202505,1
2546,Sheridan County,WY,56033,2017-07-31,263979.21493070206,2017,7,Sheridan,56455.0,240900.0,810.0,872.0,14651.0,9001.0,13130.0,29964.0,197.23,4.675922680554461,0.0801980754642276,0.05951812162992287,0.6855293221629856,0.011713474369199783,0.04713061542456498,-0.0354171410553652,1
2546,Sheridan County,WY,56033,2017-08-31,264914.79006840213,2017,8,Sheridan,56455.0,240900.0,810.0,872.0,14651.0,9001.0,13130.0,29964.0,197.23,4.692494731527804,0.07991484731574879,0.05951812162992287,0.6855293221629856,0.01836295568010926,0.04713061542456498,-0.02876765974445572,1
2546,Sheridan County,WY,56033,2017-09-30,266233.1137159484,2017,9,Sheridan,56455.0,240900.0,810.0,872.0,14651.0,9001.0,13130.0,29964.0,197.23,4.715846492178699,0.07951912782189646,0.05951812162992287,0.6855293221629856,0.027658851586869204,0.04713061542456498,-0.019471763837695777,1
2546,Sheridan County,WY,56033,2017-10-31,267760.526511871,2017,10,Sheridan,56455.0,240900.0,810.0,872.0,14651.0,9001.0,13130.0,29964.0,197.23,4.742901895525127,0.07906551901354067,0.05951812162992287,0.6855293221629856,0.036616291831182535,0.04713061542456498,-0.010514323593382446,1
2546,Sheridan County,WY,56033,2017-11-30,269497.4554835019,2017,11,Sheridan,56455.0,240900.0,810.0,872.0,14651.0,9001.0,13130.0,29964.0,197.23,4.773668505597412,0.0785559365004692,0.05951812162992287,0.6855293221629856,0.044355503388187056,0.04713061542456498,-0.0027751120363779247,1
2546,Sheridan County,WY,56033,2017-12-31,270866.0667568427,2017,12,Sheridan,56455.0,240900.0,810.0,872.0,14651.0,9001.0,13130.0,29964.0,197.23,4.797911022174169,0.07815901509362903,0.05951812162992287,0.6855293221629856,0.04818977545611158,0.04713061542456498,0.001059160031546602,1
2546,Sheridan County,WY,56033,2018-01-31,272183.5865245981,2018,1,Sheridan,58521.0,261500.0,809.0,903.0,14779.0,8935.0,13159.0,30012.0,211.81,4.651041276201673,0.08062710643287346,0.06110020975708776,0.679002963751045,0.05094537098407903,0.03659551855460097,0.01434985242947806,1
2546,Sheridan County,WY,56033,2018-02-28,272699.12644516275,2018,2,Sheridan,58521.0,261500.0,809.0,903.0,14779.0,8935.0,13159.0,30012.0,211.81,4.659850762036923,0.08047468023119249,0.06110020975708776,0.679002963751045,0.051882345187584944,0.03659551855460097,0.015286826632983974,1
2546,Sheridan County,WY,56033,2018-03-31,273090.51414116984,2018,3,Sheridan,58521.0,261500.0,809.0,903.0,14779.0,8935.0,13159.0,30012.0,211.81,4.666538749186956,0.08035934557820519,0.06110020975708776,0.679002963751045,0.0518921980521212,0.03659551855460097,0.015296679497520227,1
2546,Sheridan County,WY,56033,2018-04-30,272887.6440687875,2018,4,Sheridan,58521.0,261500.0,809.0,903.0,14779.0,8935.0,13159.0,30012.0,211.81,4.6630721291295005,0.08041908630523473,0.06110020975708776,0.679002963751045,0.047437969616161535,0.03659551855460097,0.010842451061560565,1
2546,Sheridan County,WY,56033,2018-05-31,273160.1233054245,2018,5,Sheridan,58521.0,261500.0,809.0,903.0,14779.0,8935.0,13159.0,30012.0,211.81,4.667728222440227,0.08033886767382419,0.06110020975708776,0.679002963751045,0.04359740672097767,0.03659551855460097,0.007001888166376702,1
2546,Sheridan County,WY,56033,2018-06-30,272949.9791349573,2018,6,Sheridan,58521.0,261500.0,809.0,903.0,14779.0,8935.0,13159.0,30012.0,211.81,4.664137303445896,0.08040072056261025,0.06110020975708776,0.679002963751045,0.037824658020856994,0.03659551855460097,0.001229139466256024,1
2546,Sheridan County,WY,56033,2018-07-31,274080.573965158,2018,7,Sheridan,58521.0,261500.0,809.0,903.0,14779.0,8935.0,13159.0,30012.0,211.81,4.683456775604621,0.08006906393442449,0.06110020975708776,0.679002963751045,0.038265736327413924,0.03659551855460097,0.0016702177728129541,1
2546,Sheridan County,WY,56033,2018-08-31,275859.9515655092,2018,8,Sheridan,58521.0,261500.0,809.0,903.0,14779.0,8935.0,13159.0,30012.0,211.81,4.713862571820529,0.07955259498691157,0.06110020975708776,0.679002963751045,0.041315781177339916,0.03659551855460097,0.004720262622738947,1
2546,Sheridan County,WY,56033,2018-09-30,278586.8972486152,2018,9,Sheridan,58521.0,261500.0,809.0,903.0,14779.0,8935.0,13159.0,30012.0,211.81,4.760460300552198,0.07877389502786131,0.06110020975708776,0.679002963751045,0.04640212992380577,0.03659551855460097,0.009806611369204798,1
2546,Sheridan County,WY,56033,2018-10-31,280416.53368068027,2018,10,Sheridan,58521.0,261500.0,809.0,903.0,14779.0,8935.0,13159.0,30012.0,211.81,4.791724913803255,0.07825991824358663,0.06110020975708776,0.679002963751045,0.04726614237609872,0.03659551855460097,0.010670623821497749,1
2546,Sheridan County,WY,56033,2018-11-30,281515.18844200246,2018,11,Sheridan,58521.0,261500.0,809.0,903.0,14779.0,8935.0,13159.0,30012.0,211.81,4.81049859780254,0.07795449730955162,0.06110020975708776,0.679002963751045,0.04459312217601341,0.03659551855460097,0.007997603621412441,1
2546,Sheridan County,WY,56033,2018-12-31,282047.2001253325,2018,12,Sheridan,58521.0,261500.0,809.0,903.0,14779.0,8935.0,13159.0,30012.0,211.81,4.819589551192435,0.0778074555969646,0.06110020975708776,0.679002963751045,0.04127919566435434,0.03659551855460097,0.00468367710975337,1
2546,Sheridan County,WY,56033,2019-01-31,282615.49800712283,2019,1,Sheridan,60807.0,272400.0,836.0,896.0,14915.0,9117.0,13251.0,30140.0,221.4,4.647746114873663,0.0806842694784746,0.0600737512571237,0.6880235453928005,0.03832674708907158,0.03906290049725736,-0.0007361534081857801,1
2546,Sheridan County,WY,56033,2019-02-28,283993.1401478541,2019,2,Sheridan,60807.0,272400.0,836.0,896.0,14915.0,9117.0,13251.0,30140.0,221.4,4.670402094295954,0.08029287252547145,0.0600737512571237,0.6880235453928005,0.04141565779809153,0.03906290049725736,0.002352757300834174,1
2546,Sheridan County,WY,56033,2019-03-31,285792.3258063648,2019,3,Sheridan,60807.0,272400.0,836.0,896.0,14915.0,9117.0,13251.0,30140.0,221.4,4.699990557112912,0.07978739434539486,0.0600737512571237,0.6880235453928005,0.04651136164557146,0.03906290049725736,0.0074484611483141006,1
2546,Sheridan County,WY,56033,2019-04-30,287617.11874866206,2019,4,Sheridan,60807.0,272400.0,836.0,896.0,14915.0,9117.0,13251.0,30140.0,221.4,4.730000143875904,0.07928118152079246,0.0600737512571237,0.6880235453928005,0.053976334216735866,0.03906290049725736,0.014913433719478508,1
2546,Sheridan County,WY,56033,2019-05-31,288722.323388094,2019,5,Sheridan,60807.0,272400.0,836.0,896.0,14915.0,9117.0,13251.0,30140.0,221.4,4.74817575917401,0.07897769986198547,0.0600737512571237,0.6880235453928005,0.05697098058953931,0.03906290049725736,0.017908080092281953,1
2546,Sheridan County,WY,56033,2019-06-30,290209.6505310464,2019,6,Sheridan,60807.0,272400.0,836.0,896.0,14915.0,9117.0,13251.0,30140.0,221.4,4.772635560561224,0.07857293841977385,0.0600737512571237,0.6880235453928005,0.06323382566574676,0.03906290049725736,0.0241709251684894,1
2546,Sheridan County,WY,56033,2019-07-31,292184.8373605181,2019,7,Sheridan,60807.0,272400.0,836.0,896.0,14915.0,9117.0,13251.0,30140.0,221.4,4.80511844624004,0.07804178069604796,0.0600737512571237,0.6880235453928005,0.0660545296350028,0.03906290049725736,0.026991629137745443,1
2546,Sheridan County,WY,56033,2019-08-31,294652.40639866405,2019,8,Sheridan,60807.0,272400.0,836.0,896.0,14915.0,9117.0,13251.0,30140.0,221.4,4.845698791235615,0.07738821915185073,0.0600737512571237,0.6880235453928005,0.06812317165470172,0.03906290049725736,0.02906027115744436,1
2546,Sheridan County,WY,56033,2019-09-30,296234.83697515074,2019,9,Sheridan,60807.0,272400.0,836.0,896.0,14915.0,9117.0,13251.0,30140.0,221.4,4.871722613764052,0.07697482589433857,0.0600737512571237,0.6880235453928005,0.06334806087734357,0.03906290049725736,0.024285160380086213,1
2546,Sheridan County,WY,56033,2019-10-31,297606.9815358512,2019,10,Sheridan,60807.0,272400.0,836.0,896.0,14915.0,9117.0,13251.0,30140.0,221.4,4.894288182871235,0.07661992632808273,0.0600737512571237,0.6880235453928005,0.06130326065133618,0.03906290049725736,0.02224036015407882,1
2546,Sheridan County,WY,56033,2019-11-30,299121.055363923,2019,11,Sheridan,60807.0,272400.0,836.0,896.0,14915.0,9117.0,13251.0,30140.0,221.4,4.919187846200652,0.07623209597284077,0.0600737512571237,0.6880235453928005,0.06253966977539371,0.03906290049725736,0.023476769278136356,1
2546,Sheridan County,WY,56033,2019-12-31,301127.1449753231,2019,12,Sheridan,60807.0,272400.0,836.0,896.0,14915.0,9117.0,13251.0,30140.0,221.4,4.952178942807952,0.07572424266788913,0.0600737512571237,0.6880235453928005,0.06764805621722925,0.03906290049725736,0.02858515571997189,1
2546,Sheridan County,WY,56033,2020-01-31,302276.56459994585,2020,1,Sheridan,59380.0,284200.0,859.0,1252.0,15053.0,8991.0,13294.0,30397.0,229.18,5.090545042100806,0.07366598210969608,0.08317278947718063,0.6763201444260568,0.06956825344492423,-0.023467692864308387,0.09303594630923262,1
2546,Sheridan County,WY,56033,2020-02-29,303092.8301410725,2020,2,Sheridan,59380.0,284200.0,859.0,1252.0,15053.0,8991.0,13294.0,30397.0,229.18,5.10429151466946,0.07346759073659295,0.08317278947718063,0.6763201444260568,0.06725405403551155,-0.023467692864308387,0.09072174689981993,1
2546,Sheridan County,WY,56033,2020-03-31,304140.06201951555,2020,3,Sheridan,59380.0,284200.0,859.0,1252.0,15053.0,8991.0,13294.0,30397.0,229.18,5.1219276190555,0.07321462306590565,0.08317278947718063,0.6763201444260568,0.06419954126263705,-0.023467692864308387,0.08766723412694544,1
2546,Sheridan County,WY,56033,2020-04-30,305823.95452071715,2020,4,Sheridan,59380.0,284200.0,859.0,1252.0,15053.0,8991.0,13294.0,30397.0,229.18,5.150285525778329,0.07281149717293173,0.08317278947718063,0.6763201444260568,0.06330233697934151,-0.023467692864308387,0.0867700298436499,1
2546,Sheridan County,WY,56033,2020-05-31,307434.0638436467,2020,5,Sheridan,59380.0,284200.0,859.0,1252.0,15053.0,8991.0,13294.0,30397.0,229.18,5.177400873082632,0.07243016509492811,0.08317278947718063,0.6763201444260568,0.06480877625247139,-0.023467692864308387,0.08827646911677978,1
2546,Sheridan County,WY,56033,2020-06-30,308474.8252446182,2020,6,Sheridan,59380.0,284200.0,859.0,1252.0,15053.0,8991.0,13294.0,30397.0,229.18,5.194928010182186,0.07218579338635508,0.08317278947718063,0.6763201444260568,0.06293786123290124,-0.023467692864308387,0.08640555409720962,1
2546,Sheridan County,WY,56033,2020-07-31,309529.6615686654,2020,7,Sheridan,59380.0,284200.0,859.0,1252.0,15053.0,8991.0,13294.0,30397.0,229.18,5.212692178657215,0.07193979370878556,0.08317278947718063,0.6763201444260568,0.05936250616162542,-0.023467692864308387,0.0828301990259338,1
2546,Sheridan County,WY,56033,2020-08-31,311386.77061429486,2020,8,Sheridan,59380.0,284200.0,859.0,1252.0,15053.0,8991.0,13294.0,30397.0,229.18,5.243967171005303,0.07151074516130315,0.08317278947718063,0.6763201444260568,0.05679357728709422,-0.023467692864308387,0.08026127015140261,1
2546,Sheridan County,WY,56033,2020-09-30,314395.2879810024,2020,9,Sheridan,59380.0,284200.0,859.0,1252.0,15053.0,8991.0,13294.0,30397.0,229.18,5.2946326706130415,0.0708264431792169,0.08317278947718063,0.6763201444260568,0.0613042381891602,-0.023467692864308387,0.08477193105346859,1
2546,Sheridan County,WY,56033,2020-10-31,317609.2553152035,2020,10,Sheridan,59380.0,284200.0,859.0,1252.0,15053.0,8991.0,13294.0,30397.0,229.18,5.348758088838052,0.07010973272142579,0.08317278947718063,0.6763201444260568,0.06721036474388864,-0.023467692864308387,0.09067805760819703,1
2546,Sheridan County,WY,56033,2020-11-30,320874.8331210822,2020,11,Sheridan,59380.0,284200.0,859.0,1252.0,15053.0,8991.0,13294.0,30397.0,229.18,5.40375266286767,0.0693962184051915,0.08317278947718063,0.6763201444260568,0.07272566530193814,-0.023467692864308387,0.09619335816624652,1
2546,Sheridan County,WY,56033,2020-12-31,324227.6507846345,2020,12,Sheridan,59380.0,284200.0,859.0,1252.0,15053.0,8991.0,13294.0,30397.0,229.18,5.4602164160430195,0.06867859649265694,0.08317278947718063,0.6763201444260568,0.07671346205339424,-0.023467692864308387,0.10018115491770263,1
2546,Sheridan County,WY,56033,2021-01-31,328100.5367260746,2021,1,Sheridan,62531.0,289800.0,868.0,1159.0,14817.0,8918.0,13003.0,30812.0,263.04,5.247006072605181,0.07146932837716527,0.07822096240804481,0.685841728831808,0.0854316051934294,0.05306500505220613,0.03236660014122328,1
2546,Sheridan County,WY,56033,2021-02-28,332307.2781487114,2021,2,Sheridan,62531.0,289800.0,868.0,1159.0,14817.0,8918.0,13003.0,30812.0,263.04,5.314280567218042,0.0705645844732484,0.07822096240804481,0.685841728831808,0.09638778982017238,0.05306500505220613,0.04332278476796625,1
2546,Sheridan County,WY,56033,2021-03-31,336169.9221577902,2021,3,Sheridan,62531.0,289800.0,868.0,1159.0,14817.0,8918.0,13003.0,30812.0,263.04,5.3760522326172655,0.06975378656569262,0.07822096240804481,0.685841728831808,0.1053128612047809,0.05306500505220613,0.05224785615257477,1
2546,Sheridan County,WY,56033,2021-04-30,340151.78547660407,2021,4,Sheridan,62531.0,289800.0,868.0,1159.0,14817.0,8918.0,13003.0,30812.0,263.04,5.439730461316852,0.0689372392008592,0.07822096240804481,0.685841728831808,0.11224703117087409,0.05306500505220613,0.05918202611866796,1
2546,Sheridan County,WY,56033,2021-05-31,345188.6470520629,2021,5,Sheridan,62531.0,289800.0,868.0,1159.0,14817.0,8918.0,13003.0,30812.0,263.04,5.520280293807278,0.06793133320072167,0.07822096240804481,0.685841728831808,0.12280546513419943,0.05306500505220613,0.0697404600819933,1
2546,Sheridan County,WY,56033,2021-06-30,351432.1678912744,2021,6,Sheridan,62531.0,289800.0,868.0,1159.0,14817.0,8918.0,13003.0,30812.0,263.04,5.620127103217194,0.06672446959168137,0.07822096240804481,0.685841728831808,0.13925720717271295,0.05306500505220613,0.08619220212050682,1
2546,Sheridan County,WY,56033,2021-07-31,357569.57348983845,2021,7,Sheridan,62531.0,289800.0,868.0,1159.0,14817.0,8918.0,13003.0,30812.0,263.04,5.718276910489812,0.06557919559860534,0.07822096240804481,0.685841728831808,0.1552029349229782,0.05306500505220613,0.10213792987077208,1
2546,Sheridan County,WY,56033,2021-08-31,361974.7698568021,2021,8,Sheridan,62531.0,289800.0,868.0,1159.0,14817.0,8918.0,13003.0,30812.0,263.04,5.788725110054246,0.06478110341578922,0.07822096240804481,0.685841728831808,0.1624603355586003,0.05306500505220613,0.10939533050639416,1
2546,Sheridan County,WY,56033,2021-09-30,364759.5411880047,2021,9,Sheridan,62531.0,289800.0,868.0,1159.0,14817.0,8918.0,13003.0,30812.0,263.04,5.833259362364343,0.06428652948632213,0.07822096240804481,0.685841728831808,0.16019404594271647,0.05306500505220613,0.10712904089051034,1
2546,Sheridan County,WY,56033,2021-10-31,367742.4101621288,2021,10,Sheridan,62531.0,289800.0,868.0,1159.0,14817.0,8918.0,13003.0,30812.0,263.04,5.880961605637665,0.06376508216624197,0.07822096240804481,0.685841728831808,0.15784538393622016,0.05306500505220613,0.10478037888401404,1
2546,Sheridan County,WY,56033,2021-11-30,371844.8923666883,2021,11,Sheridan,62531.0,289800.0,868.0,1159.0,14817.0,8918.0,13003.0,30812.0,263.04,5.946568779752256,0.06306157616083659,0.07822096240804481,0.685841728831808,0.1588471702496297,0.05306500505220613,0.10578216519742356,1
2546,Sheridan County,WY,56033,2021-12-31,376627.62793702725,2021,12,Sheridan,62531.0,289800.0,868.0,1159.0,14817.0,8918.0,13003.0,30812.0,263.04,6.023054611904931,0.06226076702987049,0.07822096240804481,0.685841728831808,0.16161476982479495,0.05306500505220613,0.10854976477258882,1
2546,Sheridan County,WY,56033,2022-01-31,381928.2528824766,2022,1,Sheridan,68898.0,342400.0,919.0,1295.0,14999.0,9011.0,13066.0,31176.0,311.75,5.543386642318741,0.06764817686307759,0.08633908927261817,0.689652533292515,0.1640586043946093,0.10182149653771733,0.06223710785689196,1
2546,Sheridan County,WY,56033,2022-02-28,386868.01679723366,2022,2,Sheridan,68898.0,342400.0,919.0,1295.0,14999.0,9011.0,13066.0,31176.0,311.75,5.615083410218492,0.0667844041849074,0.08633908927261817,0.689652533292515,0.16418761259904047,0.10182149653771733,0.06236611606132314,1
2546,Sheridan County,WY,56033,2022-03-31,393037.2721115192,2022,3,Sheridan,68898.0,342400.0,919.0,1295.0,14999.0,9011.0,13066.0,31176.0,311.75,5.70462527376004,0.06573613199887353,0.08633908927261817,0.689652533292515,0.16916251635099222,0.10182149653771733,0.0673410198132749,1
2546,Sheridan County,WY,56033,2022-04-30,398512.2304158632,2022,4,Sheridan,68898.0,342400.0,919.0,1295.0,14999.0,9011.0,13066.0,31176.0,311.75,5.7840899651058555,0.06483301647489798,0.08633908927261817,0.689652533292515,0.17157177304681004,0.10182149653771733,0.06975027650909271,1
2546,Sheridan County,WY,56033,2022-05-31,403985.90942327166,2022,5,Sheridan,68898.0,342400.0,919.0,1295.0,14999.0,9011.0,13066.0,31176.0,311.75,5.86353608846805,0.06395458207164803,0.08633908927261817,0.689652533292515,0.1703337084615668,0.10182149653771733,0.06851221192384949,1
2546,Sheridan County,WY,56033,2022-06-30,408057.2491980836,2022,6,Sheridan,68898.0,342400.0,919.0,1295.0,14999.0,9011.0,13066.0,31176.0,311.75,5.922628366543058,0.06331648328947598,0.08633908927261817,0.689652533292515,0.16112663119765358,0.10182149653771733,0.059305134659936254,1
2546,Sheridan County,WY,56033,2022-07-31,410691.376570538,2022,7,Sheridan,68898.0,342400.0,919.0,1295.0,14999.0,9011.0,13066.0,31176.0,311.75,5.960860642842143,0.06291037862968722,0.08633908927261817,0.689652533292515,0.14856354404609085,0.10182149653771733,0.04674204750837352,1
2546,Sheridan County,WY,56033,2022-08-31,411061.05039519776,2022,8,Sheridan,68898.0,342400.0,919.0,1295.0,14999.0,9011.0,13066.0,31176.0,311.75,5.966226166147026,0.06285380231272292,0.08633908927261817,0.689652533292515,0.1356069113817362,0.10182149653771733,0.03378541484401887,1
2546,Sheridan County,WY,56033,2022-09-30,410897.3713516815,2022,9,Sheridan,68898.0,342400.0,919.0,1295.0,14999.0,9011.0,13066.0,31176.0,311.75,5.9638504942332355,0.06287883983051007,0.08633908927261817,0.689652533292515,0.12648834356301686,0.10182149653771733,0.024666847025299532,1
2546,Sheridan County,WY,56033,2022-10-31,411488.7096441803,2022,10,Sheridan,68898.0,342400.0,919.0,1295.0,14999.0,9011.0,13066.0,31176.0,311.75,5.972433302043315,0.06278847850367844,0.08633908927261817,0.689652533292515,0.11895908188224702,0.10182149653771733,0.017137585344529693,1
2546,Sheridan County,WY,56033,2022-11-30,412573.9485839501,2022,11,Sheridan,68898.0,342400.0,919.0,1295.0,14999.0,9011.0,13066.0,31176.0,311.75,5.98818468727612,0.06262331901633086,0.08633908927261817,0.689652533292515,0.10953238044506364,0.10182149653771733,0.007710883907346311,1
2546,Sheridan County,WY,56033,2022-12-31,412290.604143472,2022,12,Sheridan,68898.0,342400.0,919.0,1295.0,14999.0,9011.0,13066.0,31176.0,311.75,5.984072166731574,0.06266635654643521,0.08633908927261817,0.689652533292515,0.09469028175598315,0.10182149653771733,-0.007131214781734174,1
2546,Sheridan County,WY,56033,2023-01-31,410786.3579030403,2023,1,Sheridan,70855.0,352200.0,950.0,1247.0,15236.0,9442.0,13515.0,31585.0,322.02,5.797563445106771,0.06468234518701221,0.08184562877395642,0.6986311505734369,0.07555896900207504,0.028404307817353258,0.04715466118472178,1
2546,Sheridan County,WY,56033,2023-02-28,408916.22684436216,2023,2,Sheridan,70855.0,352200.0,950.0,1247.0,15236.0,9442.0,13515.0,31585.0,322.02,5.771169668257175,0.06497816241005534,0.08184562877395642,0.6986311505734369,0.056991555491351154,0.028404307817353258,0.028587247673997895,1
2546,Sheridan County,WY,56033,2023-03-31,408209.2585436546,2023,3,Sheridan,70855.0,352200.0,950.0,1247.0,15236.0,9442.0,13515.0,31585.0,322.02,5.761191991301313,0.06509069660691807,0.08184562877395642,0.6986311505734369,0.03860190243695394,0.028404307817353258,0.01019759461960068,1
2546,Sheridan County,WY,56033,2023-04-30,409786.8944571653,2023,4,Sheridan,70855.0,352200.0,950.0,1247.0,15236.0,9442.0,13515.0,31585.0,322.02,5.783457687632,0.06484010435520994,0.08184562877395642,0.6986311505734369,0.028291889635448708,0.028404307817353258,-0.00011241818190455,1
2546,Sheridan County,WY,56033,2023-05-31,413319.4224179583,2023,5,Sheridan,70855.0,352200.0,950.0,1247.0,15236.0,9442.0,13515.0,31585.0,322.02,5.833313420618987,0.06428593373270312,0.08184562877395642,0.6986311505734369,0.023103560735598716,0.028404307817353258,-0.005300747081754542,1
2546,Sheridan County,WY,56033,2023-06-30,417097.7425650622,2023,6,Sheridan,70855.0,352200.0,950.0,1247.0,15236.0,9442.0,13515.0,31585.0,322.02,5.8866380998526875,0.06370359339898682,0.08184562877395642,0.6986311505734369,0.022154963267396965,0.028404307817353258,-0.006249344549956293,1
2546,Sheridan County,WY,56033,2023-07-31,419308.3446950087,2023,7,Sheridan,70855.0,352200.0,950.0,1247.0,15236.0,9442.0,13515.0,31585.0,322.02,5.917837057300243,0.06336774675764349,0.08184562877395642,0.6986311505734369,0.020981614458103204,0.028404307817353258,-0.007422693359250054,1
2546,Sheridan County,WY,56033,2023-08-31,419865.171695111,2023,8,Sheridan,70855.0,352200.0,950.0,1247.0,15236.0,9442.0,13515.0,31585.0,322.02,5.925695740527994,0.06328370817881152,0.08184562877395642,0.6986311505734369,0.02141803824869548,0.028404307817353258,-0.006986269568657777,1
2546,Sheridan County,WY,56033,2023-09-30,419926.3497043222,2023,9,Sheridan,70855.0,352200.0,950.0,1247.0,15236.0,9442.0,13515.0,31585.0,322.02,5.926559165963194,0.06327448853521304,0.08184562877395642,0.6986311505734369,0.021973804122764617,0.028404307817353258,-0.006430503694588641,1
2546,Sheridan County,WY,56033,2023-10-31,418507.6822886064,2023,10,Sheridan,70855.0,352200.0,950.0,1247.0,15236.0,9442.0,13515.0,31585.0,322.02,5.906537044507888,0.06348897791958971,0.08184562877395642,0.6986311505734369,0.01705750967139652,0.028404307817353258,-0.011346798145956738,1
2546,Sheridan County,WY,56033,2023-11-30,416535.8429628344,2023,11,Sheridan,70855.0,352200.0,950.0,1247.0,15236.0,9442.0,13515.0,31585.0,322.02,5.878707825316977,0.06378952843770223,0.08184562877395642,0.6986311505734369,0.009602870933762109,0.028404307817353258,-0.01880143688359115,1
2546,Sheridan County,WY,56033,2023-12-31,413549.44351759856,2023,12,Sheridan,70855.0,352200.0,950.0,1247.0,15236.0,9442.0,13515.0,31585.0,322.02,5.836559784314424,0.06425017713479111,0.08184562877395642,0.6986311505734369,0.003053281742235736,0.028404307817353258,-0.025351026075117522,1
2563,Sublette County,WY,56035,2014-01-31,277017.4607016995,2014,1,Sublette,78578.0,284400.0,1180.0,1449.0,5815.0,2587.0,3540.0,10183.0,154.08,3.5253819224426617,0.10637145371760756,0.24918314703353397,0.7307909604519774,,,,1
2563,Sublette County,WY,56035,2014-02-28,275925.2181028741,2014,2,Sublette,78578.0,284400.0,1180.0,1449.0,5815.0,2587.0,3540.0,10183.0,154.08,3.5114818155574605,0.10679252227324075,0.24918314703353397,0.7307909604519774,,,,1
2563,Sublette County,WY,56035,2014-03-31,275439.98988958367,2014,3,Sublette,78578.0,284400.0,1180.0,1449.0,5815.0,2587.0,3540.0,10183.0,154.08,3.5053067002161375,0.10698065307006585,0.24918314703353397,0.7307909604519774,,,,1
2563,Sublette County,WY,56035,2014-04-30,275223.29588680965,2014,4,Sublette,78578.0,284400.0,1180.0,1449.0,5815.0,2587.0,3540.0,10183.0,154.08,3.502549007187885,0.10706488309811793,0.24918314703353397,0.7307909604519774,,,,1
2563,Sublette County,WY,56035,2014-05-31,274987.79670306534,2014,5,Sublette,78578.0,284400.0,1180.0,1449.0,5815.0,2587.0,3540.0,10183.0,154.08,3.49955199550848,0.10715657332175542,0.24918314703353397,0.7307909604519774,,,,1
2563,Sublette County,WY,56035,2014-06-30,275093.0175839357,2014,6,Sublette,78578.0,284400.0,1180.0,1449.0,5815.0,2587.0,3540.0,10183.0,154.08,3.500891058361573,0.107115586788782,0.24918314703353397,0.7307909604519774,,,,1
2563,Sublette County,WY,56035,2014-07-31,275689.4664679829,2014,7,Sublette,78578.0,284400.0,1180.0,1449.0,5815.0,2587.0,3540.0,10183.0,154.08,3.5084815911321607,0.10688384426694121,0.24918314703353397,0.7307909604519774,,,,1
2563,Sublette County,WY,56035,2014-08-31,276645.96561943257,2014,8,Sublette,78578.0,284400.0,1180.0,1449.0,5815.0,2587.0,3540.0,10183.0,154.08,3.5206541986234385,0.10651429502693659,0.24918314703353397,0.7307909604519774,,,,1
2563,Sublette County,WY,56035,2014-09-30,278302.5447671138,2014,9,Sublette,78578.0,284400.0,1180.0,1449.0,5815.0,2587.0,3540.0,10183.0,154.08,3.5417361700108656,0.1058802750965071,0.24918314703353397,0.7307909604519774,,,,1
2563,Sublette County,WY,56035,2014-10-31,280631.7941613801,2014,10,Sublette,78578.0,284400.0,1180.0,1449.0,5815.0,2587.0,3540.0,10183.0,154.08,3.571378683109523,0.10500146673706846,0.24918314703353397,0.7307909604519774,,,,1
2563,Sublette County,WY,56035,2014-11-30,282790.18030473206,2014,11,Sublette,78578.0,284400.0,1180.0,1449.0,5815.0,2587.0,3540.0,10183.0,154.08,3.598846754877091,0.10420004672102441,0.24918314703353397,0.7307909604519774,,,,1
2563,Sublette County,WY,56035,2014-12-31,285415.553257918,2014,12,Sublette,78578.0,284400.0,1180.0,1449.0,5815.0,2587.0,3540.0,10183.0,154.08,3.6322577980849347,0.10324157062797534,0.24918314703353397,0.7307909604519774,,,,1
2563,Sublette County,WY,56035,2015-01-31,287031.4138046149,2015,1,Sublette,81772.0,275600.0,1171.0,1524.0,5843.0,2664.0,3623.0,10117.0,154.14,3.510143004997003,0.10683325421960127,0.2608249187061441,0.7353022357162572,0.03614917658096206,0.040647509481025246,-0.004498332900063184,1
2563,Sublette County,WY,56035,2015-02-28,288312.11081219953,2015,2,Sublette,81772.0,275600.0,1171.0,1524.0,5843.0,2664.0,3623.0,10117.0,154.14,3.525804808641094,0.10635869549016,0.2608249187061441,0.7353022357162572,0.04489220954319295,0.040647509481025246,0.004244700062167706,1
2563,Sublette County,WY,56035,2015-03-31,288374.178454086,2015,3,Sublette,81772.0,275600.0,1171.0,1524.0,5843.0,2664.0,3623.0,10117.0,154.14,3.5265638415849683,0.10633580358819227,0.2608249187061441,0.7353022357162572,0.04695828143795433,0.040647509481025246,0.006310771956929084,1
2563,Sublette County,WY,56035,2015-04-30,289123.4172184966,2015,4,Sublette,81772.0,275600.0,1171.0,1524.0,5843.0,2664.0,3623.0,10117.0,154.14,3.5357263760027466,0.10606024339019968,0.2608249187061441,0.7353022357162572,0.05050488653912355,0.040647509481025246,0.009857377058098304,1
2563,Sublette County,WY,56035,2015-05-31,290550.4049178878,2015,5,Sublette,81772.0,275600.0,1171.0,1524.0,5843.0,2664.0,3623.0,10117.0,154.14,3.553177186786282,0.10553934698065921,0.2608249187061441,0.7353022357162572,0.056593813985233554,0.040647509481025246,0.01594630450420831,1
2563,Sublette County,WY,56035,2015-06-30,291929.7717426298,2015,6,Sublette,81772.0,275600.0,1171.0,1524.0,5843.0,2664.0,3623.0,10117.0,154.14,3.5700456359466544,0.10504067405305388,0.2608249187061441,0.7353022357162572,0.061203858631406094,0.040647509481025246,0.020556349150380848,1
2563,Sublette County,WY,56035,2015-07-31,293679.3456482271,2015,7,Sublette,81772.0,275600.0,1171.0,1524.0,5843.0,2664.0,3623.0,10117.0,154.14,3.591441393731682,0.10441490167555172,0.2608249187061441,0.7353022357162572,0.06525414050352696,0.040647509481025246,0.024606631022501713,1
2563,Sublette County,WY,56035,2015-08-31,294788.16782300343,2015,8,Sublette,81772.0,275600.0,1171.0,1524.0,5843.0,2664.0,3623.0,10117.0,154.14,3.605001318580974,0.10402215335322264,0.2608249187061441,0.7353022357162572,0.06557913166363738,0.040647509481025246,0.024931622182612134,1
2563,Sublette County,WY,56035,2015-09-30,296001.8421694346,2015,9,Sublette,81772.0,275600.0,1171.0,1524.0,5843.0,2664.0,3623.0,10117.0,154.14,3.6198434937317736,0.10359563905162222,0.2608249187061441,0.7353022357162572,0.06359732505188442,0.040647509481025246,0.022949815570859178,1
2563,Sublette County,WY,56035,2015-10-31,296166.4136245146,2015,10,Sublette,81772.0,275600.0,1171.0,1524.0,5843.0,2664.0,3623.0,10117.0,154.14,3.6218560586082593,0.10353807383060333,0.2608249187061441,0.7353022357162572,0.05535587836566069,0.040647509481025246,0.014708368884635448,1
2563,Sublette County,WY,56035,2015-11-30,296567.53100039385,2015,11,Sublette,81772.0,275600.0,1171.0,1524.0,5843.0,2664.0,3623.0,10117.0,154.14,3.6267613730909583,0.10339803516777861,0.2608249187061441,0.7353022357162572,0.0487193391256211,0.040647509481025246,0.008071829644595852,1
2563,Sublette County,WY,56035,2015-12-31,296906.1527547667,2015,12,Sublette,81772.0,275600.0,1171.0,1524.0,5843.0,2664.0,3623.0,10117.0,154.14,3.6309024208135634,0.10328010960866722,0.2608249187061441,0.7353022357162572,0.04025919178435644,0.040647509481025246,-0.0003883176966688051,1
2563,Sublette County,WY,56035,2016-01-31,298335.2894514107,2016,1,Sublette,76004.0,264700.0,1066.0,1891.0,5859.0,2285.0,3203.0,10032.0,154.12,3.9252577423742263,0.09553512778327213,0.32275132275132273,0.7133936934124259,0.03938201570679101,-0.07053759232989287,0.10991960803668388,1
2563,Sublette County,WY,56035,2016-02-29,300505.4341527848,2016,2,Sublette,76004.0,264700.0,1066.0,1891.0,5859.0,2285.0,3203.0,10032.0,154.12,3.953810775127425,0.09484520664444654,0.32275132275132273,0.7133936934124259,0.042292095556567766,-0.07053759232989287,0.11282968788646064,1
2563,Sublette County,WY,56035,2016-03-31,302062.4703741153,2016,3,Sublette,76004.0,264700.0,1066.0,1891.0,5859.0,2285.0,3203.0,10032.0,154.12,3.9742970156059587,0.09435630968885297,0.32275132275132273,0.7133936934124259,0.04746712064654801,-0.07053759232989287,0.11800471297644088,1
2563,Sublette County,WY,56035,2016-04-30,301694.3892650333,2016,4,Sublette,76004.0,264700.0,1066.0,1891.0,5859.0,2285.0,3203.0,10032.0,154.12,3.9694540980084376,0.09447142875090701,0.32275132275132273,0.7133936934124259,0.0434796052408184,-0.07053759232989287,0.11401719757071127,1
2563,Sublette County,WY,56035,2016-05-31,300362.40893654275,2016,5,Sublette,76004.0,264700.0,1066.0,1891.0,5859.0,2285.0,3203.0,10032.0,154.12,3.951928963430119,0.09489036960687541,0.32275132275132273,0.7133936934124259,0.03377040214907945,-0.07053759232989287,0.10430799447897232,1
2563,Sublette County,WY,56035,2016-06-30,299092.5401684588,2016,6,Sublette,76004.0,264700.0,1066.0,1891.0,5859.0,2285.0,3203.0,10032.0,154.12,3.935221043214289,0.0952932493199162,0.32275132275132273,0.7133936934124259,0.024535929936408962,-0.07053759232989287,0.09507352226630184,1
2563,Sublette County,WY,56035,2016-07-31,298345.081820863,2016,7,Sublette,76004.0,264700.0,1066.0,1891.0,5859.0,2285.0,3203.0,10032.0,154.12,3.925386582559642,0.09553199210139256,0.32275132275132273,0.7133936934124259,0.015887178454233597,-0.07053759232989287,0.08642477078412647,1
2563,Sublette County,WY,56035,2016-08-31,297105.2308377127,2016,8,Sublette,76004.0,264700.0,1066.0,1891.0,5859.0,2285.0,3203.0,10032.0,154.12,3.909073612411356,0.09593065702558541,0.32275132275132273,0.7133936934124259,0.007860095036448245,-0.07053759232989287,0.07839768736634112,1
2563,Sublette County,WY,56035,2016-09-30,296484.7214216832,2016,9,Sublette,76004.0,264700.0,1066.0,1891.0,5859.0,2285.0,3203.0,10032.0,154.12,3.9009094445250674,0.09613142917898623,0.32275132275132273,0.7133936934124259,0.001631338672454019,-0.07053759232989287,0.07216893100234689,1
2563,Sublette County,WY,56035,2016-10-31,295873.110443573,2016,10,Sublette,76004.0,264700.0,1066.0,1891.0,5859.0,2285.0,3203.0,10032.0,154.12,3.892862355186214,0.09633014624840544,0.32275132275132273,0.7133936934124259,-0.0009903323518427598,-0.07053759232989287,0.06954725997805011,1
2563,Sublette County,WY,56035,2016-11-30,295798.361539059,2016,11,Sublette,76004.0,264700.0,1066.0,1891.0,5859.0,2285.0,3203.0,10032.0,154.12,3.8918788687313697,0.09635448909082779,0.32275132275132273,0.7133936934124259,-0.0025935727311086065,-0.07053759232989287,0.06794401959878427,1
2563,Sublette County,WY,56035,2016-12-31,295695.7967043758,2016,12,Sublette,76004.0,264700.0,1066.0,1891.0,5859.0,2285.0,3203.0,10032.0,154.12,3.8905294024574473,0.09638791054069192,0.32275132275132273,0.7133936934124259,-0.004076561024959902,-0.07053759232989287,0.06646103130493297,1
2563,Sublette County,WY,56035,2017-01-31,295580.5558581994,2017,1,Sublette,84911.0,264800.0,1078.0,1871.0,5953.0,2419.0,3197.0,10037.0,153.17,3.481063182134228,0.10772570918120732,0.3142953132874181,0.7566468564279012,-0.009233683344256005,0.11719120046313347,-0.12642488380738948,1
2563,Sublette County,WY,56035,2017-02-28,295401.49238464964,2017,2,Sublette,84911.0,264800.0,1078.0,1871.0,5953.0,2419.0,3197.0,10037.0,153.17,3.4789543449570686,0.10779100925644013,0.3142953132874181,0.7566468564279012,-0.016984524032068626,0.11719120046313347,-0.1341757244952021,1
2563,Sublette County,WY,56035,2017-03-31,294544.7539611733,2017,3,Sublette,84911.0,264800.0,1078.0,1871.0,5953.0,2419.0,3197.0,10037.0,153.17,3.4688645047305213,0.10810453953696063,0.3142953132874181,0.7566468564279012,-0.024887952494167864,0.11719120046313347,-0.14207915295730134,1
2563,Sublette County,WY,56035,2017-04-30,294946.4986727972,2017,4,Sublette,84911.0,264800.0,1078.0,1871.0,5953.0,2419.0,3197.0,10037.0,153.17,3.473595867117302,0.10795729104526147,0.3142953132874181,0.7566468564279012,-0.02236664264348709,0.11719120046313347,-0.13955784310662056,1
2563,Sublette County,WY,56035,2017-05-31,294902.3590443823,2017,5,Sublette,84911.0,264800.0,1078.0,1871.0,5953.0,2419.0,3197.0,10037.0,153.17,3.4730760330744226,0.1079734495959318,0.3142953132874181,0.7566468564279012,-0.018178206492257765,0.11719120046313347,-0.13536940695539124,1
2563,Sublette County,WY,56035,2017-06-30,295419.2697949032,2017,6,Sublette,84911.0,264800.0,1078.0,1871.0,5953.0,2419.0,3197.0,10037.0,153.17,3.479163710177753,0.10778452272969959,0.3142953132874181,0.7566468564279012,-0.012281384121070826,0.11719120046313347,-0.1294725845842043,1
2563,Sublette County,WY,56035,2017-07-31,294874.6523010131,2017,7,Sublette,84911.0,264800.0,1078.0,1871.0,5953.0,2419.0,3197.0,10037.0,153.17,3.472749729728929,0.10798359489880982,0.3142953132874181,0.7566468564279012,-0.011632266564171712,0.11719120046313347,-0.12882346702730518,1
2563,Sublette County,WY,56035,2017-08-31,294674.81171994755,2017,8,Sublette,84911.0,264800.0,1078.0,1871.0,5953.0,2419.0,3197.0,10037.0,153.17,3.47039619978504,0.1080568264866207,0.3142953132874181,0.7566468564279012,-0.00818033095853743,0.11719120046313347,-0.1253715314216709,1
2563,Sublette County,WY,56035,2017-09-30,294622.63091162924,2017,9,Sublette,84911.0,264800.0,1078.0,1871.0,5953.0,2419.0,3197.0,10037.0,153.17,3.4697816644678454,0.10807596450236966,0.3142953132874181,0.7566468564279012,-0.006280561443857913,0.11719120046313347,-0.12347176190699138,1
2563,Sublette County,WY,56035,2017-10-31,295208.62350428995,2017,10,Sublette,84911.0,264800.0,1078.0,1871.0,5953.0,2419.0,3197.0,10037.0,153.17,3.4766829209912724,0.1078614324406322,0.3142953132874181,0.7566468564279012,-0.002245851061919213,0.11719120046313347,-0.11943705152505268,1
2563,Sublette County,WY,56035,2017-11-30,295855.9173739529,2017,11,Sublette,84911.0,264800.0,1078.0,1871.0,5953.0,2419.0,3197.0,10037.0,153.17,3.4843061249302556,0.10762544580020397,0.3142953132874181,0.7566468564279012,0.00019457793678911983,0.11719120046313347,-0.11699662252634435,1
2563,Sublette County,WY,56035,2017-12-31,296062.3028509749,2017,12,Sublette,84911.0,264800.0,1078.0,1871.0,5953.0,2419.0,3197.0,10037.0,153.17,3.486736734356855,0.10755041993991281,0.3142953132874181,0.7566468564279012,0.0012394702619513698,0.11719120046313347,-0.1159517302011821,1
2563,Sublette County,WY,56035,2018-01-31,295507.4191338048,2018,1,Sublette,78680.0,272600.0,980.0,1959.0,5989.0,2654.0,3275.0,9951.0,162.23,3.7558136646391054,0.09984520891720905,0.3270996827517115,0.8103816793893129,-0.00024743415270422897,-0.07338271837571109,0.07313528422300686,1
2563,Sublette County,WY,56035,2018-02-28,293921.39227995434,2018,2,Sublette,78680.0,272600.0,980.0,1959.0,5989.0,2654.0,3275.0,9951.0,162.23,3.7356557229277367,0.10038398284360693,0.3270996827517115,0.8103816793893129,-0.005010469286214847,-0.07338271837571109,0.06837224908949624,1
2563,Sublette County,WY,56035,2018-03-31,292191.0362584892,2018,3,Sublette,78680.0,272600.0,980.0,1959.0,5989.0,2654.0,3275.0,9951.0,162.23,3.713663399319893,0.10097845703212524,0.3270996827517115,0.8103816793893129,-0.00799103589872241,-0.07338271837571109,0.06539168247698868,1
2563,Sublette County,WY,56035,2018-04-30,290439.2779655259,2018,4,Sublette,78680.0,272600.0,980.0,1959.0,5989.0,2654.0,3275.0,9951.0,162.23,3.691399059043288,0.10158749948242927,0.3270996827517115,0.8103816793893129,-0.015281485718775856,-0.07338271837571109,0.05810123265693523,1
2563,Sublette County,WY,56035,2018-05-31,289297.254343862,2018,5,Sublette,78680.0,272600.0,980.0,1959.0,5989.0,2654.0,3275.0,9951.0,162.23,3.6768842697491357,0.10198852411136271,0.3270996827517115,0.8103816793893129,-0.019006645856219584,-0.07338271837571109,0.0543760725194915,1
2563,Sublette County,WY,56035,2018-06-30,288039.65860645124,2018,6,Sublette,78680.0,272600.0,980.0,1959.0,5989.0,2654.0,3275.0,9951.0,162.23,3.6609005923544897,0.10243381117290067,0.3270996827517115,0.8103816793893129,-0.02498012805182026,-0.07338271837571109,0.048402590323890826,1
2563,Sublette County,WY,56035,2018-07-31,287267.6845511012,2018,7,Sublette,78680.0,272600.0,980.0,1959.0,5989.0,2654.0,3275.0,9951.0,162.23,3.6510890258147075,0.1027090814134071,0.3270996827517115,0.8103816793893129,-0.025797292817649864,-0.07338271837571109,0.04758542555806122,1
2563,Sublette County,WY,56035,2018-08-31,287150.2959515374,2018,8,Sublette,78680.0,272600.0,980.0,1959.0,5989.0,2654.0,3275.0,9951.0,162.23,3.6495970507312836,0.10275106944336768,0.3270996827517115,0.8103816793893129,-0.025534981169552107,-0.07338271837571109,0.04784773720615898,1
2563,Sublette County,WY,56035,2018-09-30,288247.6423697173,2018,9,Sublette,78680.0,272600.0,980.0,1959.0,5989.0,2654.0,3275.0,9951.0,162.23,3.6635440057157767,0.1023599005266304,0.3270996827517115,0.8103816793893129,-0.021637810110466615,-0.07338271837571109,0.05174490826524447,1
2563,Sublette County,WY,56035,2018-10-31,289812.1809749789,2018,10,Sublette,78680.0,272600.0,980.0,1959.0,5989.0,2654.0,3275.0,9951.0,162.23,3.683428838014475,0.10180731500221976,0.3270996827517115,0.8103816793893129,-0.01828009786859308,-0.07338271837571109,0.055102620507118005,1
2563,Sublette County,WY,56035,2018-11-30,291888.91342217795,2018,11,Sublette,78680.0,272600.0,980.0,1959.0,5989.0,2654.0,3275.0,9951.0,162.23,3.7098235056199536,0.10108297589680973,0.3270996827517115,0.8103816793893129,-0.013408567207262578,-0.07338271837571109,0.05997415116844851,1
2563,Sublette County,WY,56035,2018-12-31,293189.10642697493,2018,12,Sublette,78680.0,272600.0,980.0,1959.0,5989.0,2654.0,3275.0,9951.0,162.23,3.7263485819391833,0.10063470761096936,0.3270996827517115,0.8103816793893129,-0.00970470200472029,-0.07338271837571109,0.0636780163709908,1
2563,Sublette County,WY,56035,2019-01-31,290773.5278593653,2019,1,Sublette,77403.0,275100.0,895.0,1906.0,6028.0,2741.0,3340.0,9880.0,166.45,3.7566183204703343,0.099823822387431,0.3161911081619111,0.8206586826347305,-0.016019534427648474,-0.016230299949161142,0.00021076552151266803,1
2563,Sublette County,WY,56035,2019-02-28,285173.629923098,2019,2,Sublette,77403.0,275100.0,895.0,1906.0,6028.0,2741.0,3340.0,9880.0,166.45,3.684271022093433,0.10178404296297448,0.3161911081619111,0.8206586826347305,-0.02976225135911248,-0.016230299949161142,-0.013531951409951337,1
2563,Sublette County,WY,56035,2019-03-31,278310.18293358735,2019,3,Sublette,77403.0,275100.0,895.0,1906.0,6028.0,2741.0,3340.0,9880.0,166.45,3.5955994332724486,0.10429415371742416,0.3161911081619111,0.8206586826347305,-0.04750608883368357,-0.016230299949161142,-0.031275788884522426,1
2563,Sublette County,WY,56035,2019-04-30,274602.1337950116,2019,4,Sublette,77403.0,275100.0,895.0,1906.0,6028.0,2741.0,3340.0,9880.0,166.45,3.5476936784751447,0.10570247433571575,0.3161911081619111,0.8206586826347305,-0.05452824522031119,-0.016230299949161142,-0.03829794527115005,1
2563,Sublette County,WY,56035,2019-05-31,273028.50899814506,2019,5,Sublette,77403.0,275100.0,895.0,1906.0,6028.0,2741.0,3340.0,9880.0,166.45,3.527363396743602,0.10631170021954446,0.3161911081619111,0.8206586826347305,-0.05623539491453222,-0.016230299949161142,-0.04000509496537108,1
2563,Sublette County,WY,56035,2019-06-30,273495.05360558745,2019,6,Sublette,77403.0,275100.0,895.0,1906.0,6028.0,2741.0,3340.0,9880.0,166.45,3.533390871227051,0.10613034721227221,0.3161911081619111,0.8206586826347305,-0.05049514733919358,-0.016230299949161142,-0.03426484739003244,1
2563,Sublette County,WY,56035,2019-07-31,274153.8583661231,2019,7,Sublette,77403.0,275100.0,895.0,1906.0,6028.0,2741.0,3340.0,9880.0,166.45,3.541902230742001,0.10587531094031366,0.3161911081619111,0.8206586826347305,-0.04565019628111111,-0.016230299949161142,-0.02941989633194997,1
2563,Sublette County,WY,56035,2019-08-31,275329.1829942322,2019,8,Sublette,77403.0,275100.0,895.0,1906.0,6028.0,2741.0,3340.0,9880.0,166.45,3.557086714910691,0.10542335063918035,0.3161911081619111,0.8206586826347305,-0.041166988590881415,-0.016230299949161142,-0.024936688641720273,1
2563,Sublette County,WY,56035,2019-09-30,275419.6423338976,2019,9,Sublette,77403.0,275100.0,895.0,1906.0,6028.0,2741.0,3340.0,9880.0,166.45,3.55825539493169,0.10538872519778729,0.3161911081619111,0.8206586826347305,-0.04450339968215955,-0.016230299949161142,-0.028273099732998408,1
2563,Sublette County,WY,56035,2019-10-31,276169.6024480832,2019,10,Sublette,77403.0,275100.0,895.0,1906.0,6028.0,2741.0,3340.0,9880.0,166.45,3.5679444265478497,0.10510253388751059,0.3161911081619111,0.8206586826347305,-0.047073861702429665,-0.016230299949161142,-0.030843561753268522,1
2563,Sublette County,WY,56035,2019-11-30,277254.1430848485,2019,11,Sublette,77403.0,275100.0,895.0,1906.0,6028.0,2741.0,3340.0,9880.0,166.45,3.5819560363919805,0.10469140218083987,0.3161911081619111,0.8206586826347305,-0.05013815072915173,-0.016230299949161142,-0.03390785077999059,1
2563,Sublette County,WY,56035,2019-12-31,279060.1069782605,2019,12,Sublette,77403.0,275100.0,895.0,1906.0,6028.0,2741.0,3340.0,9880.0,166.45,3.6052879988922975,0.104013881863312,0.3161911081619111,0.8206586826347305,-0.04819073812428143,-0.016230299949161142,-0.03196043817512029,1
2563,Sublette County,WY,56035,2020-01-31,279671.9338468815,2020,1,Sublette,78655.0,290300.0,877.0,1623.0,6054.0,2932.0,3529.0,9865.0,171.8,3.5556790267227956,0.10546508759133712,0.26808721506442024,0.8308302635307453,-0.03817952099770627,0.016175083653088285,-0.05435460465079456,1
2563,Sublette County,WY,56035,2020-02-29,279753.8149102752,2020,2,Sublette,78655.0,290300.0,877.0,1623.0,6054.0,2932.0,3529.0,9865.0,171.8,3.5567200420860114,0.10543421904527042,0.26808721506442024,0.8308302635307453,-0.019005316214842027,0.016175083653088285,-0.03518039986793031,1
2563,Sublette County,WY,56035,2020-03-31,279249.01864413416,2020,3,Sublette,78655.0,290300.0,877.0,1623.0,6054.0,2932.0,3529.0,9865.0,171.8,3.550302188597472,0.10562481165811458,0.26808721506442024,0.8308302635307453,0.003373343011207286,0.016175083653088285,-0.012801740641880999,1
2563,Sublette County,WY,56035,2020-04-30,280000.5169181137,2020,4,Sublette,78655.0,290300.0,877.0,1623.0,6054.0,2932.0,3529.0,9865.0,171.8,3.5598565497185644,0.10534132338272079,0.26808721506442024,0.8308302635307453,0.01965892634735278,0.016175083653088285,0.003483842694264494,1
2563,Sublette County,WY,56035,2020-05-31,280396.6952477636,2020,5,Sublette,78655.0,290300.0,877.0,1623.0,6054.0,2932.0,3529.0,9865.0,171.8,3.5648934619256702,0.10519248443330308,0.26808721506442024,0.8308302635307453,0.026986875021423495,0.016175083653088285,0.01081179136833521,1
2563,Sublette County,WY,56035,2020-06-30,281607.22517079266,2020,6,Sublette,78655.0,290300.0,877.0,1623.0,6054.0,2932.0,3529.0,9865.0,171.8,3.580283836638391,0.10474029912446715,0.26808721506442024,0.8308302635307453,0.02966112716942937,0.016175083653088285,0.013486043516341084,1
2563,Sublette County,WY,56035,2020-07-31,283033.49492212594,2020,7,Sublette,78655.0,290300.0,877.0,1623.0,6054.0,2932.0,3529.0,9865.0,171.8,3.598417073576072,0.10421248908407624,0.26808721506442024,0.8308302635307453,0.03238924525419007,0.016175083653088285,0.016214161601101784,1
2563,Sublette County,WY,56035,2020-08-31,285943.62294850213,2020,8,Sublette,78655.0,290300.0,877.0,1623.0,6054.0,2932.0,3529.0,9865.0,171.8,3.6354157135401706,0.10315188950834585,0.26808721506442024,0.8308302635307453,0.038551815825830005,0.016175083653088285,0.02237673217274172,1
2563,Sublette County,WY,56035,2020-09-30,289162.1002301441,2020,9,Sublette,78655.0,290300.0,877.0,1623.0,6054.0,2932.0,3529.0,9865.0,171.8,3.6763346288239034,0.1020037721974091,0.26808721506442024,0.8308302635307453,0.049896433601443135,0.016175083653088285,0.03372134994835485,1
2563,Sublette County,WY,56035,2020-10-31,291975.73762638617,2020,10,Sublette,78655.0,290300.0,877.0,1623.0,6054.0,2932.0,3529.0,9865.0,171.8,3.7121065110468012,0.10102080823490467,0.26808721506442024,0.8308302635307453,0.05723343567934602,0.016175083653088285,0.04105835202625774,1
2563,Sublette County,WY,56035,2020-11-30,295384.746479239,2020,11,Sublette,78655.0,290300.0,877.0,1623.0,6054.0,2932.0,3529.0,9865.0,171.8,3.7554477970788764,0.09985493615213839,0.26808721506442024,0.8308302635307453,0.06539344441407335,0.016175083653088285,0.04921836076098507,1
2563,Sublette County,WY,56035,2020-12-31,298839.30711417267,2020,12,Sublette,78655.0,290300.0,877.0,1623.0,6054.0,2932.0,3529.0,9865.0,171.8,3.7993682170767613,0.09870062035959373,0.26808721506442024,0.8308302635307453,0.07087792071065535,0.016175083653088285,0.054702837057567066,1
2563,Sublette County,WY,56035,2021-01-31,301675.0051327276,2021,1,Sublette,82342.0,309500.0,1008.0,1100.0,5246.0,2738.0,3337.0,8830.0,195.43,3.6636832373846593,0.10235601052335949,0.20968356843309188,0.8204974528019179,0.07867457768534125,0.046875595957027505,0.03179898172831375,1
2563,Sublette County,WY,56035,2021-02-28,303774.7859568957,2021,2,Sublette,82342.0,309500.0,1008.0,1100.0,5246.0,2738.0,3337.0,8830.0,195.43,3.689183963917511,0.1016484956206388,0.20968356843309188,0.8204974528019179,0.08586467732111047,0.046875595957027505,0.03898908136408297,1
2563,Sublette County,WY,56035,2021-03-31,306130.30604322464,2021,3,Sublette,82342.0,309500.0,1008.0,1100.0,5246.0,2738.0,3337.0,8830.0,195.43,3.717790508406702,0.10086636112283533,0.20968356843309188,0.8204974528019179,0.09626278197721128,0.046875595957027505,0.04938718602018377,1
2563,Sublette County,WY,56035,2021-04-30,309970.1909031333,2021,4,Sublette,82342.0,309500.0,1008.0,1100.0,5246.0,2738.0,3337.0,8830.0,195.43,3.764423877281743,0.09961683705788842,0.20968356843309188,0.8204974528019179,0.1070343523465147,0.046875595957027505,0.0601587563894872,1
2563,Sublette County,WY,56035,2021-05-31,314212.06160360604,2021,5,Sublette,82342.0,309500.0,1008.0,1100.0,5246.0,2738.0,3337.0,8830.0,195.43,3.815939151388186,0.09827200726289886,0.20968356843309188,0.8204974528019179,0.12059830564680007,0.046875595957027505,0.07372270968977257,1
2563,Sublette County,WY,56035,2021-06-30,318218.1458383137,2021,6,Sublette,82342.0,309500.0,1008.0,1100.0,5246.0,2738.0,3337.0,8830.0,195.43,3.864590923687956,0.09703484984696381,0.20968356843309188,0.8204974528019179,0.1300070360244372,0.046875595957027505,0.08313144006740969,1
2563,Sublette County,WY,56035,2021-07-31,322018.6353811374,2021,7,Sublette,82342.0,309500.0,1008.0,1100.0,5246.0,2738.0,3337.0,8830.0,195.43,3.9107458572919946,0.09588963683251707,0.20968356843309188,0.8204974528019179,0.13774037758229962,0.046875595957027505,0.09086478162527212,1
2563,Sublette County,WY,56035,2021-08-31,325710.47348584305,2021,8,Sublette,82342.0,309500.0,1008.0,1100.0,5246.0,2738.0,3337.0,8830.0,195.43,3.9555812766977128,0.09480275432819975,0.20968356843309188,0.8204974528019179,0.1390723462453396,0.046875595957027505,0.09219675028831209,1
2563,Sublette County,WY,56035,2021-09-30,329108.5251700969,2021,9,Sublette,82342.0,309500.0,1008.0,1100.0,5246.0,2738.0,3337.0,8830.0,195.43,3.996848815550957,0.0938239141147767,0.20968356843309188,0.8204974528019179,0.13814543782936783,0.046875595957027505,0.09126984187234033,1
2563,Sublette County,WY,56035,2021-10-31,332627.75646071375,2021,10,Sublette,82342.0,309500.0,1008.0,1100.0,5246.0,2738.0,3337.0,8830.0,195.43,4.039588016573726,0.0928312487465158,0.20968356843309188,0.8204974528019179,0.13923081131606252,0.046875595957027505,0.09235521535903501,1
2563,Sublette County,WY,56035,2021-11-30,336380.3496595958,2021,11,Sublette,82342.0,309500.0,1008.0,1100.0,5246.0,2738.0,3337.0,8830.0,195.43,4.085161274435839,0.09179564154460158,0.20968356843309188,0.8204974528019179,0.13878713667172438,0.046875595957027505,0.09191154071469687,1
2563,Sublette County,WY,56035,2021-12-31,340176.1454575803,2021,12,Sublette,82342.0,309500.0,1008.0,1100.0,5246.0,2738.0,3337.0,8830.0,195.43,4.131259204993567,0.09077135599400957,0.20968356843309188,0.8204974528019179,0.13832463588069666,0.046875595957027505,0.09144903992366915,1
2563,Sublette County,WY,56035,2022-01-31,343912.11248647835,2022,1,Sublette,85960.0,339400.0,985.0,963.0,5235.0,2882.0,3477.0,8801.0,234.15,4.000838907474154,0.09373034222883728,0.1839541547277937,0.8288754673569169,0.14000864054072926,0.0439386947122975,0.09606994582843176,1
2563,Sublette County,WY,56035,2022-02-28,346872.183822108,2022,2,Sublette,85960.0,339400.0,985.0,963.0,5235.0,2882.0,3477.0,8801.0,234.15,4.035274358098046,0.09293048420547778,0.1839541547277937,0.8288754673569169,0.14187286061104398,0.0439386947122975,0.09793416589874648,1
2563,Sublette County,WY,56035,2022-03-31,350343.955991687,2022,3,Sublette,85960.0,339400.0,985.0,963.0,5235.0,2882.0,3477.0,8801.0,234.15,4.075662587153176,0.09200957929688067,0.1839541547277937,0.8288754673569169,0.14442754956191606,0.0439386947122975,0.10048885484961856,1
2563,Sublette County,WY,56035,2022-04-30,354203.2770630354,2022,4,Sublette,85960.0,339400.0,985.0,963.0,5235.0,2882.0,3477.0,8801.0,234.15,4.1205592957542505,0.09100706313980074,0.1839541547277937,0.8288754673569169,0.1427010966152067,0.0439386947122975,0.09876240190290919,1
2563,Sublette County,WY,56035,2022-05-31,358291.28029188834,2022,5,Sublette,85960.0,339400.0,985.0,963.0,5235.0,2882.0,3477.0,8801.0,234.15,4.168116336573852,0.0899686980206138,0.1839541547277937,0.8288754673569169,0.1402849351591422,0.0439386947122975,0.0963462404468447,1
2563,Sublette County,WY,56035,2022-06-30,363736.06823700975,2022,6,Sublette,85960.0,339400.0,985.0,963.0,5235.0,2882.0,3477.0,8801.0,234.15,4.231457285214167,0.08862195095537166,0.1839541547277937,0.8288754673569169,0.14303999628551556,0.0439386947122975,0.09910130157321806,1
2563,Sublette County,WY,56035,2022-07-31,368600.9228611344,2022,7,Sublette,85960.0,339400.0,985.0,963.0,5235.0,2882.0,3477.0,8801.0,234.15,4.288051685215617,0.08745230410653128,0.1839541547277937,0.8288754673569169,0.14465711720336527,0.0439386947122975,0.10071842249106777,1
2563,Sublette County,WY,56035,2022-08-31,372727.5322303577,2022,8,Sublette,85960.0,339400.0,985.0,963.0,5235.0,2882.0,3477.0,8801.0,234.15,4.336057843536037,0.08648408612883936,0.1839541547277937,0.8288754673569169,0.1443523084822087,0.0439386947122975,0.1004136137699112,1
2563,Sublette County,WY,56035,2022-09-30,374788.6805257406,2022,9,Sublette,85960.0,339400.0,985.0,963.0,5235.0,2882.0,3477.0,8801.0,234.15,4.360035836735,0.08600846737095115,0.1839541547277937,0.8288754673569169,0.13879967202926236,0.0439386947122975,0.09486097731696486,1
2563,Sublette County,WY,56035,2022-10-31,376968.6157421232,2022,10,Sublette,85960.0,339400.0,985.0,963.0,5235.0,2882.0,3477.0,8801.0,234.15,4.385395715939079,0.08551109735366226,0.1839541547277937,0.8288754673569169,0.13330474808600812,0.0439386947122975,0.08936605337371062,1
2563,Sublette County,WY,56035,2022-11-30,379155.9069234154,2022,11,Sublette,85960.0,339400.0,985.0,963.0,5235.0,2882.0,3477.0,8801.0,234.15,4.41084116942084,0.08501779719473303,0.1839541547277937,0.8288754673569169,0.12716425708905654,0.0439386947122975,0.08322556237675904,1
2563,Sublette County,WY,56035,2022-12-31,381164.9814188929,2022,12,Sublette,85960.0,339400.0,985.0,963.0,5235.0,2882.0,3477.0,8801.0,234.15,4.434213371555292,0.08456967867301105,0.1839541547277937,0.8288754673569169,0.12049297550296312,0.0439386947122975,0.07655428079066562,1
2563,Sublette County,WY,56035,2023-01-31,382627.6830769349,2023,1,Sublette,82791.0,350100.0,1116.0,806.0,5239.0,3015.0,3719.0,8806.0,260.03,4.621609632410949,0.0811405613685235,0.15384615384615385,0.8107018015595591,0.11257402453941978,-0.036865984178687805,0.1494400087181076,1
2563,Sublette County,WY,56035,2023-02-28,383470.9249807382,2023,2,Sublette,82791.0,350100.0,1116.0,806.0,5239.0,3015.0,3719.0,8806.0,260.03,4.6317948204604145,0.08096213552972621,0.15384615384615385,0.8107018015595591,0.10551074103249425,-0.036865984178687805,0.14237672521118205,1
2563,Sublette County,WY,56035,2023-03-31,385432.1110067231,2023,3,Sublette,82791.0,350100.0,1116.0,806.0,5239.0,3015.0,3719.0,8806.0,260.03,4.655483216855975,0.0805501776146992,0.15384615384615385,0.8107018015595591,0.10015344753333966,-0.036865984178687805,0.13701943171202746,1
2563,Sublette County,WY,56035,2023-04-30,388704.8599918659,2023,4,Sublette,82791.0,350100.0,1116.0,806.0,5239.0,3015.0,3719.0,8806.0,260.03,4.695013467549201,0.07987197536107392,0.15384615384615385,0.8107018015595591,0.09740616522497736,-0.036865984178687805,0.13427214940366516,1
2563,Sublette County,WY,56035,2023-05-31,393745.79026673216,2023,5,Sublette,82791.0,350100.0,1116.0,806.0,5239.0,3015.0,3719.0,8806.0,260.03,4.755900886167967,0.07884941443810312,0.15384615384615385,0.8107018015595591,0.09895443156182915,-0.036865984178687805,0.13582041574051695,1
2563,Sublette County,WY,56035,2023-06-30,397810.055768756,2023,6,Sublette,82791.0,350100.0,1116.0,806.0,5239.0,3015.0,3719.0,8806.0,260.03,4.804991554260198,0.07804384165202491,0.15384615384615385,0.8107018015595591,0.09367778042166486,-0.036865984178687805,0.13054376460035266,1
2563,Sublette County,WY,56035,2023-07-31,401528.93173858646,2023,7,Sublette,82791.0,350100.0,1116.0,806.0,5239.0,3015.0,3719.0,8806.0,260.03,4.849910397731474,0.07732101611102025,0.15384615384615385,0.8107018015595591,0.089332410298542,-0.036865984178687805,0.1261983944772298,1
2563,Sublette County,WY,56035,2023-08-31,405932.6286183231,2023,8,Sublette,82791.0,350100.0,1116.0,806.0,5239.0,3015.0,3719.0,8806.0,260.03,4.903100924234797,0.07648221111388287,0.15384615384615385,0.8107018015595591,0.089086781943019,-0.036865984178687805,0.1259527661217068,1
2563,Sublette County,WY,56035,2023-09-30,411514.45881940937,2023,9,Sublette,82791.0,350100.0,1116.0,806.0,5239.0,3015.0,3719.0,8806.0,260.03,4.970521660801408,0.07544479746609492,0.15384615384615385,0.8107018015595591,0.0979906283246097,-0.036865984178687805,0.1348566125032975,1
2563,Sublette County,WY,56035,2023-10-31,417010.2244712392,2023,10,Sublette,82791.0,350100.0,1116.0,806.0,5239.0,3015.0,3719.0,8806.0,260.03,5.036902857451163,0.07445051266876372,0.15384615384615385,0.8107018015595591,0.1062200062736991,-0.036865984178687805,0.1430859904523869,1
2563,Sublette County,WY,56035,2023-11-30,420402.0191942197,2023,11,Sublette,82791.0,350100.0,1116.0,806.0,5239.0,3015.0,3719.0,8806.0,260.03,5.077871014895577,0.0738498474852874,0.15384615384615385,0.8107018015595591,0.10878404244176942,-0.036865984178687805,0.14565002662045723,1
2563,Sublette County,WY,56035,2023-12-31,421668.1753508737,2023,12,Sublette,82791.0,350100.0,1116.0,806.0,5239.0,3015.0,3719.0,8806.0,260.03,5.0931644182444185,0.073628096249298,0.15384615384615385,0.8107018015595591,0.10626158200894253,-0.036865984178687805,0.14312756618763034,1
3036,Sweetwater County,WY,56037,2014-01-31,204268.9976346484,2014,1,Sweetwater,69448.0,183400.0,908.0,309.0,18938.0,11774.0,16687.0,44595.0,181.34,2.9413229702028625,0.12749364955802056,0.01631640088710529,0.7055791933840714,,,,0
3036,Sweetwater County,WY,56037,2014-02-28,204553.97025429687,2014,2,Sweetwater,69448.0,183400.0,908.0,309.0,18938.0,11774.0,16687.0,44595.0,181.34,2.945426365831944,0.1273160328671398,0.01631640088710529,0.7055791933840714,,,,0
3036,Sweetwater County,WY,56037,2014-03-31,204501.5534879712,2014,3,Sweetwater,69448.0,183400.0,908.0,309.0,18938.0,11774.0,16687.0,44595.0,181.34,2.9446716030407094,0.12734866584537632,0.01631640088710529,0.7055791933840714,,,,0
3036,Sweetwater County,WY,56037,2014-04-30,204691.1606211096,2014,4,Sweetwater,69448.0,183400.0,908.0,309.0,18938.0,11774.0,16687.0,44595.0,181.34,2.9474018059715124,0.12723070171167034,0.01631640088710529,0.7055791933840714,,,,0
3036,Sweetwater County,WY,56037,2014-05-31,205191.1496322071,2014,5,Sweetwater,69448.0,183400.0,908.0,309.0,18938.0,11774.0,16687.0,44595.0,181.34,2.9546012791182914,0.12692067882401617,0.01631640088710529,0.7055791933840714,,,,0
3036,Sweetwater County,WY,56037,2014-06-30,205353.70166525044,2014,6,Sweetwater,69448.0,183400.0,908.0,309.0,18938.0,11774.0,16687.0,44595.0,181.34,2.956941908553888,0.12682021209655625,0.01631640088710529,0.7055791933840714,,,,0
3036,Sweetwater County,WY,56037,2014-07-31,205605.2793444535,2014,7,Sweetwater,69448.0,183400.0,908.0,309.0,18938.0,11774.0,16687.0,44595.0,181.34,2.9605644416607175,0.12666503546521185,0.01631640088710529,0.7055791933840714,,,,0
3036,Sweetwater County,WY,56037,2014-08-31,205725.33830178363,2014,8,Sweetwater,69448.0,183400.0,908.0,309.0,18938.0,11774.0,16687.0,44595.0,181.34,2.962293202133735,0.12659111519747204,0.01631640088710529,0.7055791933840714,,,,0
3036,Sweetwater County,WY,56037,2014-09-30,206183.5785877093,2014,9,Sweetwater,69448.0,183400.0,908.0,309.0,18938.0,11774.0,16687.0,44595.0,181.34,2.9688915244169634,0.1263097681124079,0.01631640088710529,0.7055791933840714,,,,0
3036,Sweetwater County,WY,56037,2014-10-31,206252.7272235405,2014,10,Sweetwater,69448.0,183400.0,908.0,309.0,18938.0,11774.0,16687.0,44595.0,181.34,2.969887213793637,0.12626742128735158,0.01631640088710529,0.7055791933840714,,,,0
3036,Sweetwater County,WY,56037,2014-11-30,206598.05550650356,2014,11,Sweetwater,69448.0,183400.0,908.0,309.0,18938.0,11774.0,16687.0,44595.0,181.34,2.9748596864777035,0.1260563655168583,0.01631640088710529,0.7055791933840714,,,,0
3036,Sweetwater County,WY,56037,2014-12-31,207216.98502940463,2014,12,Sweetwater,69448.0,183400.0,908.0,309.0,18938.0,11774.0,16687.0,44595.0,181.34,2.983771815306483,0.12567985194989892,0.01631640088710529,0.7055791933840714,,,,0
3036,Sweetwater County,WY,56037,2015-01-31,208146.01035612088,2015,1,Sweetwater,69022.0,190900.0,892.0,280.0,19042.0,11841.0,16679.0,44772.0,184.28,3.0156473349963906,0.12435141060698623,0.014704337779644996,0.7099346483602135,0.018979937074968367,-0.0061340859348001375,0.025114023009768505,0
3036,Sweetwater County,WY,56037,2015-02-28,209149.9349713541,2015,2,Sweetwater,69022.0,190900.0,892.0,280.0,19042.0,11841.0,16679.0,44772.0,184.28,3.0301923295667192,0.12375452090647343,0.014704337779644996,0.7099346483602135,0.022468225433823763,-0.0061340859348001375,0.0286023113686239,0
3036,Sweetwater County,WY,56037,2015-03-31,210456.16479867333,2015,3,Sweetwater,69022.0,190900.0,892.0,280.0,19042.0,11841.0,16679.0,44772.0,184.28,3.0491171626245737,0.1229864186908492,0.014704337779644996,0.7099346483602135,0.029117682526809796,-0.0061340859348001375,0.035251768461609934,0
3036,Sweetwater County,WY,56037,2015-04-30,211935.0600680528,2015,4,Sweetwater,69022.0,190900.0,892.0,280.0,19042.0,11841.0,16679.0,44772.0,184.28,3.07054359578182,0.12212821225373863,0.014704337779644996,0.7099346483602135,0.03538941019711106,-0.0061340859348001375,0.0415234961319112,0
3036,Sweetwater County,WY,56037,2015-05-31,213182.63977326432,2015,5,Sweetwater,69022.0,190900.0,892.0,280.0,19042.0,11841.0,16679.0,44772.0,184.28,3.0886186979986716,0.12141349796366518,0.014704337779644996,0.7099346483602135,0.03894656351105552,-0.0061340859348001375,0.04508064944585566,0
3036,Sweetwater County,WY,56037,2015-06-30,214291.6078319756,2015,6,Sweetwater,69022.0,190900.0,892.0,280.0,19042.0,11841.0,16679.0,44772.0,184.28,3.104685576076839,0.12078517801917309,0.014704337779644996,0.7099346483602135,0.04352444632965491,-0.0061340859348001375,0.049658532264455046,0
3036,Sweetwater County,WY,56037,2015-07-31,215669.84847086773,2015,7,Sweetwater,69022.0,190900.0,892.0,280.0,19042.0,11841.0,16679.0,44772.0,184.28,3.1246537114379143,0.12001329895447234,0.014704337779644996,0.7099346483602135,0.04895092751754149,-0.0061340859348001375,0.055085013452341625,0
3036,Sweetwater County,WY,56037,2015-08-31,217293.3356872591,2015,8,Sweetwater,69022.0,190900.0,892.0,280.0,19042.0,11841.0,16679.0,44772.0,184.28,3.1481750121303222,0.11911663060505749,0.014704337779644996,0.7099346483602135,0.05623029949041114,-0.0061340859348001375,0.06236438542521128,0
3036,Sweetwater County,WY,56037,2015-09-30,218637.130757974,2015,9,Sweetwater,69022.0,190900.0,892.0,280.0,19042.0,11841.0,16679.0,44772.0,184.28,3.167644095476428,0.1183845118634132,0.014704337779644996,0.7099346483602135,0.060400310517294775,-0.0061340859348001375,0.06653439645209491,0
3036,Sweetwater County,WY,56037,2015-10-31,219784.18925475143,2015,10,Sweetwater,69022.0,190900.0,892.0,280.0,19042.0,11841.0,16679.0,44772.0,184.28,3.184262832933723,0.11776666050349405,0.014704337779644996,0.7099346483602135,0.06560622113154069,-0.0061340859348001375,0.07174030706634082,0
3036,Sweetwater County,WY,56037,2015-11-30,220743.10532484367,2015,11,Sweetwater,69022.0,190900.0,892.0,280.0,19042.0,11841.0,16679.0,44772.0,184.28,3.1981557376610885,0.11725507785128975,0.014704337779644996,0.7099346483602135,0.06846651960814243,-0.0061340859348001375,0.07460060554294257,0
3036,Sweetwater County,WY,56037,2015-12-31,221475.3502301066,2015,12,Sweetwater,69022.0,190900.0,892.0,280.0,19042.0,11841.0,16679.0,44772.0,184.28,3.2087646001290397,0.11686740747043875,0.014704337779644996,0.7099346483602135,0.06880886332111547,-0.0061340859348001375,0.0749429492559156,0
3036,Sweetwater County,WY,56037,2016-01-31,221609.3559932516,2016,1,Sweetwater,68233.0,190700.0,891.0,164.0,19102.0,11994.0,16533.0,44812.0,185.61,3.2478325149597937,0.11546161887126812,0.008585488430530834,0.725458174559971,0.06468221809342412,-0.011431137898061494,0.07611335599148561,0
3036,Sweetwater County,WY,56037,2016-02-29,221345.83558480555,2016,2,Sweetwater,68233.0,190700.0,891.0,164.0,19102.0,11994.0,16533.0,44812.0,185.61,3.243970448094112,0.11559908020133747,0.008585488430530834,0.725458174559971,0.05831175905037633,-0.011431137898061494,0.06974289694843783,0
3036,Sweetwater County,WY,56037,2016-03-31,220633.0907481392,2016,3,Sweetwater,68233.0,190700.0,891.0,164.0,19102.0,11994.0,16533.0,44812.0,185.61,3.233524698432418,0.11597251760031285,0.008585488430530834,0.725458174559971,0.04835651148162534,-0.011431137898061494,0.059787649379686836,0
3036,Sweetwater County,WY,56037,2016-04-30,220025.29672057065,2016,4,Sweetwater,68233.0,190700.0,891.0,164.0,19102.0,11994.0,16533.0,44812.0,185.61,3.2246170726858066,0.11629287805254339,0.008585488430530834,0.725458174559971,0.03817318687111082,-0.011431137898061494,0.049604324769172314,0
3036,Sweetwater County,WY,56037,2016-05-31,219681.50519225173,2016,5,Sweetwater,68233.0,190700.0,891.0,164.0,19102.0,11994.0,16533.0,44812.0,185.61,3.2195785791662646,0.11647487109853649,0.008585488430530834,0.725458174559971,0.030484965501409667,-0.011431137898061494,0.04191610339947116,0
3036,Sweetwater County,WY,56037,2016-06-30,219583.7450911283,2016,6,Sweetwater,68233.0,190700.0,891.0,164.0,19102.0,11994.0,16533.0,44812.0,185.61,3.2181458398594276,0.11652672646320479,0.008585488430530834,0.725458174559971,0.02469596132435692,-0.011431137898061494,0.03612709922241841,0
3036,Sweetwater County,WY,56037,2016-07-31,219159.4573838757,2016,7,Sweetwater,68233.0,190700.0,891.0,164.0,19102.0,11994.0,16533.0,44812.0,185.61,3.211927621295791,0.11675231954595333,0.008585488430530834,0.725458174559971,0.01618032811609904,-0.011431137898061494,0.027611466014160535,0
3036,Sweetwater County,WY,56037,2016-08-31,218382.19338016605,2016,8,Sweetwater,68233.0,190700.0,891.0,164.0,19102.0,11994.0,16533.0,44812.0,185.61,3.200536300326324,0.11716786338644723,0.008585488430530834,0.725458174559971,0.0050110036254129575,-0.011431137898061494,0.01644214152347445,0
3036,Sweetwater County,WY,56037,2016-09-30,217363.10757941852,2016,9,Sweetwater,68233.0,190700.0,891.0,164.0,19102.0,11994.0,16533.0,44812.0,185.61,3.185600920074136,0.1177171935244396,0.008585488430530834,0.725458174559971,-0.005827112595828021,-0.011431137898061494,0.005604025302233473,0
3036,Sweetwater County,WY,56037,2016-10-31,216581.0535071337,2016,10,Sweetwater,68233.0,190700.0,891.0,164.0,19102.0,11994.0,16533.0,44812.0,185.61,3.1741393974635983,0.11814225937892209,0.008585488430530834,0.725458174559971,-0.014574004428976384,-0.011431137898061494,-0.0031428665309148895,0
3036,Sweetwater County,WY,56037,2016-11-30,215838.3859167079,2016,11,Sweetwater,68233.0,190700.0,891.0,164.0,19102.0,11994.0,16533.0,44812.0,185.61,3.163255109942519,0.11854876921602893,0.008585488430530834,0.725458174559971,-0.02221912843401397,-0.011431137898061494,-0.010787990535952474,0
3036,Sweetwater County,WY,56037,2016-12-31,215275.64627478103,2016,12,Sweetwater,68233.0,190700.0,891.0,164.0,19102.0,11994.0,16533.0,44812.0,185.61,3.155007786185292,0.11885866071139274,0.008585488430530834,0.725458174559971,-0.027992749300923325,-0.011431137898061494,-0.01656161140286183,0
3036,Sweetwater County,WY,56037,2017-01-31,214781.79170749625,2017,1,Sweetwater,71083.0,201000.0,870.0,158.0,19526.0,12001.0,16269.0,44527.0,189.28,3.021563407671261,0.1241079366555524,0.008091775069138584,0.7376605814739688,-0.03080900738668846,0.04176864566998373,-0.07257765305667219,0
3036,Sweetwater County,WY,56037,2017-02-28,214325.521660901,2017,2,Sweetwater,71083.0,201000.0,870.0,158.0,19526.0,12001.0,16269.0,44527.0,189.28,3.0151445726953137,0.12437214566622853,0.008091775069138584,0.7376605814739688,-0.03171649426047063,0.04176864566998373,-0.07348513993045436,0
3036,Sweetwater County,WY,56037,2017-03-31,214133.30639962436,2017,3,Sweetwater,71083.0,201000.0,870.0,158.0,19526.0,12001.0,16269.0,44527.0,189.28,3.0124404766206316,0.12448378745085663,0.008091775069138584,0.7376605814739688,-0.029459698572298798,0.04176864566998373,-0.07122834424228253,0
3036,Sweetwater County,WY,56037,2017-04-30,214316.37694132456,2017,4,Sweetwater,71083.0,201000.0,870.0,158.0,19526.0,12001.0,16269.0,44527.0,189.28,3.0150159242199197,0.12437745253270074,0.008091775069138584,0.7376605814739688,-0.025946651882016725,0.04176864566998373,-0.06771529755200045,0
3036,Sweetwater County,WY,56037,2017-05-31,214468.89513311823,2017,5,Sweetwater,71083.0,201000.0,870.0,158.0,19526.0,12001.0,16269.0,44527.0,189.28,3.01716155948846,0.12428900229776847,0.008091775069138584,0.7376605814739688,-0.0237280332478228,0.04176864566998373,-0.06549667891780653,0
3036,Sweetwater County,WY,56037,2017-06-30,214711.396126941,2017,6,Sweetwater,71083.0,201000.0,870.0,158.0,19526.0,12001.0,16269.0,44527.0,189.28,3.020573078330135,0.12414862685835477,0.008091775069138584,0.7376605814739688,-0.022189023883189885,0.04176864566998373,-0.06395766955317361,0
3036,Sweetwater County,WY,56037,2017-07-31,214766.09500260188,2017,7,Sweetwater,71083.0,201000.0,870.0,158.0,19526.0,12001.0,16269.0,44527.0,189.28,3.0213425854649056,0.12411700738739537,0.008091775069138584,0.7376605814739688,-0.020046419322796938,0.04176864566998373,-0.061815064992780666,0
3036,Sweetwater County,WY,56037,2017-08-31,214811.9132845344,2017,8,Sweetwater,71083.0,201000.0,870.0,158.0,19526.0,12001.0,16269.0,44527.0,189.28,3.0219871598628987,0.12409053386481396,0.008091775069138584,0.7376605814739688,-0.016348769285490228,0.04176864566998373,-0.058117414955473956,0
3036,Sweetwater County,WY,56037,2017-09-30,214934.7547940471,2017,9,Sweetwater,71083.0,201000.0,870.0,158.0,19526.0,12001.0,16269.0,44527.0,189.28,3.023715301746509,0.12401961248911185,0.008091775069138584,0.7376605814739688,-0.011171871861852978,0.04176864566998373,-0.052940517531836706,0
3036,Sweetwater County,WY,56037,2017-10-31,215094.0259340043,2017,10,Sweetwater,71083.0,201000.0,870.0,158.0,19526.0,12001.0,16269.0,44527.0,189.28,3.025955937903638,0.12392777941763336,0.008091775069138584,0.7376605814739688,-0.006865917166112623,0.04176864566998373,-0.04863456283609635,0
3036,Sweetwater County,WY,56037,2017-11-30,215437.378008795,2017,11,Sweetwater,71083.0,201000.0,870.0,158.0,19526.0,12001.0,16269.0,44527.0,189.28,3.0307862359325717,0.12373027023616945,0.008091775069138584,0.7376605814739688,-0.0018579082039078543,0.04176864566998373,-0.04362655387389158,0
3036,Sweetwater County,WY,56037,2017-12-31,215531.04158165705,2017,12,Sweetwater,71083.0,201000.0,870.0,158.0,19526.0,12001.0,16269.0,44527.0,189.28,3.0321039008153434,0.12367650063019317,0.008091775069138584,0.7376605814739688,0.001186364139629692,0.04176864566998373,-0.040582281530354036,0
3036,Sweetwater County,WY,56037,2018-01-31,215491.9747995575,2018,1,Sweetwater,73008.0,205800.0,868.0,174.0,19628.0,11962.0,15871.0,44117.0,189.71,2.951621394909565,0.12704881481301555,0.008864886896270633,0.753701720118455,0.0033065330464718823,0.027081017964914356,-0.023774484918442473,0
3036,Sweetwater County,WY,56037,2018-02-28,215247.406584338,2018,2,Sweetwater,73008.0,205800.0,868.0,174.0,19628.0,11962.0,15871.0,44117.0,189.71,2.948271512496411,0.12719317010341202,0.008864886896270633,0.753701720118455,0.004301330594195685,0.027081017964914356,-0.02277968737071867,0
3036,Sweetwater County,WY,56037,2018-03-31,215329.7796201072,2018,3,Sweetwater,73008.0,205800.0,868.0,174.0,19628.0,11962.0,15871.0,44117.0,189.71,2.9493997866001975,0.12714451316627584,0.008864886896270633,0.753701720118455,0.005587515742413007,0.027081017964914356,-0.02149350222250135,0
3036,Sweetwater County,WY,56037,2018-04-30,215363.57901298025,2018,4,Sweetwater,73008.0,205800.0,868.0,174.0,19628.0,11962.0,15871.0,44117.0,189.71,2.949862741247264,0.12712455896895122,0.008864886896270633,0.753701720118455,0.004886243816740077,0.027081017964914356,-0.02219477414817428,0
3036,Sweetwater County,WY,56037,2018-05-31,215731.5345828042,2018,5,Sweetwater,73008.0,205800.0,868.0,174.0,19628.0,11962.0,15871.0,44117.0,189.71,2.9549026761834893,0.12690773304396769,0.008864886896270633,0.753701720118455,0.005887284722114305,0.027081017964914356,-0.02119373324280005,0
3036,Sweetwater County,WY,56037,2018-06-30,215835.86385615708,2018,6,Sweetwater,73008.0,205800.0,868.0,174.0,19628.0,11962.0,15871.0,44117.0,189.71,2.9563316877076087,0.1268463892462559,0.008864886896270633,0.753701720118455,0.005237112465848348,0.027081017964914356,-0.021843905499066008,0
3036,Sweetwater County,WY,56037,2018-07-31,216385.3605858185,2018,7,Sweetwater,73008.0,205800.0,868.0,174.0,19628.0,11962.0,15871.0,44117.0,189.71,2.9638582153437776,0.12652427098524474,0.008864886896270633,0.753701720118455,0.007539670464264958,0.027081017964914356,-0.019541347500649398,0
3036,Sweetwater County,WY,56037,2018-08-31,216781.39606272764,2018,8,Sweetwater,73008.0,205800.0,868.0,174.0,19628.0,11962.0,15871.0,44117.0,189.71,2.969282764391952,0.12629312522776598,0.008864886896270633,0.753701720118455,0.009168405737276286,0.027081017964914356,-0.01791261222763807,0
3036,Sweetwater County,WY,56037,2018-09-30,217079.73656437875,2018,9,Sweetwater,73008.0,205800.0,868.0,174.0,19628.0,11962.0,15871.0,44117.0,189.71,2.9733691727533795,0.12611955603640865,0.008864886896270633,0.753701720118455,0.009979687893598266,0.027081017964914356,-0.01710133007131609,0
3036,Sweetwater County,WY,56037,2018-10-31,216940.98392676903,2018,10,Sweetwater,73008.0,205800.0,868.0,174.0,19628.0,11962.0,15871.0,44117.0,189.71,2.971468659965607,0.12620022046752474,0.008864886896270633,0.753701720118455,0.008586747050480126,0.027081017964914356,-0.01849427091443423,0
3036,Sweetwater County,WY,56037,2018-11-30,216888.19971978263,2018,11,Sweetwater,73008.0,205800.0,868.0,174.0,19628.0,11962.0,15871.0,44117.0,189.71,2.9707456678690365,0.12623093388839088,0.008864886896270633,0.753701720118455,0.00673430824491561,0.027081017964914356,-0.020346709719998746,0
3036,Sweetwater County,WY,56037,2018-12-31,216890.01048964143,2018,12,Sweetwater,73008.0,205800.0,868.0,174.0,19628.0,11962.0,15871.0,44117.0,189.71,2.97077047021753,0.12622988001242022,0.008864886896270633,0.753701720118455,0.006305211991793458,0.027081017964914356,-0.020775805973120898,0
3036,Sweetwater County,WY,56037,2019-01-31,217423.31682239915,2019,1,Sweetwater,74843.0,205600.0,861.0,185.0,19771.0,11832.0,15523.0,43521.0,192.35,2.905058814082802,0.1290851662562283,0.009357139244347782,0.7622237969464666,0.008962477719358652,0.02513423186500119,-0.016171754145642536,0
3036,Sweetwater County,WY,56037,2019-02-28,218447.91280388288,2019,2,Sweetwater,74843.0,205600.0,861.0,185.0,19771.0,11832.0,15523.0,43521.0,192.35,2.9187487514381156,0.12847971234770764,0.009357139244347782,0.7622237969464666,0.014868965300591785,0.02513423186500119,-0.010265266564409403,0
3036,Sweetwater County,WY,56037,2019-03-31,220064.1100506161,2019,3,Sweetwater,74843.0,205600.0,861.0,185.0,19771.0,11832.0,15523.0,43521.0,192.35,2.9403432525502198,0.12753613023743224,0.009357139244347782,0.7622237969464666,0.021986417479557874,0.02513423186500119,-0.003147814385443315,0
3036,Sweetwater County,WY,56037,2019-04-30,221398.62004912668,2019,4,Sweetwater,74843.0,205600.0,861.0,185.0,19771.0,11832.0,15523.0,43521.0,192.35,2.9581740449891996,0.12676738903689794,0.009357139244347782,0.7622237969464666,0.028022570314838013,0.02513423186500119,0.0028883384498368248,0
3036,Sweetwater County,WY,56037,2019-05-31,221863.0567021544,2019,5,Sweetwater,74843.0,205600.0,861.0,185.0,19771.0,11832.0,15523.0,43521.0,192.35,2.964379523831947,0.12650202073830644,0.009357139244347782,0.7622237969464666,0.028422002055507267,0.02513423186500119,0.0032877701905060785,0
3036,Sweetwater County,WY,56037,2019-06-30,221870.13760823756,2019,6,Sweetwater,74843.0,205600.0,861.0,185.0,19771.0,11832.0,15523.0,43521.0,192.35,2.964474133963598,0.12649798347156188,0.009357139244347782,0.7622237969464666,0.027957697318097274,0.02513423186500119,0.0028234654530960857,0
3036,Sweetwater County,WY,56037,2019-07-31,221518.34233719925,2019,7,Sweetwater,74843.0,205600.0,861.0,185.0,19771.0,11832.0,15523.0,43521.0,192.35,2.9597736907553043,0.1266988760564,0.009357139244347782,0.7622237969464666,0.023721483456571546,0.02513423186500119,-0.0014127484084296427,0
3036,Sweetwater County,WY,56037,2019-08-31,221765.8446904744,2019,8,Sweetwater,74843.0,205600.0,861.0,185.0,19771.0,11832.0,15523.0,43521.0,192.35,2.963080644689208,0.12655747344309387,0.009357139244347782,0.7622237969464666,0.022992972267345646,0.02513423186500119,-0.0021412595976555426,0
3036,Sweetwater County,WY,56037,2019-09-30,221909.94682692047,2019,9,Sweetwater,74843.0,205600.0,861.0,185.0,19771.0,11832.0,15523.0,43521.0,192.35,2.9650060369963853,0.12647529054608028,0.009357139244347782,0.7622237969464666,0.022250857399162438,0.02513423186500119,-0.0028833744658387506,0
3036,Sweetwater County,WY,56037,2019-10-31,222392.5531619703,2019,10,Sweetwater,74843.0,205600.0,861.0,185.0,19771.0,11832.0,15523.0,43521.0,192.35,2.9714542864659395,0.12620083092242396,0.009357139244347782,0.7622237969464666,0.02512927311623847,0.02513423186500119,-4.958748762717846e-06,0
3036,Sweetwater County,WY,56037,2019-11-30,222827.17547411437,2019,11,Sweetwater,74843.0,205600.0,861.0,185.0,19771.0,11832.0,15523.0,43521.0,192.35,2.9772614068665657,0.12595467738745544,0.009357139244347782,0.7622237969464666,0.027382659646789653,0.02513423186500119,0.0022484277817884646,0
3036,Sweetwater County,WY,56037,2019-12-31,223558.014505515,2019,12,Sweetwater,74843.0,205600.0,861.0,185.0,19771.0,11832.0,15523.0,43521.0,192.35,2.9870263686051466,0.1255429158381062,0.009357139244347782,0.7622237969464666,0.030743711989409617,0.02513423186500119,0.005609480124408428,0
3036,Sweetwater County,WY,56037,2020-01-31,224560.88975345503,2020,1,Sweetwater,73384.0,205100.0,852.0,274.0,19842.0,11852.0,15726.0,43352.0,194.96,3.0600797142899685,0.12254582723738339,0.013809091825420824,0.7536563652549917,0.0328280013172928,-0.019494141068637005,0.052322142385929804,0
3036,Sweetwater County,WY,56037,2020-02-29,225948.55172976665,2020,2,Sweetwater,73384.0,205100.0,852.0,274.0,19842.0,11852.0,15726.0,43352.0,194.96,3.0789893127897994,0.12179321261112834,0.013809091825420824,0.7536563652549917,0.03433605214904323,-0.019494141068637005,0.05383019321768023,0
3036,Sweetwater County,WY,56037,2020-03-31,227711.51851515807,2020,3,Sweetwater,73384.0,205100.0,852.0,274.0,19842.0,11852.0,15726.0,43352.0,194.96,3.103013170652432,0.12085027661070268,0.013809091825420824,0.7536563652549917,0.03475082085299164,-0.019494141068637005,0.05424496192162864,0
3036,Sweetwater County,WY,56037,2020-04-30,229032.29019984533,2020,4,Sweetwater,73384.0,205100.0,852.0,274.0,19842.0,11852.0,15726.0,43352.0,194.96,3.12101125858287,0.12015336342306979,0.013809091825420824,0.7536563652549917,0.034479303208957646,-0.019494141068637005,0.05397344427759465,0
3036,Sweetwater County,WY,56037,2020-05-31,229377.3293687834,2020,5,Sweetwater,73384.0,205100.0,852.0,274.0,19842.0,11852.0,15726.0,43352.0,194.96,3.1257130896214895,0.1199726236055181,0.013809091825420824,0.7536563652549917,0.0338689675438697,-0.019494141068637005,0.053363108612506704,0
3036,Sweetwater County,WY,56037,2020-06-30,228663.76119050945,2020,6,Sweetwater,73384.0,205100.0,852.0,274.0,19842.0,11852.0,15726.0,43352.0,194.96,3.115989332695267,0.12034701019840549,0.013809091825420824,0.7536563652549917,0.03061981957331983,-0.019494141068637005,0.050113960641956834,0
3036,Sweetwater County,WY,56037,2020-07-31,227724.46225831707,2020,7,Sweetwater,73384.0,205100.0,852.0,274.0,19842.0,11852.0,15726.0,43352.0,194.96,3.1031895543758456,0.12084340754215542,0.013809091825420824,0.7536563652549917,0.02801628007702739,-0.019494141068637005,0.047510421145664394,0
3036,Sweetwater County,WY,56037,2020-08-31,227120.216993412,2020,8,Sweetwater,73384.0,205100.0,852.0,274.0,19842.0,11852.0,15726.0,43352.0,194.96,3.094955535176769,0.12116490713285216,0.013809091825420824,0.7536563652549917,0.024144260404080242,-0.019494141068637005,0.04363840147271725,0
3036,Sweetwater County,WY,56037,2020-09-30,227404.84228917572,2020,9,Sweetwater,73384.0,205100.0,852.0,274.0,19842.0,11852.0,15726.0,43352.0,194.96,3.0988341094676732,0.12101325426046076,0.013809091825420824,0.7536563652549917,0.024761825870478038,-0.019494141068637005,0.04425596693911504,0
3036,Sweetwater County,WY,56037,2020-10-31,228317.09659014817,2020,10,Sweetwater,73384.0,205100.0,852.0,274.0,19842.0,11852.0,15726.0,43352.0,194.96,3.111265351986103,0.12052973873173999,0.013809091825420824,0.7536563652549917,0.02664002613371208,-0.019494141068637005,0.046134167202349086,0
3036,Sweetwater County,WY,56037,2020-11-30,229723.2739791871,2020,11,Sweetwater,73384.0,205100.0,852.0,274.0,19842.0,11852.0,15726.0,43352.0,194.96,3.1304272590644704,0.1197919545691884,0.013809091825420824,0.7536563652549917,0.030948193326957307,-0.019494141068637005,0.05044233439559431,0
3036,Sweetwater County,WY,56037,2020-12-31,230557.43923270283,2020,12,Sweetwater,73384.0,205100.0,852.0,274.0,19842.0,11852.0,15726.0,43352.0,194.96,3.1417943861427946,0.11935854289318736,0.013809091825420824,0.7536563652549917,0.03130920956991767,-0.019494141068637005,0.05080335063855468,0
3036,Sweetwater County,WY,56037,2021-01-31,231148.14290019343,2021,1,Sweetwater,76668.0,217300.0,859.0,238.0,19174.0,11567.0,15529.0,42459.0,204.22,3.0149233435095923,0.12438127185133416,0.012412642119536873,0.7448644471633717,0.029333928779719853,0.04475089937861121,-0.015416970598891355,0
3036,Sweetwater County,WY,56037,2021-02-28,231526.6724006614,2021,2,Sweetwater,76668.0,217300.0,859.0,238.0,19174.0,11567.0,15529.0,42459.0,204.22,3.019860598954732,0.1241779173945311,0.012412642119536873,0.7448644471633717,0.024687569927715813,0.04475089937861121,-0.020063329450895395,0
3036,Sweetwater County,WY,56037,2021-03-31,232789.3910188535,2021,3,Sweetwater,76668.0,217300.0,859.0,238.0,19174.0,11567.0,15529.0,42459.0,204.22,3.0363305553666913,0.12350433958423608,0.012412642119536873,0.7448644471633717,0.022299585619589113,0.04475089937861121,-0.022451313759022096,0
3036,Sweetwater County,WY,56037,2021-04-30,234426.5888147677,2021,4,Sweetwater,76668.0,217300.0,859.0,238.0,19174.0,11567.0,15529.0,42459.0,204.22,3.057684937845877,0.12264180503311943,0.012412642119536873,0.7448644471633717,0.02355256811262496,0.04475089937861121,-0.021198331265986248,0
3036,Sweetwater County,WY,56037,2021-05-31,236240.09490596727,2021,5,Sweetwater,76668.0,217300.0,859.0,238.0,19174.0,11567.0,15529.0,42459.0,204.22,3.0813389537482037,0.12170034054314029,0.012412642119536873,0.7448644471633717,0.029919109948961964,0.04475089937861121,-0.014831789429649245,0
3036,Sweetwater County,WY,56037,2021-06-30,237412.53732734092,2021,6,Sweetwater,76668.0,217300.0,859.0,238.0,19174.0,11567.0,15529.0,42459.0,204.22,3.0966314150276637,0.12109933335306226,0.012412642119536873,0.7448644471633717,0.03826044009458274,0.04475089937861121,-0.006490459284028471,0
3036,Sweetwater County,WY,56037,2021-07-31,238253.7178030654,2021,7,Sweetwater,76668.0,217300.0,859.0,238.0,19174.0,11567.0,15529.0,42459.0,204.22,3.1076031434635754,0.12067177908117449,0.012412642119536873,0.7448644471633717,0.04623682251933281,0.04475089937861121,0.0014859231407216011,0
3036,Sweetwater County,WY,56037,2021-08-31,238644.728121958,2021,8,Sweetwater,76668.0,217300.0,859.0,238.0,19174.0,11567.0,15529.0,42459.0,204.22,3.1127031893613766,0.1204740629564933,0.012412642119536873,0.7448644471633717,0.050741899074886465,0.04475089937861121,0.0059909996962752565,0
3036,Sweetwater County,WY,56037,2021-09-30,238888.30060108443,2021,9,Sweetwater,76668.0,217300.0,859.0,238.0,19174.0,11567.0,15529.0,42459.0,204.22,3.1158801664460327,0.1203512266095022,0.012412642119536873,0.7448644471633717,0.05049786185865801,0.04475089937861121,0.005746962480046802,0
3036,Sweetwater County,WY,56037,2021-10-31,239406.53578622692,2021,10,Sweetwater,76668.0,217300.0,859.0,238.0,19174.0,11567.0,15529.0,42459.0,204.22,3.122639638261425,0.12009070640273646,0.012412642119536873,0.7448644471633717,0.04857034081852141,0.04475089937861121,0.0038194414399101984,0
3036,Sweetwater County,WY,56037,2021-11-30,240877.06460546376,2021,11,Sweetwater,76668.0,217300.0,859.0,238.0,19174.0,11567.0,15529.0,42459.0,204.22,3.1418201153736076,0.11935756543318427,0.012412642119536873,0.7448644471633717,0.04855315890756118,0.04475089937861121,0.0038022595289499694,0
3036,Sweetwater County,WY,56037,2021-12-31,242641.38950243575,2021,12,Sweetwater,76668.0,217300.0,859.0,238.0,19174.0,11567.0,15529.0,42459.0,204.22,3.1648326485944036,0.11848967753999522,0.012412642119536873,0.7448644471633717,0.05241188620913029,0.04475089937861121,0.007660986830519079,0
3036,Sweetwater County,WY,56037,2022-01-31,244763.2539960024,2022,1,Sweetwater,79375.0,240300.0,899.0,207.0,19198.0,11982.0,16335.0,42079.0,223.69,3.0836315464063295,0.121609859789191,0.010782373163871237,0.7335169880624426,0.05890210029369691,0.0353080815985809,0.023594018695116015,0
3036,Sweetwater County,WY,56037,2022-02-28,246525.00139452165,2022,2,Sweetwater,79375.0,240300.0,899.0,207.0,19198.0,11982.0,16335.0,42079.0,223.69,3.10582678922232,0.12074079639640743,0.010782373163871237,0.7335169880624426,0.06478013456654952,0.0353080815985809,0.02947205296796862,0
3036,Sweetwater County,WY,56037,2022-03-31,248657.71647816803,2022,3,Sweetwater,79375.0,240300.0,899.0,207.0,19198.0,11982.0,16335.0,42079.0,223.69,3.1326956406698336,0.11970521334138207,0.010782373163871237,0.7335169880624426,0.06816601645746556,0.0353080815985809,0.03285793485888466,0
3036,Sweetwater County,WY,56037,2022-04-30,250350.8879268068,2022,4,Sweetwater,79375.0,240300.0,899.0,207.0,19198.0,11982.0,16335.0,42079.0,223.69,3.154026934510952,0.11889562384417166,0.010782373163871237,0.7335169880624426,0.06792872426523999,0.0353080815985809,0.032620642666659094,0
3036,Sweetwater County,WY,56037,2022-05-31,251521.47429854143,2022,5,Sweetwater,79375.0,240300.0,899.0,207.0,19198.0,11982.0,16335.0,42079.0,223.69,3.168774479351703,0.1183422810438441,0.010782373163871237,0.7335169880624426,0.0646857994137564,0.0353080815985809,0.029377717815175508,0
3036,Sweetwater County,WY,56037,2022-06-30,252628.07420842035,2022,6,Sweetwater,79375.0,240300.0,899.0,207.0,19198.0,11982.0,16335.0,42079.0,223.69,3.182715895539154,0.11782390018713082,0.010782373163871237,0.7335169880624426,0.06408902011817719,0.0353080815985809,0.02878093851959629,0
3036,Sweetwater County,WY,56037,2022-07-31,253600.94059946225,2022,7,Sweetwater,79375.0,240300.0,899.0,207.0,19198.0,11982.0,16335.0,42079.0,223.69,3.194972479993225,0.11737190299704714,0.010782373163871237,0.7335169880624426,0.06441545986318031,0.0353080815985809,0.029107378264599415,0
3036,Sweetwater County,WY,56037,2022-08-31,254794.86992738905,2022,8,Sweetwater,79375.0,240300.0,899.0,207.0,19198.0,11982.0,16335.0,42079.0,223.69,3.210014109321437,0.11682191642430849,0.010782373163871237,0.7335169880624426,0.06767441264060792,0.0353080815985809,0.03236633104202702,0
3036,Sweetwater County,WY,56037,2022-09-30,255408.8261370212,2022,9,Sweetwater,79375.0,240300.0,899.0,207.0,19198.0,11982.0,16335.0,42079.0,223.69,3.2177489907026295,0.11654109785552749,0.010782373163871237,0.7335169880624426,0.06915585859319306,0.0353080815985809,0.033847776994612166,0
3036,Sweetwater County,WY,56037,2022-10-31,256228.1619844996,2022,10,Sweetwater,79375.0,240300.0,899.0,207.0,19198.0,11982.0,16335.0,42079.0,223.69,3.228071332088184,0.11616843663656556,0.010782373163871237,0.7335169880624426,0.07026385534141477,0.0353080815985809,0.03495577374283387,0
3036,Sweetwater County,WY,56037,2022-11-30,256792.32549199648,2022,11,Sweetwater,79375.0,240300.0,899.0,207.0,19198.0,11982.0,16335.0,42079.0,223.69,3.235178903836176,0.11591321875749637,0.010782373163871237,0.7335169880624426,0.066072130663833,0.0353080815985809,0.030764049065252097,0
3036,Sweetwater County,WY,56037,2022-12-31,257275.9022383607,2022,12,Sweetwater,79375.0,240300.0,899.0,207.0,19198.0,11982.0,16335.0,42079.0,223.69,3.241271209302182,0.11569534783876795,0.010782373163871237,0.7335169880624426,0.06031334046485104,0.0353080815985809,0.02500525886627014,0
3036,Sweetwater County,WY,56037,2023-01-31,257887.6232506634,2023,1,Sweetwater,76464.0,242900.0,913.0,179.0,19226.0,12476.0,16863.0,41786.0,237.59,3.3726671799887975,0.11118796489170496,0.009310308956621242,0.7398446302555891,0.05362066830046053,-0.03667401574803153,0.09029468404849206,0
3036,Sweetwater County,WY,56037,2023-02-28,259145.9743754341,2023,2,Sweetwater,76464.0,242900.0,913.0,179.0,19226.0,12476.0,16863.0,41786.0,237.59,3.389123958665962,0.11064806261840264,0.009310308956621242,0.7398446302555891,0.05119550921618177,-0.03667401574803153,0.0878695249642133,0
3036,Sweetwater County,WY,56037,2023-03-31,260773.86594388625,2023,3,Sweetwater,76464.0,242900.0,913.0,179.0,19226.0,12476.0,16863.0,41786.0,237.59,3.410413605669155,0.10995733754305778,0.009310308956621242,0.7398446302555891,0.04872621544717681,-0.03667401574803153,0.08540023119520834,0
3036,Sweetwater County,WY,56037,2023-04-30,262487.58321702405,2023,4,Sweetwater,76464.0,242900.0,913.0,179.0,19226.0,12476.0,16863.0,41786.0,237.59,3.432825685512451,0.10923945296220892,0.009310308956621242,0.7398446302555891,0.048478738744340166,-0.03667401574803153,0.0851527544923717,0
3036,Sweetwater County,WY,56037,2023-05-31,264116.06589965645,2023,5,Sweetwater,76464.0,242900.0,913.0,179.0,19226.0,12476.0,16863.0,41786.0,237.59,3.4541230631363313,0.108565906062276,0.009310308956621242,0.7398446302555891,0.05007362347982247,-0.03667401574803153,0.086747639227854,0
3036,Sweetwater County,WY,56037,2023-06-30,265820.3099616236,2023,6,Sweetwater,76464.0,242900.0,913.0,179.0,19226.0,12476.0,16863.0,41786.0,237.59,3.476411251852161,0.10786986142684,0.009310308956621242,0.7398446302555891,0.052219990967114605,-0.03667401574803153,0.08889400671514613,0
3036,Sweetwater County,WY,56037,2023-07-31,266622.5780561779,2023,7,Sweetwater,76464.0,242900.0,913.0,179.0,19226.0,12476.0,16863.0,41786.0,237.59,3.486903353946666,0.10754528070746633,0.009310308956621242,0.7398446302555891,0.051346960409275555,-0.03667401574803153,0.08802097615730708,0
3036,Sweetwater County,WY,56037,2023-08-31,266774.5291766678,2023,8,Sweetwater,76464.0,242900.0,913.0,179.0,19226.0,12476.0,16863.0,41786.0,237.59,3.4888905782677835,0.10748402438754201,0.009310308956621242,0.7398446302555891,0.047016877744409324,-0.03667401574803153,0.08369089349244085,0
3036,Sweetwater County,WY,56037,2023-09-30,266663.00157012086,2023,9,Sweetwater,76464.0,242900.0,913.0,179.0,19226.0,12476.0,16863.0,41786.0,237.59,3.4874320146751523,0.1075289778903204,0.009310308956621242,0.7398446302555891,0.04406337714837627,-0.03667401574803153,0.0807373928964078,0
3036,Sweetwater County,WY,56037,2023-10-31,266655.4518171291,2023,10,Sweetwater,76464.0,242900.0,913.0,179.0,19226.0,12476.0,16863.0,41786.0,237.59,3.4873332786295395,0.107532022332941,0.009310308956621242,0.7398446302555891,0.040695330879594316,-0.03667401574803153,0.07736934662762585,0
3036,Sweetwater County,WY,56037,2023-11-30,266733.2519941226,2023,11,Sweetwater,76464.0,242900.0,913.0,179.0,19226.0,12476.0,16863.0,41786.0,237.59,3.4883507532188034,0.1075006576256635,0.009310308956621242,0.7398446302555891,0.03871192989541239,-0.03667401574803153,0.07538594564344392,0
3036,Sweetwater County,WY,56037,2023-12-31,266823.2026349251,2023,12,Sweetwater,76464.0,242900.0,913.0,179.0,19226.0,12476.0,16863.0,41786.0,237.59,3.4895271321788695,0.10746441732517753,0.009310308956621242,0.7398446302555891,0.037109190225359745,-0.03667401574803153,0.07378320597339127,0
745,Teton County,WY,56039,2014-01-31,732510.1285504932,2014,1,Teton,73572.0,675000.0,1108.0,3807.0,13034.0,4644.0,7873.0,21956.0,194.44,9.95637101819297,0.037664325617714926,0.29208224643240754,0.5898640924679284,,,,1
745,Teton County,WY,56039,2014-02-28,735018.4582120838,2014,2,Teton,73572.0,675000.0,1108.0,3807.0,13034.0,4644.0,7873.0,21956.0,194.44,9.990464554614308,0.03753579204950968,0.29208224643240754,0.5898640924679284,,,,1
745,Teton County,WY,56039,2014-03-31,738772.3348443303,2014,3,Teton,73572.0,675000.0,1108.0,3807.0,13034.0,4644.0,7873.0,21956.0,194.44,10.04148772419304,0.03734506382918831,0.29208224643240754,0.5898640924679284,,,,1
745,Teton County,WY,56039,2014-04-30,744849.3763161054,2014,4,Teton,73572.0,675000.0,1108.0,3807.0,13034.0,4644.0,7873.0,21956.0,194.44,10.124087646334276,0.037040374708310606,0.29208224643240754,0.5898640924679284,,,,1
745,Teton County,WY,56039,2014-05-31,751165.6735507144,2014,5,Teton,73572.0,675000.0,1108.0,3807.0,13034.0,4644.0,7873.0,21956.0,194.44,10.209939563294656,0.03672891476734568,0.29208224643240754,0.5898640924679284,,,,1
745,Teton County,WY,56039,2014-06-30,755334.7449942447,2014,6,Teton,73572.0,675000.0,1108.0,3807.0,13034.0,4644.0,7873.0,21956.0,194.44,10.266606113660695,0.036526189458172244,0.29208224643240754,0.5898640924679284,,,,1
745,Teton County,WY,56039,2014-07-31,758624.2098461086,2014,7,Teton,73572.0,675000.0,1108.0,3807.0,13034.0,4644.0,7873.0,21956.0,194.44,10.31131693913593,0.03636780851694239,0.29208224643240754,0.5898640924679284,,,,1
745,Teton County,WY,56039,2014-08-31,761896.7440168293,2014,8,Teton,73572.0,675000.0,1108.0,3807.0,13034.0,4644.0,7873.0,21956.0,194.44,10.355797640635423,0.03621159982197086,0.29208224643240754,0.5898640924679284,,,,1
745,Teton County,WY,56039,2014-09-30,766149.1998510653,2014,9,Teton,73572.0,675000.0,1108.0,3807.0,13034.0,4644.0,7873.0,21956.0,194.44,10.413597562266423,0.03601060995085974,0.29208224643240754,0.5898640924679284,,,,1
745,Teton County,WY,56039,2014-10-31,772400.1299479855,2014,10,Teton,73572.0,675000.0,1108.0,3807.0,13034.0,4644.0,7873.0,21956.0,194.44,10.498561000760962,0.03571918094039926,0.29208224643240754,0.5898640924679284,,,,1
745,Teton County,WY,56039,2014-11-30,781232.9796873907,2014,11,Teton,73572.0,675000.0,1108.0,3807.0,13034.0,4644.0,7873.0,21956.0,194.44,10.618618220075446,0.035315329379770805,0.29208224643240754,0.5898640924679284,,,,1
745,Teton County,WY,56039,2014-12-31,790579.2987138402,2014,12,Teton,73572.0,675000.0,1108.0,3807.0,13034.0,4644.0,7873.0,21956.0,194.44,10.745654579375852,0.034897827510642104,0.29208224643240754,0.5898640924679284,,,,1
745,Teton County,WY,56039,2015-01-31,799109.3938432741,2015,1,Teton,75325.0,689000.0,1113.0,3554.0,13146.0,4953.0,8187.0,22311.0,200.28,10.608820363003971,0.03534794512194151,0.27034839494903395,0.6049835104433858,0.09091924151897945,0.023826999401946436,0.06709224211703302,1
745,Teton County,WY,56039,2015-02-28,804956.4095386541,2015,2,Teton,75325.0,689000.0,1113.0,3554.0,13146.0,4953.0,8187.0,22311.0,200.28,10.686444202305399,0.035091185889418744,0.27034839494903395,0.6049835104433858,0.09515128571967146,0.023826999401946436,0.07132428631772503,1
745,Teton County,WY,56039,2015-03-31,810719.2892131716,2015,3,Teton,75325.0,689000.0,1113.0,3554.0,13146.0,4953.0,8187.0,22311.0,200.28,10.762951068213363,0.034841745319041904,0.27034839494903395,0.6049835104433858,0.09738718002211266,0.023826999401946436,0.07356018062016623,1
745,Teton County,WY,56039,2015-04-30,817353.3298334684,2015,4,Teton,75325.0,689000.0,1113.0,3554.0,13146.0,4953.0,8187.0,22311.0,200.28,10.851023296826664,0.03455895262059452,0.27034839494903395,0.6049835104433858,0.09734042320872294,0.023826999401946436,0.0735134238067765,1
745,Teton County,WY,56039,2015-05-31,826816.2857265711,2015,5,Teton,75325.0,689000.0,1113.0,3554.0,13146.0,4953.0,8187.0,22311.0,200.28,10.976651652526666,0.03416342358953155,0.27034839494903395,0.6049835104433858,0.10071095477281444,0.023826999401946436,0.076883955370868,1
745,Teton County,WY,56039,2015-06-30,840565.5356959044,2015,6,Teton,75325.0,689000.0,1113.0,3554.0,13146.0,4953.0,8187.0,22311.0,200.28,11.159184011893853,0.03360460761291433,0.27034839494903395,0.6049835104433858,0.11283843523219517,0.023826999401946436,0.08901143583024873,1
745,Teton County,WY,56039,2015-07-31,858865.0352389347,2015,7,Teton,75325.0,689000.0,1113.0,3554.0,13146.0,4953.0,8187.0,22311.0,200.28,11.402124596600526,0.03288860745407079,0.27034839494903395,0.6049835104433858,0.13213502033261038,0.023826999401946436,0.10830802093066394,1
745,Teton County,WY,56039,2015-08-31,879027.8834023811,2015,8,Teton,75325.0,689000.0,1113.0,3554.0,13146.0,4953.0,8187.0,22311.0,200.28,11.669802633951292,0.0321342195547508,0.27034839494903395,0.6049835104433858,0.1537362382834444,0.023826999401946436,0.12990923888149797,1
745,Teton County,WY,56039,2015-09-30,896375.7777304156,2015,9,Teton,75325.0,689000.0,1113.0,3554.0,13146.0,4953.0,8187.0,22311.0,200.28,11.900109893533562,0.03151231403365211,0.27034839494903395,0.6049835104433858,0.16997547984735295,0.023826999401946436,0.14614848044540651,1
745,Teton County,WY,56039,2015-10-31,908872.9905045182,2015,10,Teton,75325.0,689000.0,1113.0,3554.0,13146.0,4953.0,8187.0,22311.0,200.28,12.066020451437346,0.031079012463908814,0.27034839494903395,0.6049835104433858,0.17668673950860536,0.023826999401946436,0.15285974010665893,1
745,Teton County,WY,56039,2015-11-30,917526.912554814,2015,11,Teton,75325.0,689000.0,1113.0,3554.0,13146.0,4953.0,8187.0,22311.0,200.28,12.180908231726704,0.030785881714736625,0.27034839494903395,0.6049835104433858,0.17446003485664563,0.023826999401946436,0.1506330354546992,1
745,Teton County,WY,56039,2015-12-31,924384.9125763891,2015,12,Teton,75325.0,689000.0,1113.0,3554.0,13146.0,4953.0,8187.0,22311.0,200.28,12.271953701644728,0.03055748164611648,0.27034839494903395,0.6049835104433858,0.1692500854502914,0.023826999401946436,0.14542308604834497,1
745,Teton County,WY,56039,2016-01-31,928909.909008277,2016,1,Teton,75594.0,720000.0,1187.0,3436.0,13292.0,5132.0,8576.0,22623.0,225.77,12.288143358047954,0.030517222095590123,0.25850135419801384,0.5984141791044776,0.16243147204256259,0.0035711915034848385,0.15886028053907775,1
745,Teton County,WY,56039,2016-02-29,933251.9257827416,2016,2,Teton,75594.0,720000.0,1187.0,3436.0,13292.0,5132.0,8576.0,22623.0,225.77,12.345582000988724,0.03037523868619294,0.25850135419801384,0.5984141791044776,0.15938194257949645,0.0035711915034848385,0.1558107510760116,1
745,Teton County,WY,56039,2016-03-31,934509.7519550172,2016,3,Teton,75594.0,720000.0,1187.0,3436.0,13292.0,5132.0,8576.0,22623.0,225.77,12.362221233894452,0.03033435439351576,0.25850135419801384,0.5984141791044776,0.15269213942348414,0.0035711915034848385,0.1491209479199993,1
745,Teton County,WY,56039,2016-04-30,935114.6460949066,2016,4,Teton,75594.0,720000.0,1187.0,3436.0,13292.0,5132.0,8576.0,22623.0,225.77,12.37022311420095,0.03031473212229309,0.25850135419801384,0.5984141791044776,0.14407638895339359,0.0035711915034848385,0.14050519744990875,1
745,Teton County,WY,56039,2016-05-31,933363.5309310248,2016,5,Teton,75594.0,720000.0,1187.0,3436.0,13292.0,5132.0,8576.0,22623.0,225.77,12.347058376736577,0.030371606625473443,0.25850135419801384,0.5984141791044776,0.1288644733343931,0.0035711915034848385,0.12529328183090827,1
745,Teton County,WY,56039,2016-06-30,936724.3181357222,2016,6,Teton,75594.0,720000.0,1187.0,3436.0,13292.0,5132.0,8576.0,22623.0,225.77,12.391516762384875,0.030262639125690646,0.25850135419801384,0.5984141791044776,0.11439772195776254,0.0035711915034848385,0.1108265304542777,1
745,Teton County,WY,56039,2016-07-31,943251.7054557394,2016,7,Teton,75594.0,720000.0,1187.0,3436.0,13292.0,5132.0,8576.0,22623.0,225.77,12.477864717513816,0.030053218919231708,0.25850135419801384,0.5984141791044776,0.09825370314828152,0.0035711915034848385,0.09468251164479669,1
745,Teton County,WY,56039,2016-08-31,948611.7248614896,2016,8,Teton,75594.0,720000.0,1187.0,3436.0,13292.0,5132.0,8576.0,22623.0,225.77,12.548770072512232,0.02988340672696109,0.25850135419801384,0.5984141791044776,0.0791599934120133,0.0035711915034848385,0.07558880190852846,1
745,Teton County,WY,56039,2016-09-30,949659.816939457,2016,9,Teton,75594.0,720000.0,1187.0,3436.0,13292.0,5132.0,8576.0,22623.0,225.77,12.562634824714355,0.02985042590446599,0.25850135419801384,0.5984141791044776,0.059443863313614065,0.0035711915034848385,0.055872671810129226,1
745,Teton County,WY,56039,2016-10-31,949856.8649725448,2016,10,Teton,75594.0,720000.0,1187.0,3436.0,13292.0,5132.0,8576.0,22623.0,225.77,12.565241487056444,0.029844233426495663,0.25850135419801384,0.5984141791044776,0.045093071194993284,0.0035711915034848385,0.041521879691508445,1
745,Teton County,WY,56039,2016-11-30,952069.725877538,2016,11,Teton,75594.0,720000.0,1187.0,3436.0,13292.0,5132.0,8576.0,22623.0,225.77,12.594514457199486,0.029774867564317752,0.25850135419801384,0.5984141791044776,0.03764773855683523,0.0035711915034848385,0.03407654705335039,1
745,Teton County,WY,56039,2016-12-31,954838.3264895292,2016,12,Teton,75594.0,720000.0,1187.0,3436.0,13292.0,5132.0,8576.0,22623.0,225.77,12.631139065131217,0.029688533873813726,0.25850135419801384,0.5984141791044776,0.03294451640092455,0.0035711915034848385,0.029373324897439712,1
745,Teton County,WY,56039,2017-01-31,955885.0816867092,2017,1,Teton,80049.0,739100.0,1272.0,3065.0,13508.0,5142.0,8795.0,22923.0,239.17,11.941249505761586,0.03140374881364505,0.22690257625111046,0.584650369528141,0.029039600521897135,0.0589332486705294,-0.029893648148632268,1
745,Teton County,WY,56039,2017-02-28,958373.338196971,2017,2,Teton,80049.0,739100.0,1272.0,3065.0,13508.0,5142.0,8795.0,22923.0,239.17,11.972333673087372,0.0313222142181823,0.22690257625111046,0.584650369528141,0.02691814687996419,0.0589332486705294,-0.032015101790565215,1
745,Teton County,WY,56039,2017-03-31,962579.25642219,2017,3,Teton,80049.0,739100.0,1272.0,3065.0,13508.0,5142.0,8795.0,22923.0,239.17,12.02487546905258,0.031185354140681642,0.22690257625111046,0.584650369528141,0.030036609471919107,0.0589332486705294,-0.028896639198610297,1
745,Teton County,WY,56039,2017-04-30,970386.934946492,2017,4,Teton,80049.0,739100.0,1272.0,3065.0,13508.0,5142.0,8795.0,22923.0,239.17,12.122411709658984,0.030934438540905586,0.22690257625111046,0.584650369528141,0.037719748053230084,0.0589332486705294,-0.02121350061729932,1
745,Teton County,WY,56039,2017-05-31,977095.6228060456,2017,5,Teton,80049.0,739100.0,1272.0,3065.0,13508.0,5142.0,8795.0,22923.0,239.17,12.2062189759528,0.030722044290601307,0.22690257625111046,0.584650369528141,0.04685429677266084,0.0589332486705294,-0.012078951897868562,1
745,Teton County,WY,56039,2017-06-30,987246.7091815352,2017,6,Teton,80049.0,739100.0,1272.0,3065.0,13508.0,5142.0,8795.0,22923.0,239.17,12.333029883965262,0.030406153518492216,0.22690257625111046,0.584650369528141,0.053935176089335624,0.0589332486705294,-0.00499807258119378,1
745,Teton County,WY,56039,2017-07-31,998568.3128582006,2017,7,Teton,80049.0,739100.0,1272.0,3065.0,13508.0,5142.0,8795.0,22923.0,239.17,12.47446330195506,0.030061413539228428,0.22690257625111046,0.584650369528141,0.05864458774101511,0.0589332486705294,-0.000288660929514295,1
745,Teton County,WY,56039,2017-08-31,1009734.7894831806,2017,8,Teton,80049.0,739100.0,1272.0,3065.0,13508.0,5142.0,8795.0,22923.0,239.17,12.613958818763265,0.029728969738048252,0.22690257625111046,0.584650369528141,0.06443422848332991,0.0589332486705294,0.0055009798128005105,1
745,Teton County,WY,56039,2017-09-30,1016495.90380924,2017,9,Teton,80049.0,739100.0,1272.0,3065.0,13508.0,5142.0,8795.0,22923.0,239.17,12.69842101474397,0.029531230659669613,0.22690257625111046,0.584650369528141,0.07037897747972632,0.0589332486705294,0.01144572880919692,1
745,Teton County,WY,56039,2017-10-31,1021223.129453747,2017,10,Teton,80049.0,739100.0,1272.0,3065.0,13508.0,5142.0,8795.0,22923.0,239.17,12.7574751646335,0.029394531062038178,0.22690257625111046,0.584650369528141,0.07513370394313568,0.0589332486705294,0.016200455272606273,1
745,Teton County,WY,56039,2017-11-30,1028333.6003918508,2017,11,Teton,80049.0,739100.0,1272.0,3065.0,13508.0,5142.0,8795.0,22923.0,239.17,12.846301645140487,0.029191280911721032,0.22690257625111046,0.584650369528141,0.08010324500552635,0.0589332486705294,0.021169996334996943,1
745,Teton County,WY,56039,2017-12-31,1036814.1730597586,2017,12,Teton,80049.0,739100.0,1272.0,3065.0,13508.0,5142.0,8795.0,22923.0,239.17,12.952243913849749,0.02895251220516431,0.22690257625111046,0.584650369528141,0.08585311701051457,0.0589332486705294,0.026919868339985165,1
745,Teton County,WY,56039,2018-01-31,1038859.5813058382,2018,1,Teton,83831.0,827400.0,1339.0,2747.0,13680.0,5287.0,9158.0,23059.0,270.94,12.39230811162742,0.03026070661107482,0.20080409356725146,0.577309456213147,0.08680384411138231,0.04724606178715529,0.03955778232422702,1
745,Teton County,WY,56039,2018-02-28,1038296.0720779684,2018,2,Teton,83831.0,827400.0,1339.0,2747.0,13680.0,5287.0,9158.0,23059.0,270.94,12.385586144480781,0.030277129852841568,0.20080409356725146,0.577309456213147,0.08339415413137385,0.04724606178715529,0.03614809234421856,1
745,Teton County,WY,56039,2018-03-31,1038310.830964696,2018,3,Teton,83831.0,827400.0,1339.0,2747.0,13680.0,5287.0,9158.0,23059.0,270.94,12.385762199719627,0.03027669948390328,0.20080409356725146,0.577309456213147,0.07867567687256494,0.04724606178715529,0.031429615085409646,1
745,Teton County,WY,56039,2018-04-30,1042236.987837731,2018,4,Teton,83831.0,827400.0,1339.0,2747.0,13680.0,5287.0,9158.0,23059.0,270.94,12.432596388421121,0.030162645700398474,0.20080409356725146,0.577309456213147,0.07404268370039513,0.04724606178715529,0.026796621913239838,1
745,Teton County,WY,56039,2018-05-31,1047242.8951559248,2018,5,Teton,83831.0,827400.0,1339.0,2747.0,13680.0,5287.0,9158.0,23059.0,270.94,12.492310662594086,0.030018465768936416,0.20080409356725146,0.577309456213147,0.07179161456933847,0.04724606178715529,0.024545552782183178,1
745,Teton County,WY,56039,2018-06-30,1048252.5376712248,2018,6,Teton,83831.0,827400.0,1339.0,2747.0,13680.0,5287.0,9158.0,23059.0,270.94,12.50435444729545,0.029989552965775712,0.20080409356725146,0.577309456213147,0.061793904119737064,0.04724606178715529,0.014547842332581773,1
745,Teton County,WY,56039,2018-07-31,1055827.830013428,2018,7,Teton,83831.0,827400.0,1339.0,2747.0,13680.0,5287.0,9158.0,23059.0,270.94,12.594718302458853,0.029774385658692275,0.20080409356725146,0.577309456213147,0.057341612404396836,0.04724606178715529,0.010095550617241544,1
745,Teton County,WY,56039,2018-08-31,1067658.586786556,2018,8,Teton,83831.0,827400.0,1339.0,2747.0,13680.0,5287.0,9158.0,23059.0,270.94,12.735844577621119,0.02944445479956107,0.20080409356725146,0.577309456213147,0.05736535762328532,0.04724606178715529,0.010119295836130027,1
745,Teton County,WY,56039,2018-09-30,1086158.2487470356,2018,9,Teton,83831.0,827400.0,1339.0,2747.0,13680.0,5287.0,9158.0,23059.0,270.94,12.956522631807275,0.02894295102602635,0.20080409356725146,0.577309456213147,0.06853185013017904,0.04724606178715529,0.021285788343023748,1
745,Teton County,WY,56039,2018-10-31,1099456.2020374292,2018,10,Teton,83831.0,827400.0,1339.0,2747.0,13680.0,5287.0,9158.0,23059.0,270.94,13.11515074420476,0.028592885229756327,0.20080409356725146,0.577309456213147,0.07660722747782778,0.04724606178715529,0.029361165690672486,1
745,Teton County,WY,56039,2018-11-30,1109098.2807662785,2018,11,Teton,83831.0,827400.0,1339.0,2747.0,13680.0,5287.0,9158.0,23059.0,270.94,13.230168801115083,0.028344309557743034,0.20080409356725146,0.577309456213147,0.0785393770500662,0.04724606178715529,0.031293315262910903,1
745,Teton County,WY,56039,2018-12-31,1115369.131838801,2018,12,Teton,83831.0,827400.0,1339.0,2747.0,13680.0,5287.0,9158.0,23059.0,270.94,13.30497228756428,0.028184951602680162,0.20080409356725146,0.577309456213147,0.07576570693205098,0.04724606178715529,0.02851964514489569,1
745,Teton County,WY,56039,2019-01-31,1118882.5103540015,2019,1,Teton,84678.0,866600.0,1376.0,2766.0,13848.0,5448.0,9019.0,23280.0,296.51,13.213379040057648,0.028380325642907153,0.19974003466204507,0.6040580995675796,0.0770295913790151,0.010103660936884973,0.06692593044213013,1
745,Teton County,WY,56039,2019-02-28,1121093.7507724883,2019,2,Teton,84678.0,866600.0,1376.0,2766.0,13848.0,5448.0,9019.0,23280.0,296.51,13.23949255736423,0.028324348412538884,0.19974003466204507,0.6040580995675796,0.0797438042203269,0.010103660936884973,0.06964014328344192,1
745,Teton County,WY,56039,2019-03-31,1124559.3677983712,2019,3,Teton,84678.0,866600.0,1376.0,2766.0,13848.0,5448.0,9019.0,23280.0,296.51,13.280419563503758,0.028237059695805585,0.19974003466204507,0.6040580995675796,0.08306620162436484,0.010103660936884973,0.07296254068747987,1
745,Teton County,WY,56039,2019-04-30,1131287.3971733735,2019,4,Teton,84678.0,866600.0,1376.0,2766.0,13848.0,5448.0,9019.0,23280.0,296.51,13.359873841769685,0.028069127331693904,0.19974003466204507,0.6040580995675796,0.08544161296788189,0.010103660936884973,0.07533795203099691,1
745,Teton County,WY,56039,2019-05-31,1136323.7568574443,2019,5,Teton,84678.0,866600.0,1376.0,2766.0,13848.0,5448.0,9019.0,23280.0,296.51,13.419350443532492,0.02794472069106241,0.19974003466204507,0.6040580995675796,0.08506227362684204,0.010103660936884973,0.07495861268995707,1
745,Teton County,WY,56039,2019-06-30,1140371.4785996808,2019,6,Teton,84678.0,866600.0,1376.0,2766.0,13848.0,5448.0,9019.0,23280.0,296.51,13.467151782041153,0.027845531562217453,0.19974003466204507,0.6040580995675796,0.08787857660054454,0.010103660936884973,0.07777491566365957,1
745,Teton County,WY,56039,2019-07-31,1143781.1235184444,2019,7,Teton,84678.0,866600.0,1376.0,2766.0,13848.0,5448.0,9019.0,23280.0,296.51,13.507417788781554,0.02776252321975651,0.19974003466204507,0.6040580995675796,0.08330268534775942,0.010103660936884973,0.07319902441087445,1
745,Teton County,WY,56039,2019-08-31,1148826.6301840672,2019,8,Teton,84678.0,866600.0,1376.0,2766.0,13848.0,5448.0,9019.0,23280.0,296.51,13.567002411300068,0.027640593598454687,0.19974003466204507,0.6040580995675796,0.07602434373877065,0.010103660936884973,0.06592068280188568,1
745,Teton County,WY,56039,2019-09-30,1152687.5425997043,2019,9,Teton,84678.0,866600.0,1376.0,2766.0,13848.0,5448.0,9019.0,23280.0,296.51,13.612597635746054,0.02754801177809496,0.19974003466204507,0.6040580995675796,0.061251934448240064,0.010103660936884973,0.05114827351135509,1
745,Teton County,WY,56039,2019-10-31,1157047.2408048443,2019,10,Teton,84678.0,866600.0,1376.0,2766.0,13848.0,5448.0,9019.0,23280.0,296.51,13.664083242457831,0.027444212198208674,0.19974003466204507,0.6040580995675796,0.052381385143575265,0.010103660936884973,0.04227772420669029,1
745,Teton County,WY,56039,2019-11-30,1162444.248281055,2019,11,Teton,84678.0,866600.0,1376.0,2766.0,13848.0,5448.0,9019.0,23280.0,296.51,13.727818893703853,0.02731679394255343,0.19974003466204507,0.6040580995675796,0.04809850347790601,0.010103660936884973,0.037994842541021034,1
745,Teton County,WY,56039,2019-12-31,1169520.1803689713,2019,12,Teton,84678.0,866600.0,1376.0,2766.0,13848.0,5448.0,9019.0,23280.0,296.51,13.811381709168513,0.02715151951459432,0.19974003466204507,0.6040580995675796,0.04854988988344755,0.010103660936884973,0.03844622894656258,1
745,Teton County,WY,56039,2020-01-31,1175285.8308331743,2020,1,Teton,87053.0,850800.0,1402.0,2352.0,14015.0,5609.0,10027.0,23356.0,294.25,13.500807908207348,0.027776115514689434,0.16782019265073136,0.5593896479505336,0.050410404986424684,0.028047426722407343,0.02236297826401734,1
745,Teton County,WY,56039,2020-02-29,1180576.2752353929,2020,2,Teton,87053.0,850800.0,1402.0,2352.0,14015.0,5609.0,10027.0,23356.0,294.25,13.561580591540704,0.027651644103631502,0.16782019265073136,0.5593896479505336,0.05305758275962047,0.028047426722407343,0.025010156037213127,1
745,Teton County,WY,56039,2020-03-31,1185040.3779254116,2020,3,Teton,87053.0,850800.0,1402.0,2352.0,14015.0,5609.0,10027.0,23356.0,294.25,13.612860876999202,0.027547479063244812,0.16782019265073136,0.5593896479505336,0.05378196283709613,0.028047426722407343,0.02573453611468879,1
745,Teton County,WY,56039,2020-04-30,1187850.5423507786,2020,4,Teton,87053.0,850800.0,1402.0,2352.0,14015.0,5609.0,10027.0,23356.0,294.25,13.645141952038168,0.02748230845220239,0.16782019265073136,0.5593896479505336,0.049998917444615154,0.028047426722407343,0.02195149072220781,1
745,Teton County,WY,56039,2020-05-31,1186958.2488829086,2020,5,Teton,87053.0,850800.0,1402.0,2352.0,14015.0,5609.0,10027.0,23356.0,294.25,13.63489194953544,0.02750296822211171,0.16782019265073136,0.5593896479505336,0.04455991676658799,0.028047426722407343,0.01651249004418065,1
745,Teton County,WY,56039,2020-06-30,1182670.807523301,2020,6,Teton,87053.0,850800.0,1402.0,2352.0,14015.0,5609.0,10027.0,23356.0,294.25,13.585641017808705,0.027602672520820482,0.16782019265073136,0.5593896479505336,0.037092587562398194,0.028047426722407343,0.009045160839990851,1
745,Teton County,WY,56039,2020-07-31,1177424.764226367,2020,7,Teton,87053.0,850800.0,1402.0,2352.0,14015.0,5609.0,10027.0,23356.0,294.25,13.52537838128918,0.02772565686729842,0.16782019265073136,0.5593896479505336,0.029414404571068253,0.028047426722407343,0.0013669778486609108,1
745,Teton County,WY,56039,2020-08-31,1179091.9566113192,2020,8,Teton,87053.0,850800.0,1402.0,2352.0,14015.0,5609.0,10027.0,23356.0,294.25,13.544529845166958,0.027686453814696987,0.16782019265073136,0.5593896479505336,0.02634455507216349,0.028047426722407343,-0.0017028716502438535,1
745,Teton County,WY,56039,2020-09-30,1188935.0461841894,2020,9,Teton,87053.0,850800.0,1402.0,2352.0,14015.0,5609.0,10027.0,23356.0,294.25,13.657599924002497,0.027457240077808812,0.16782019265073136,0.5593896479505336,0.03144607904995178,0.028047426722407343,0.003398652327544438,1
745,Teton County,WY,56039,2020-10-31,1209399.9230475004,2020,10,Teton,87053.0,850800.0,1402.0,2352.0,14015.0,5609.0,10027.0,23356.0,294.25,13.892685180838114,0.026992622025094865,0.16782019265073136,0.5593896479505336,0.04524679753459293,0.028047426722407343,0.017199370812185588,1
745,Teton County,WY,56039,2020-11-30,1234138.9236699978,2020,11,Teton,87053.0,850800.0,1402.0,2352.0,14015.0,5609.0,10027.0,23356.0,294.25,14.176868386729899,0.026451539914909176,0.16782019265073136,0.5593896479505336,0.06167579692097935,0.028047426722407343,0.03362837019857201,1
745,Teton County,WY,56039,2020-12-31,1262786.153507882,2020,12,Teton,87053.0,850800.0,1402.0,2352.0,14015.0,5609.0,10027.0,23356.0,294.25,14.505946417790105,0.025851467336188393,0.16782019265073136,0.5593896479505336,0.07974721146708763,0.028047426722407343,0.05169978474468029,1
745,Teton County,WY,56039,2021-01-31,1288167.3662489608,2021,1,Teton,94498.0,945300.0,1524.0,2282.0,13255.0,5656.0,9531.0,23319.0,319.79,13.631689202405985,0.027509430007677454,0.17216144850999623,0.5934319588710524,0.09604602765930004,0.08552261266125227,0.010523414998047764,1
745,Teton County,WY,56039,2021-02-28,1312082.824740425,2021,2,Teton,94498.0,945300.0,1524.0,2282.0,13255.0,5656.0,9531.0,23319.0,319.79,13.884768193405415,0.027008013009400228,0.17216144850999623,0.5934319588710524,0.1113918280958266,0.08552261266125227,0.025869215434574322,1
745,Teton County,WY,56039,2021-03-31,1340081.4563065935,2021,3,Teton,94498.0,945300.0,1524.0,2282.0,13255.0,5656.0,9531.0,23319.0,319.79,14.181056279567752,0.026443728351907378,0.17216144850999623,0.5934319588710524,0.13083189507230486,0.08552261266125227,0.04530928241105259,1
745,Teton County,WY,56039,2021-04-30,1379735.1460091446,2021,4,Teton,94498.0,945300.0,1524.0,2282.0,13255.0,5656.0,9531.0,23319.0,319.79,14.60068092456078,0.02568373365170849,0.17216144850999623,0.5934319588710524,0.16153934928431557,0.08552261266125227,0.0760167366230633,1
745,Teton County,WY,56039,2021-05-31,1435298.9328845842,2021,5,Teton,94498.0,945300.0,1524.0,2282.0,13255.0,5656.0,9531.0,23319.0,319.79,15.18866994946543,0.024689456104298204,0.17216144850999623,0.5934319588710524,0.2092244476462406,0.08552261266125227,0.12370183498498832,1
745,Teton County,WY,56039,2021-06-30,1489192.377515601,2021,6,Teton,94498.0,945300.0,1524.0,2282.0,13255.0,5656.0,9531.0,23319.0,319.79,15.758983020969767,0.023795951775631992,0.17216144850999623,0.5934319588710524,0.2591774211745399,0.08552261266125227,0.17365480851328763,1
745,Teton County,WY,56039,2021-07-31,1542664.1983508717,2021,7,Teton,94498.0,945300.0,1524.0,2282.0,13255.0,5656.0,9531.0,23319.0,319.79,16.324834370577914,0.022971136581689228,0.17216144850999623,0.5934319588710524,0.3102019298570531,0.08552261266125227,0.2246793171958008,1
745,Teton County,WY,56039,2021-08-31,1581241.0225104485,2021,8,Teton,94498.0,945300.0,1524.0,2282.0,13255.0,5656.0,9531.0,23319.0,319.79,16.733063371822137,0.022410720121426548,0.17216144850999623,0.5934319588710524,0.34106675365244254,0.08552261266125227,0.25554414099119027,1
745,Teton County,WY,56039,2021-09-30,1620216.689696557,2021,9,Teton,94498.0,945300.0,1524.0,2282.0,13255.0,5656.0,9531.0,23319.0,319.79,17.14551302351962,0.021871611510579356,0.17216144850999623,0.5934319588710524,0.36274617767937634,0.08552261266125227,0.27722356501812406,1
745,Teton County,WY,56039,2021-10-31,1660258.9921610318,2021,10,Teton,94498.0,945300.0,1524.0,2282.0,13255.0,5656.0,9531.0,23319.0,319.79,17.569250059906366,0.021344109664405246,0.17216144850999623,0.5934319588710524,0.372795681991972,0.08552261266125227,0.2872730693307197,1
745,Teton County,WY,56039,2021-11-30,1716174.4821375965,2021,11,Teton,94498.0,945300.0,1524.0,2282.0,13255.0,5656.0,9531.0,23319.0,319.79,18.160960889517202,0.02064868716370927,0.17216144850999623,0.5934319588710524,0.3905845194754527,0.08552261266125227,0.3050619068142004,1
745,Teton County,WY,56039,2021-12-31,1771357.510554996,2021,12,Teton,94498.0,945300.0,1524.0,2282.0,13255.0,5656.0,9531.0,23319.0,319.79,18.744920639114014,0.020005419453070807,0.17216144850999623,0.5934319588710524,0.40273751468873686,0.08552261266125227,0.3172149020274846,1
745,Teton County,WY,56039,2022-01-31,1822326.138010764,2022,1,Teton,108279.0,1137500.0,1511.0,2615.0,13365.0,6003.0,9645.0,23346.0,299.24,16.82991289179586,0.02228175525393257,0.19566030677141788,0.6223950233281493,0.4146656605012673,0.14583377425977262,0.2688318862414947,1
745,Teton County,WY,56039,2022-02-28,1863187.610190641,2022,2,Teton,108279.0,1137500.0,1511.0,2615.0,13365.0,6003.0,9645.0,23346.0,299.24,17.20728497853361,0.021793095219136485,0.19566030677141788,0.6223950233281493,0.4200228636932606,0.14583377425977262,0.27418908943348796,1
745,Teton County,WY,56039,2022-03-31,1910500.3588658816,2022,3,Teton,108279.0,1137500.0,1511.0,2615.0,13365.0,6003.0,9645.0,23346.0,299.24,17.64423719156883,0.021253398258508503,0.19566030677141788,0.6223950233281493,0.4256598730434067,0.14583377425977262,0.27982609878363407,1
745,Teton County,WY,56039,2022-04-30,1954383.0197451971,2022,4,Teton,108279.0,1137500.0,1511.0,2615.0,13365.0,6003.0,9645.0,23346.0,299.24,18.049511167864473,0.020776185931708425,0.19566030677141788,0.6223950233281493,0.41649143706907066,0.14583377425977262,0.27065766280929804,1
745,Teton County,WY,56039,2022-05-31,1984989.8307051572,2022,5,Teton,108279.0,1137500.0,1511.0,2615.0,13365.0,6003.0,9645.0,23346.0,299.24,18.332177344685093,0.020455835275274642,0.19566030677141788,0.6223950233281493,0.3829800783839745,0.14583377425977262,0.2371463041242019,1
745,Teton County,WY,56039,2022-06-30,1999221.6393255843,2022,6,Teton,108279.0,1137500.0,1511.0,2615.0,13365.0,6003.0,9645.0,23346.0,299.24,18.463613806237444,0.0203102168370374,0.19566030677141788,0.6223950233281493,0.34248715579706235,0.14583377425977262,0.19665338153728973,1
745,Teton County,WY,56039,2022-07-31,1988557.5028629005,2022,7,Teton,108279.0,1137500.0,1511.0,2615.0,13365.0,6003.0,9645.0,23346.0,299.24,18.36512622819661,0.02041913544946125,0.19566030677141788,0.6223950233281493,0.2890410660911782,0.14583377425977262,0.14320729183140557,1
745,Teton County,WY,56039,2022-08-31,1963704.3709685237,2022,8,Teton,108279.0,1137500.0,1511.0,2615.0,13365.0,6003.0,9645.0,23346.0,299.24,18.135597585575447,0.020677565116368958,0.19566030677141788,0.6223950233281493,0.24187542759980984,0.14583377425977262,0.09604165334003723,1
745,Teton County,WY,56039,2022-09-30,1926887.395503931,2022,9,Teton,108279.0,1137500.0,1511.0,2615.0,13365.0,6003.0,9645.0,23346.0,299.24,17.795578048411336,0.02107265068770707,0.19566030677141788,0.6223950233281493,0.1892775872249588,0.14583377425977262,0.04344381296518618,1
745,Teton County,WY,56039,2022-10-31,1919060.206576724,2022,10,Teton,108279.0,1137500.0,1511.0,2615.0,13365.0,6003.0,9645.0,23346.0,299.24,17.723290818872766,0.021158598808336353,0.19566030677141788,0.6223950233281493,0.1558800257294981,0.14583377425977262,0.010046251469725487,1
745,Teton County,WY,56039,2022-11-30,1941270.8854633763,2022,11,Teton,108279.0,1137500.0,1511.0,2615.0,13365.0,6003.0,9645.0,23346.0,299.24,17.92841534797492,0.020916516754078747,0.19566030677141788,0.6223950233281493,0.13116172374583313,0.14583377425977262,-0.014672050513939494,1
745,Teton County,WY,56039,2022-12-31,1984136.503283624,2022,12,Teton,108279.0,1137500.0,1511.0,2615.0,13365.0,6003.0,9645.0,23346.0,299.24,18.324296523643774,0.02046463281775313,0.19566030677141788,0.6223950233281493,0.1201219920093719,0.14583377425977262,-0.025711782250400717,1
745,Teton County,WY,56039,2023-01-31,2008272.663072336,2023,1,Teton,112681.0,1371900.0,1758.0,3110.0,13503.0,5773.0,9383.0,23358.0,,17.822637916528393,0.02104065636951709,0.23031918832851958,0.615261643397634,0.10203800581192879,0.040654235816732776,0.061383769995196014,1
745,Teton County,WY,56039,2023-02-28,2022092.925310488,2023,2,Teton,112681.0,1371900.0,1758.0,3110.0,13503.0,5773.0,9383.0,23358.0,,17.945287362647544,0.02089685121345834,0.23031918832851958,0.615261643397634,0.08528680324553473,0.040654235816732776,0.04463256742880195,1
745,Teton County,WY,56039,2023-03-31,2022487.6015165616,2023,3,Teton,112681.0,1371900.0,1758.0,3110.0,13503.0,5773.0,9383.0,23358.0,,17.948789960299976,0.020892773319507528,0.23031918832851958,0.615261643397634,0.05861670851355316,0.040654235816732776,0.017962472696820386,1
745,Teton County,WY,56039,2023-04-30,2030696.3307030648,2023,4,Teton,112681.0,1371900.0,1758.0,3110.0,13503.0,5773.0,9383.0,23358.0,,18.02163923556824,0.020808317994729618,0.23031918832851958,0.615261643397634,0.0390472646287201,0.040654235816732776,-0.0016069711880126736,1
745,Teton County,WY,56039,2023-05-31,2037037.789190212,2023,5,Teton,112681.0,1371900.0,1758.0,3110.0,13503.0,5773.0,9383.0,23358.0,,18.077917210445523,0.02074354006795223,0.23031918832851958,0.615261643397634,0.026220768328352184,0.040654235816732776,-0.014433467488380591,1
745,Teton County,WY,56039,2023-06-30,2061133.4648706927,2023,6,Teton,112681.0,1371900.0,1758.0,3110.0,13503.0,5773.0,9383.0,23358.0,,18.291756949891223,0.02050103776402026,0.23031918832851958,0.615261643397634,0.030967964895574962,0.040654235816732776,-0.009686270921157814,1
745,Teton County,WY,56039,2023-07-31,2085337.5211347973,2023,7,Teton,112681.0,1371900.0,1758.0,3110.0,13503.0,5773.0,9383.0,23358.0,,18.50655852481605,0.02026308670502677,0.23031918832851958,0.615261643397634,0.04866845345561477,0.040654235816732776,0.008014217638881993,1
745,Teton County,WY,56039,2023-08-31,2123204.050227501,2023,8,Teton,112681.0,1371900.0,1758.0,3110.0,13503.0,5773.0,9383.0,23358.0,,18.842609226289266,0.019901702333071723,0.23031918832851958,0.615261643397634,0.08122387545550458,0.040654235816732776,0.040569639638771804,1
745,Teton County,WY,56039,2023-09-30,2158725.3664285843,2023,9,Teton,112681.0,1371900.0,1758.0,3110.0,13503.0,5773.0,9383.0,23358.0,,19.157847076513203,0.019574224520235144,0.23031918832851958,0.615261643397634,0.12031734260424787,0.040654235816732776,0.07966310678751509,1
745,Teton County,WY,56039,2023-10-31,2195142.6398200826,2023,10,Teton,112681.0,1371900.0,1758.0,3110.0,13503.0,5773.0,9383.0,23358.0,,19.48103619794005,0.019249489410612202,0.23031918832851958,0.615261643397634,0.14386335160158548,0.040654235816732776,0.1032091157848527,1
745,Teton County,WY,56039,2023-11-30,2218118.4482270856,2023,11,Teton,112681.0,1371900.0,1758.0,3110.0,13503.0,5773.0,9383.0,23358.0,,19.68493755138032,0.019050098534536868,0.23031918832851958,0.615261643397634,0.14261150509019593,0.040654235816732776,0.10195726927346316,1
745,Teton County,WY,56039,2023-12-31,2227836.9926462937,2023,12,Teton,112681.0,1371900.0,1758.0,3110.0,13503.0,5773.0,9383.0,23358.0,,19.771185848956733,0.01896699585269376,0.23031918832851958,0.615261643397634,0.12282445736941994,0.040654235816732776,0.08217022155268716,1
760,Uinta County,WY,56041,2014-01-31,177562.02635571183,2014,1,Uinta,56158.0,174800.0,675.0,285.0,8745.0,5323.0,7557.0,20989.0,180.64,3.1618295942824144,0.11860221710813204,0.032590051457975985,0.7043800449913987,,,,0
760,Uinta County,WY,56041,2014-02-28,177310.6224779263,2014,2,Uinta,56158.0,174800.0,675.0,285.0,8745.0,5323.0,7557.0,20989.0,180.64,3.157352870079531,0.11877037994506896,0.032590051457975985,0.7043800449913987,,,,0
760,Uinta County,WY,56041,2014-03-31,176705.3675825463,2014,3,Uinta,56158.0,174800.0,675.0,285.0,8745.0,5323.0,7557.0,20989.0,180.64,3.146575155499596,0.11917719471742905,0.032590051457975985,0.7043800449913987,,,,0
760,Uinta County,WY,56041,2014-04-30,176131.98529496734,2014,4,Uinta,56158.0,174800.0,675.0,285.0,8745.0,5323.0,7557.0,20989.0,180.64,3.13636499332183,0.1195651656610364,0.032590051457975985,0.7043800449913987,,,,0
760,Uinta County,WY,56041,2014-05-31,176083.34322990183,2014,5,Uinta,56158.0,174800.0,675.0,285.0,8745.0,5323.0,7557.0,20989.0,180.64,3.1354988288383105,0.11959819488720266,0.032590051457975985,0.7043800449913987,,,,0
760,Uinta County,WY,56041,2014-06-30,175809.3117416478,2014,6,Uinta,56158.0,174800.0,675.0,285.0,8745.0,5323.0,7557.0,20989.0,180.64,3.130619176994334,0.11978461090244534,0.032590051457975985,0.7043800449913987,,,,0
760,Uinta County,WY,56041,2014-07-31,175933.2433801751,2014,7,Uinta,56158.0,174800.0,675.0,285.0,8745.0,5323.0,7557.0,20989.0,180.64,3.1328260155307364,0.11970023172080646,0.032590051457975985,0.7043800449913987,,,,0
760,Uinta County,WY,56041,2014-08-31,176154.1782380639,2014,8,Uinta,56158.0,174800.0,675.0,285.0,8745.0,5323.0,7557.0,20989.0,180.64,3.136760180883648,0.11955010213575197,0.032590051457975985,0.7043800449913987,,,,0
760,Uinta County,WY,56041,2014-09-30,176905.44055027803,2014,9,Uinta,56158.0,174800.0,675.0,285.0,8745.0,5323.0,7557.0,20989.0,180.64,3.1501378352198803,0.1190424100835654,0.032590051457975985,0.7043800449913987,,,,0
760,Uinta County,WY,56041,2014-10-31,177239.37501624133,2014,10,Uinta,56158.0,174800.0,675.0,285.0,8745.0,5323.0,7557.0,20989.0,180.64,3.15608417351475,0.11881812378355673,0.032590051457975985,0.7043800449913987,,,,0
760,Uinta County,WY,56041,2014-11-30,177223.6454801249,2014,11,Uinta,56158.0,174800.0,675.0,285.0,8745.0,5323.0,7557.0,20989.0,180.64,3.1558040792073236,0.11882866952063531,0.032590051457975985,0.7043800449913987,,,,0
760,Uinta County,WY,56041,2014-12-31,177317.1968153374,2014,12,Uinta,56158.0,174800.0,675.0,285.0,8745.0,5323.0,7557.0,20989.0,180.64,3.157469938661231,0.11876597633072009,0.032590051457975985,0.7043800449913987,,,,0
760,Uinta County,WY,56041,2015-01-31,177635.9511920796,2015,1,Uinta,56569.0,176700.0,641.0,341.0,8765.0,5480.0,7502.0,20930.0,181.01,3.140164245294766,0.11942050501399773,0.03890473474044495,0.7304718741668889,0.00041633246637817756,0.007318636703586234,-0.006902304237208057,0
760,Uinta County,WY,56041,2015-02-28,178349.0148641709,2015,2,Uinta,56569.0,176700.0,641.0,341.0,8765.0,5480.0,7502.0,20930.0,181.01,3.1527694472974757,0.11894304555680292,0.03890473474044495,0.7304718741668889,0.005856346177871341,0.007318636703586234,-0.0014622905257148933,0
760,Uinta County,WY,56041,2015-03-31,179194.42267292083,2015,3,Uinta,56569.0,176700.0,641.0,341.0,8765.0,5480.0,7502.0,20930.0,181.01,3.167714166291093,0.11838189316148667,0.03890473474044495,0.7304718741668889,0.014085905393970366,0.007318636703586234,0.006767268690384132,0
760,Uinta County,WY,56041,2015-04-30,179854.4069775236,2015,4,Uinta,56569.0,176700.0,641.0,341.0,8765.0,5480.0,7502.0,20930.0,181.01,3.179381056365211,0.11794748517144223,0.03890473474044495,0.7304718741668889,0.02113427425644665,0.007318636703586234,0.013815637552860416,0
760,Uinta County,WY,56041,2015-05-31,180216.81284328864,2015,5,Uinta,56569.0,176700.0,641.0,341.0,8765.0,5480.0,7502.0,20930.0,181.01,3.185787495682947,0.11771029941832642,0.03890473474044495,0.7304718741668889,0.02347450666012163,0.007318636703586234,0.016155869956535396,0
760,Uinta County,WY,56041,2015-06-30,180116.57129122727,2015,6,Uinta,56569.0,176700.0,641.0,341.0,8765.0,5480.0,7502.0,20930.0,181.01,3.1840154729839183,0.11777580956557558,0.03890473474044495,0.7304718741668889,0.02449960987225186,0.007318636703586234,0.017180973168665625,0
760,Uinta County,WY,56041,2015-07-31,180123.57420455056,2015,7,Uinta,56569.0,176700.0,641.0,341.0,8765.0,5480.0,7502.0,20930.0,181.01,3.1841392671701914,0.11777123063253135,0.03890473474044495,0.7304718741668889,0.02381773190709935,0.007318636703586234,0.016499095203513114,0
760,Uinta County,WY,56041,2015-08-31,180359.9636107349,2015,8,Uinta,56569.0,176700.0,641.0,341.0,8765.0,5480.0,7502.0,20930.0,181.01,3.188318047176632,0.11761687336433568,0.03890473474044495,0.7304718741668889,0.023875592476648944,0.007318636703586234,0.01655695577306271,0
760,Uinta County,WY,56041,2015-09-30,180761.11745104945,2015,9,Uinta,56569.0,176700.0,641.0,341.0,8765.0,5480.0,7502.0,20930.0,181.01,3.1954094548436323,0.1173558522935367,0.03890473474044495,0.7304718741668889,0.02179512901795455,0.007318636703586234,0.014476492314368317,0
760,Uinta County,WY,56041,2015-10-31,181157.01004258127,2015,10,Uinta,56569.0,176700.0,641.0,341.0,8765.0,5480.0,7502.0,20930.0,181.01,3.202407856645535,0.11709938795641284,0.03890473474044495,0.7304718741668889,0.022103638234906464,0.007318636703586234,0.01478500153132023,0
760,Uinta County,WY,56041,2015-11-30,180976.65267573448,2015,11,Uinta,56569.0,176700.0,641.0,341.0,8765.0,5480.0,7502.0,20930.0,181.01,3.199219584502722,0.11721608664079525,0.03890473474044495,0.7304718741668889,0.02117667304180637,0.007318636703586234,0.013858036338220137,0
760,Uinta County,WY,56041,2015-12-31,180967.46256532476,2015,12,Uinta,56569.0,176700.0,641.0,341.0,8765.0,5480.0,7502.0,20930.0,181.01,3.1990571260818603,0.1172220392510753,0.03890473474044495,0.7304718741668889,0.02058607859557382,0.007318636703586234,0.013267441891987586,0
760,Uinta County,WY,56041,2016-01-31,181531.6111813182,2016,1,Uinta,53323.0,179500.0,643.0,289.0,8768.0,5227.0,7432.0,20893.0,190.17,3.4043773077530934,0.11015230278558691,0.032960766423357664,0.7033100107642627,0.021930583100411738,-0.05738125121533,0.07931183431574174,0
760,Uinta County,WY,56041,2016-02-29,182816.4996364316,2016,2,Uinta,53323.0,179500.0,643.0,289.0,8768.0,5227.0,7432.0,20893.0,190.17,3.428473634949864,0.10937811980738295,0.032960766423357664,0.7033100107642627,0.025049113815756696,-0.05738125121533,0.0824303650310867,0
760,Uinta County,WY,56041,2016-03-31,183790.2123469389,2016,3,Uinta,53323.0,179500.0,643.0,289.0,8768.0,5227.0,7432.0,20893.0,190.17,3.44673428627307,0.10879863919115301,0.032960766423357664,0.7033100107642627,0.025646945956608658,-0.05738125121533,0.08302819717193866,0
760,Uinta County,WY,56041,2016-04-30,184467.402292746,2016,4,Uinta,53323.0,179500.0,643.0,289.0,8768.0,5227.0,7432.0,20893.0,190.17,3.4594340583377905,0.10839923342264318,0.032960766423357664,0.7033100107642627,0.025648497541674864,-0.05738125121533,0.08302974875700486,0
760,Uinta County,WY,56041,2016-05-31,185061.08954536676,2016,5,Uinta,53323.0,179500.0,643.0,289.0,8768.0,5227.0,7432.0,20893.0,190.17,3.4705678514968543,0.10805148207612844,0.032960766423357664,0.7033100107642627,0.026880270634297432,-0.05738125121533,0.08426152184962743,0
760,Uinta County,WY,56041,2016-06-30,185666.18115632512,2016,6,Uinta,53323.0,179500.0,643.0,289.0,8768.0,5227.0,7432.0,20893.0,190.17,3.481915517812672,0.10769933907976426,0.032960766423357664,0.7033100107642627,0.030811212012940237,-0.05738125121533,0.08819246322827023,0
760,Uinta County,WY,56041,2016-07-31,185992.21199906225,2016,7,Uinta,53323.0,179500.0,643.0,289.0,8768.0,5227.0,7432.0,20893.0,190.17,3.488029780752438,0.10751054995840804,0.032960766423357664,0.7033100107642627,0.032581175564766474,-0.05738125121533,0.08996242678009647,0
760,Uinta County,WY,56041,2016-08-31,185983.1062298636,2016,8,Uinta,53323.0,179500.0,643.0,289.0,8768.0,5227.0,7432.0,20893.0,190.17,3.4878590144940005,0.107515813695928,0.032960766423357664,0.7033100107642627,0.03117733285456259,-0.05738125121533,0.08855858406989259,0
760,Uinta County,WY,56041,2016-09-30,185606.2708473201,2016,9,Uinta,53323.0,179500.0,643.0,289.0,8768.0,5227.0,7432.0,20893.0,190.17,3.480791981833732,0.10773410245631643,0.032960766423357664,0.7033100107642627,0.026804179264839467,-0.05738125121533,0.08418543048016947,0
760,Uinta County,WY,56041,2016-10-31,185157.88940124717,2016,10,Uinta,53323.0,179500.0,643.0,289.0,8768.0,5227.0,7432.0,20893.0,190.17,3.472383200518485,0.10799499316319874,0.032960766423357664,0.7033100107642627,0.022085147893120327,-0.05738125121533,0.07946639910845033,0
760,Uinta County,WY,56041,2016-11-30,184884.1601365674,2016,11,Uinta,53323.0,179500.0,643.0,289.0,8768.0,5227.0,7432.0,20893.0,190.17,3.467249782205941,0.10815488457869818,0.032960766423357664,0.7033100107642627,0.02159122407813685,-0.05738125121533,0.07897247529346685,0
760,Uinta County,WY,56041,2016-12-31,185243.1111086642,2016,12,Uinta,53323.0,179500.0,643.0,289.0,8768.0,5227.0,7432.0,20893.0,190.17,3.4739814171870336,0.10794530970854949,0.032960766423357664,0.7033100107642627,0.023626614877224172,-0.05738125121533,0.08100786609255417,0
760,Uinta County,WY,56041,2017-01-31,185805.32350393335,2017,1,Uinta,54672.0,178400.0,652.0,254.0,8941.0,5556.0,7705.0,20758.0,185.56,3.398546303481368,0.11034129492832312,0.028408455430041384,0.7210902011680727,0.023542524052995173,0.02529865161375011,-0.0017561275607549387,0
760,Uinta County,WY,56041,2017-02-28,186304.07158476007,2017,2,Uinta,54672.0,178400.0,652.0,254.0,8941.0,5556.0,7705.0,20758.0,185.56,3.407668853979369,0.11004590412653703,0.028408455430041384,0.7210902011680727,0.01907689926929046,0.02529865161375011,-0.006221752344459652,0
760,Uinta County,WY,56041,2017-03-31,186459.23801141093,2017,3,Uinta,54672.0,178400.0,652.0,254.0,8941.0,5556.0,7705.0,20758.0,185.56,3.4105069873319236,0.1099543268472722,0.028408455430041384,0.7210902011680727,0.014522131676053096,0.02529865161375011,-0.010776519937697016,0
760,Uinta County,WY,56041,2017-04-30,186643.8078002399,2017,4,Uinta,54672.0,178400.0,652.0,254.0,8941.0,5556.0,7705.0,20758.0,185.56,3.4138829345961352,0.10984559435233321,0.028408455430041384,0.7210902011680727,0.011798320356027014,0.02529865161375011,-0.013500331257723097,0
760,Uinta County,WY,56041,2017-05-31,186575.59695277465,2017,5,Uinta,54672.0,178400.0,652.0,254.0,8941.0,5556.0,7705.0,20758.0,185.56,3.4126352969120326,0.10988575320056133,0.028408455430041384,0.7210902011680727,0.008183824115207239,0.02529865161375011,-0.017114827498542873,0
760,Uinta County,WY,56041,2017-06-30,186545.7381120409,2017,6,Uinta,54672.0,178400.0,652.0,254.0,8941.0,5556.0,7705.0,20758.0,185.56,3.412089151888369,0.10990334170854295,0.028408455430041384,0.7210902011680727,0.0047373029931350175,0.02529865161375011,-0.020561348620615094,0
760,Uinta County,WY,56041,2017-07-31,186022.6887712955,2017,7,Uinta,54672.0,178400.0,652.0,254.0,8941.0,5556.0,7705.0,20758.0,185.56,3.402522109513014,0.1102123624565284,0.028408455430041384,0.7210902011680727,0.00016386047515482005,0.02529865161375011,-0.02513479113859529,0
760,Uinta County,WY,56041,2017-08-31,185517.6342116159,2017,8,Uinta,54672.0,178400.0,652.0,254.0,8941.0,5556.0,7705.0,20758.0,185.56,3.393284207850744,0.11051240539545591,0.028408455430041384,0.7210902011680727,-0.002502765050457878,0.02529865161375011,-0.02780141666420799,0
760,Uinta County,WY,56041,2017-09-30,185469.67663508104,2017,9,Uinta,54672.0,178400.0,652.0,254.0,8941.0,5556.0,7705.0,20758.0,185.56,3.392407020688488,0.11054098099463718,0.028408455430041384,0.7210902011680727,-0.0007359353302853755,0.02529865161375011,-0.026034586944035487,0
760,Uinta County,WY,56041,2017-10-31,186154.3244858312,2017,10,Uinta,54672.0,178400.0,652.0,254.0,8941.0,5556.0,7705.0,20758.0,185.56,3.404929844999839,0.11013442774766412,0.028408455430041384,0.7210902011680727,0.005381542681255569,0.02529865161375011,-0.019917108932494543,0
760,Uinta County,WY,56041,2017-11-30,187194.05560782424,2017,11,Uinta,54672.0,178400.0,652.0,254.0,8941.0,5556.0,7705.0,20758.0,185.56,3.423947461366408,0.10952270857869627,0.028408455430041384,0.7210902011680727,0.012493744567142029,0.02529865161375011,-0.012804907046608083,0
760,Uinta County,WY,56041,2017-12-31,187845.00415726448,2017,12,Uinta,54672.0,178400.0,652.0,254.0,8941.0,5556.0,7705.0,20758.0,185.56,3.4358538951796986,0.10914317413965215,0.028408455430041384,0.7210902011680727,0.014045828927338633,0.02529865161375011,-0.011252822686411479,0
760,Uinta County,WY,56041,2018-01-31,188225.0440713842,2018,1,Uinta,58235.0,177500.0,664.0,181.0,8972.0,5822.0,7735.0,20609.0,197.17,3.23216354548612,0.11602135681646011,0.02017387427552385,0.7526826115061409,0.01302288073247615,0.06517047117354413,-0.05214759044106798,0
760,Uinta County,WY,56041,2018-02-28,188343.576101086,2018,2,Uinta,58235.0,177500.0,664.0,181.0,8972.0,5822.0,7735.0,20609.0,197.17,3.234198954255791,0.11594834000751503,0.02017387427552385,0.7526826115061409,0.010947181663703232,0.06517047117354413,-0.0542232895098409,0
760,Uinta County,WY,56041,2018-03-31,188812.015042814,2018,3,Uinta,58235.0,177500.0,664.0,181.0,8972.0,5822.0,7735.0,20609.0,197.17,3.2422428959013305,0.11566067442820366,0.02017387427552385,0.7526826115061409,0.012618184309318492,0.06517047117354413,-0.05255228686422564,0
760,Uinta County,WY,56041,2018-04-30,189041.7223254978,2018,4,Uinta,58235.0,177500.0,664.0,181.0,8972.0,5822.0,7735.0,20609.0,197.17,3.2461873843135196,0.11552013349941052,0.02017387427552385,0.7526826115061409,0.012847543958298902,0.06517047117354413,-0.05232292721524523,0
760,Uinta County,WY,56041,2018-05-31,189051.2248546001,2018,5,Uinta,58235.0,177500.0,664.0,181.0,8972.0,5822.0,7735.0,20609.0,197.17,3.246350559879799,0.11551432695977384,0.02017387427552385,0.7526826115061409,0.013268765809989924,0.06517047117354413,-0.05190170536355421,0
760,Uinta County,WY,56041,2018-06-30,188792.78477634213,2018,6,Uinta,58235.0,177500.0,664.0,181.0,8972.0,5822.0,7735.0,20609.0,197.17,3.2419126775365696,0.11567245552244518,0.02017387427552385,0.7526826115061409,0.012045553476818682,0.06517047117354413,-0.05312491769672545,0
760,Uinta County,WY,56041,2018-07-31,188858.612807984,2018,7,Uinta,58235.0,177500.0,664.0,181.0,8972.0,5822.0,7735.0,20609.0,197.17,3.243043063586915,0.11563213705378225,0.02017387427552385,0.7526826115061409,0.015245043792346813,0.06517047117354413,-0.04992542738119732,0
760,Uinta County,WY,56041,2018-08-31,189421.32447272292,2018,8,Uinta,58235.0,177500.0,664.0,181.0,8972.0,5822.0,7735.0,20609.0,197.17,3.2527058379449287,0.11528863004621603,0.02017387427552385,0.7526826115061409,0.021042152018035054,0.06517047117354413,-0.04412831915550908,0
760,Uinta County,WY,56041,2018-09-30,190353.6753376995,2018,9,Uinta,58235.0,177500.0,664.0,181.0,8972.0,5822.0,7735.0,20609.0,197.17,3.2687159841624367,0.11472394720647122,0.02017387427552385,0.7526826115061409,0.02633313860911035,0.06517047117354413,-0.03883733256443378,0
760,Uinta County,WY,56041,2018-10-31,191212.26637840763,2018,10,Uinta,58235.0,177500.0,664.0,181.0,8972.0,5822.0,7735.0,20609.0,197.17,3.2834595411420557,0.11420880790556875,0.02017387427552385,0.7526826115061409,0.027170692416341957,0.06517047117354413,-0.037999778757202174,0
760,Uinta County,WY,56041,2018-11-30,192056.59242388076,2018,11,Uinta,58235.0,177500.0,664.0,181.0,8972.0,5822.0,7735.0,20609.0,197.17,3.297958142420894,0.11370671906852284,0.02017387427552385,0.7526826115061409,0.025975914674575273,0.06517047117354413,-0.03919455649896886,0
760,Uinta County,WY,56041,2018-12-31,192572.12503227487,2018,12,Uinta,58235.0,177500.0,664.0,181.0,8972.0,5822.0,7735.0,20609.0,197.17,3.3068107672752616,0.11340231612617846,0.02017387427552385,0.7526826115061409,0.025165007162249786,0.06517047117354413,-0.040005464011294345,0
760,Uinta County,WY,56041,2019-01-31,193274.966024948,2019,1,Uinta,63403.0,175000.0,698.0,228.0,9041.0,5854.0,7597.0,20479.0,204.75,3.04835679739047,0.12301709574188188,0.025218449286583344,0.7705673292088983,0.026829171317120704,0.08874388254486143,-0.061914711227740726,0
760,Uinta County,WY,56041,2019-02-28,194222.2867286832,2019,2,Uinta,63403.0,175000.0,698.0,228.0,9041.0,5854.0,7597.0,20479.0,204.75,3.063298057326675,0.1224170789071895,0.025218449286583344,0.7705673292088983,0.031212695167484927,0.08874388254486143,-0.0575311873773765,0
760,Uinta County,WY,56041,2019-03-31,195544.1252686949,2019,3,Uinta,63403.0,175000.0,698.0,228.0,9041.0,5854.0,7597.0,20479.0,204.75,3.084146259146963,0.12158956433658902,0.025218449286583344,0.7705673292088983,0.0356550944300571,0.08874388254486143,-0.05308878811480433,0
760,Uinta County,WY,56041,2019-04-30,196761.1679808027,2019,4,Uinta,63403.0,175000.0,698.0,228.0,9041.0,5854.0,7597.0,20479.0,204.75,3.103341608138459,0.12083748660365622,0.025218449286583344,0.7705673292088983,0.04083461344058925,0.08874388254486143,-0.04790926910427218,0
760,Uinta County,WY,56041,2019-05-31,197060.17071072897,2019,5,Uinta,63403.0,175000.0,698.0,228.0,9041.0,5854.0,7597.0,20479.0,204.75,3.1080575163750765,0.12065413784149076,0.025218449286583344,0.7705673292088983,0.04236389297286269,0.08874388254486143,-0.046379989571998737,0
760,Uinta County,WY,56041,2019-06-30,197266.55643476275,2019,6,Uinta,63403.0,175000.0,698.0,228.0,9041.0,5854.0,7597.0,20479.0,204.75,3.1113126576780714,0.12052790614745133,0.025218449286583344,0.7705673292088983,0.0448839804363248,0.08874388254486143,-0.04385990210853663,0
760,Uinta County,WY,56041,2019-07-31,197500.97040102087,2019,7,Uinta,63403.0,175000.0,698.0,228.0,9041.0,5854.0,7597.0,20479.0,204.75,3.115009863902668,0.12038485153628944,0.025218449286583344,0.7705673292088983,0.045760992652337906,0.08874388254486143,-0.042982889892523524,0
760,Uinta County,WY,56041,2019-08-31,198530.8715003392,2019,8,Uinta,63403.0,175000.0,698.0,228.0,9041.0,5854.0,7597.0,20479.0,204.75,3.1312535921066704,0.11976034165527435,0.025218449286583344,0.7705673292088983,0.04809145460773134,0.08874388254486143,-0.04065242793713009,0
760,Uinta County,WY,56041,2019-09-30,199084.7790787712,2019,9,Uinta,63403.0,175000.0,698.0,228.0,9041.0,5854.0,7597.0,20479.0,204.75,3.139989891310682,0.11942713606745686,0.025218449286583344,0.7705673292088983,0.045867797013018796,0.08874388254486143,-0.042876085531842634,0
760,Uinta County,WY,56041,2019-10-31,199460.01539769236,2019,10,Uinta,63403.0,175000.0,698.0,228.0,9041.0,5854.0,7597.0,20479.0,204.75,3.1459081651923784,0.11920246247145869,0.025218449286583344,0.7705673292088983,0.043133995404680325,0.08874388254486143,-0.045609887140181105,0
760,Uinta County,WY,56041,2019-11-30,199863.64272022285,2019,11,Uinta,63403.0,175000.0,698.0,228.0,9041.0,5854.0,7597.0,20479.0,204.75,3.1522742255133487,0.11896173149051811,0.025218449286583344,0.7705673292088983,0.040649738693225634,0.08874388254486143,-0.048094143851635796,0
760,Uinta County,WY,56041,2019-12-31,200696.53430860996,2019,12,Uinta,63403.0,175000.0,698.0,228.0,9041.0,5854.0,7597.0,20479.0,204.75,3.165410695213317,0.11846803972927393,0.025218449286583344,0.7705673292088983,0.04218891636042055,0.08874388254486143,-0.04655496618444088,0
760,Uinta County,WY,56041,2020-01-31,201527.8772117996,2020,1,Uinta,72458.0,181600.0,685.0,110.0,9077.0,5996.0,7789.0,20374.0,214.83,2.7813060974881947,0.134828741194169,0.01211854136829349,0.7698035691359609,0.042700362890175425,0.1428165859659638,-0.10011622307578838,0
760,Uinta County,WY,56041,2020-02-29,202250.63436196127,2020,2,Uinta,72458.0,181600.0,685.0,110.0,9077.0,5996.0,7789.0,20374.0,214.83,2.791280940157902,0.13434692101569193,0.01211854136829349,0.7698035691359609,0.0413358722549344,0.1428165859659638,-0.1014807137110294,0
760,Uinta County,WY,56041,2020-03-31,203089.0804494597,2020,3,Uinta,72458.0,181600.0,685.0,110.0,9077.0,5996.0,7789.0,20374.0,214.83,2.8028524172549574,0.1337922745027244,0.01211854136829349,0.7698035691359609,0.03858441244602662,0.1428165859659638,-0.10423217351993719,0
760,Uinta County,WY,56041,2020-04-30,204202.40589087748,2020,4,Uinta,72458.0,181600.0,685.0,110.0,9077.0,5996.0,7789.0,20374.0,214.83,2.8182175314096094,0.13306282989888057,0.01211854136829349,0.7698035691359609,0.03781863050742196,0.1428165859659638,-0.10499795545854185,0
760,Uinta County,WY,56041,2020-05-31,205125.5675992181,2020,5,Uinta,72458.0,181600.0,685.0,110.0,9077.0,5996.0,7789.0,20374.0,214.83,2.83095817714011,0.13246398446579397,0.01211854136829349,0.7698035691359609,0.04092859992661113,0.1428165859659638,-0.10188798603935267,0
760,Uinta County,WY,56041,2020-06-30,205978.70238325748,2020,6,Uinta,72458.0,181600.0,685.0,110.0,9077.0,5996.0,7789.0,20374.0,214.83,2.8427323743859545,0.1319153372926996,0.01211854136829349,0.7698035691359609,0.04416433330591385,0.1428165859659638,-0.09865225266004995,0
760,Uinta County,WY,56041,2020-07-31,206946.1807547293,2020,7,Uinta,72458.0,181600.0,685.0,110.0,9077.0,5996.0,7789.0,20374.0,214.83,2.856084638752509,0.13129862991868257,0.01211854136829349,0.7698035691359609,0.04782361491455034,0.1428165859659638,-0.09499297105141347,0
760,Uinta County,WY,56041,2020-08-31,208438.900936394,2020,8,Uinta,72458.0,181600.0,685.0,110.0,9077.0,5996.0,7789.0,20374.0,214.83,2.8766858171132794,0.13035834423388928,0.01211854136829349,0.7698035691359609,0.04990674428202402,0.1428165859659638,-0.09290984168393979,0
760,Uinta County,WY,56041,2020-09-30,210552.37021228136,2020,9,Uinta,72458.0,181600.0,685.0,110.0,9077.0,5996.0,7789.0,20374.0,214.83,2.9058540149090692,0.12904984148411683,0.01211854136829349,0.7698035691359609,0.05760154636921211,0.1428165859659638,-0.0852150395967517,0
760,Uinta County,WY,56041,2020-10-31,213182.93162729332,2020,10,Uinta,72458.0,181600.0,685.0,110.0,9077.0,5996.0,7789.0,20374.0,214.83,2.9421586522853698,0.12745743663711423,0.01211854136829349,0.7698035691359609,0.06880033676042574,0.1428165859659638,-0.07401624920553806,0
760,Uinta County,WY,56041,2020-11-30,216602.51140330883,2020,11,Uinta,72458.0,181600.0,685.0,110.0,9077.0,5996.0,7789.0,20374.0,214.83,2.9893526098334045,0.12544522140561348,0.01211854136829349,0.7698035691359609,0.08375144401084356,0.1428165859659638,-0.05906514195512025,0
760,Uinta County,WY,56041,2020-12-31,219864.99385285392,2020,12,Uinta,72458.0,181600.0,685.0,110.0,9077.0,5996.0,7789.0,20374.0,214.83,3.034378451694139,0.1235837935082329,0.01211854136829349,0.7698035691359609,0.09550966891520263,0.1428165859659638,-0.04730691705076118,0
760,Uinta County,WY,56041,2021-01-31,222670.7390122669,2021,1,Uinta,75106.0,190900.0,711.0,118.0,8819.0,6000.0,7675.0,20514.0,244.59,2.9647530025865696,0.12648608490246402,0.013380201836942964,0.7817589576547231,0.10491283932022366,0.036545309006597027,0.06836753031362663,0
760,Uinta County,WY,56041,2021-02-28,225134.6201598889,2021,2,Uinta,75106.0,190900.0,711.0,118.0,8819.0,6000.0,7675.0,20514.0,244.59,2.997558386279244,0.125101816770773,0.013380201836942964,0.7817589576547231,0.11314667007161483,0.036545309006597027,0.0766013610650178,0
760,Uinta County,WY,56041,2021-03-31,227948.0687438862,2021,3,Uinta,75106.0,190900.0,711.0,118.0,8819.0,6000.0,7675.0,20514.0,244.59,3.0350180910165125,0.12355774784670294,0.013380201836942964,0.7817589576547231,0.12240435694233631,0.036545309006597027,0.08585904793573929,0
760,Uinta County,WY,56041,2021-04-30,231465.34763053595,2021,4,Uinta,75106.0,190900.0,711.0,118.0,8819.0,6000.0,7675.0,20514.0,244.59,3.081848955217106,0.12168020089536882,0.013380201836942964,0.7817589576547231,0.13350940514494902,0.036545309006597027,0.096964096138352,0
760,Uinta County,WY,56041,2021-05-31,235427.5432557072,2021,5,Uinta,75106.0,190900.0,711.0,118.0,8819.0,6000.0,7675.0,20514.0,244.59,3.134603670222182,0.11963234891938343,0.013380201836942964,0.7817589576547231,0.14772403075414853,0.036545309006597027,0.1111787217475515,0
760,Uinta County,WY,56041,2021-06-30,239933.1389339162,2021,6,Uinta,75106.0,190900.0,711.0,118.0,8819.0,6000.0,7675.0,20514.0,244.59,3.19459349364786,0.1173858272564729,0.013380201836942964,0.7817589576547231,0.1648444045806292,0.036545309006597027,0.12829909557403218,0
760,Uinta County,WY,56041,2021-07-31,243936.40196895297,2021,7,Uinta,75106.0,190900.0,711.0,118.0,8819.0,6000.0,7675.0,20514.0,244.59,3.2478950013175107,0.11545939750142198,0.013380201836942964,0.7817589576547231,0.17874319342024547,0.036545309006597027,0.14219788441364845,0
760,Uinta County,WY,56041,2021-08-31,247056.2961059035,2021,8,Uinta,75106.0,190900.0,711.0,118.0,8819.0,6000.0,7675.0,20514.0,244.59,3.2894348801148174,0.11400134481060487,0.013380201836942964,0.7817589576547231,0.18526961616101478,0.036545309006597027,0.14872430715441776,0
760,Uinta County,WY,56041,2021-09-30,248969.0907852872,2021,9,Uinta,75106.0,190900.0,711.0,118.0,8819.0,6000.0,7675.0,20514.0,244.59,3.3149028144926795,0.11312548843378106,0.013380201836942964,0.7817589576547231,0.18245684213515934,0.036545309006597027,0.1459115331285623,0
760,Uinta County,WY,56041,2021-10-31,251463.3598387728,2021,10,Uinta,75106.0,190900.0,711.0,118.0,8819.0,6000.0,7675.0,20514.0,244.59,3.348112798428525,0.11200339492026987,0.013380201836942964,0.7817589576547231,0.17956610277977125,0.036545309006597027,0.14302079377317423,0
760,Uinta County,WY,56041,2021-11-30,254885.1529009445,2021,11,Uinta,75106.0,190900.0,711.0,118.0,8819.0,6000.0,7675.0,20514.0,244.59,3.393672315140528,0.11049976697130573,0.013380201836942964,0.7817589576547231,0.1767414479620426,0.036545309006597027,0.14019613895544558,0
760,Uinta County,WY,56041,2021-12-31,258652.0073672319,2021,12,Uinta,75106.0,190900.0,711.0,118.0,8819.0,6000.0,7675.0,20514.0,244.59,3.44382615726083,0.10889051388652835,0.013380201836942964,0.7817589576547231,0.17641286516186594,0.036545309006597027,0.1398675561552689,0
760,Uinta County,WY,56041,2022-01-31,263150.09533569164,2022,1,Uinta,78164.0,224800.0,790.0,143.0,8831.0,5914.0,7586.0,20546.0,291.34,3.3666405933126713,0.11138700125724185,0.016192956630053223,0.7795939889269707,0.18179019166588728,0.04071578835246181,0.14107440331342547,0
760,Uinta County,WY,56041,2022-02-28,267797.235318671,2022,2,Uinta,78164.0,224800.0,790.0,143.0,8831.0,5914.0,7586.0,20546.0,291.34,3.4260943058015325,0.10945407993148308,0.016192956630053223,0.7795939889269707,0.1894982438884052,0.04071578835246181,0.14878245553594338,0
760,Uinta County,WY,56041,2022-03-31,273456.9377227521,2022,3,Uinta,78164.0,224800.0,790.0,143.0,8831.0,5914.0,7586.0,20546.0,291.34,3.4985023504778683,0.1071887231828722,0.016192956630053223,0.7795939889269707,0.1996457755910972,0.04071578835246181,0.15892998723863538,0
760,Uinta County,WY,56041,2022-04-30,278728.7860938648,2022,4,Uinta,78164.0,224800.0,790.0,143.0,8831.0,5914.0,7586.0,20546.0,291.34,3.565948340589847,0.105161366397689,0.016192956630053223,0.7795939889269707,0.2041922860037373,0.04071578835246181,0.16347649765127548,0
760,Uinta County,WY,56041,2022-05-31,283379.044811268,2022,5,Uinta,78164.0,224800.0,790.0,143.0,8831.0,5914.0,7586.0,20546.0,291.34,3.625441952961312,0.10343566518661118,0.016192956630053223,0.7795939889269707,0.20367838398363936,0.04071578835246181,0.16296259563117754,0
760,Uinta County,WY,56041,2022-06-30,287639.2136530016,2022,6,Uinta,78164.0,224800.0,790.0,143.0,8831.0,5914.0,7586.0,20546.0,291.34,3.679944906261215,0.1019036995260334,0.016192956630053223,0.7795939889269707,0.1988307031327794,0.04071578835246181,0.15811491478031758,0
760,Uinta County,WY,56041,2022-07-31,290827.7937887435,2022,7,Uinta,78164.0,224800.0,790.0,143.0,8831.0,5914.0,7586.0,20546.0,291.34,3.7207383679026598,0.10078644691467072,0.016192956630053223,0.7795939889269707,0.19222793909110236,0.04071578835246181,0.15151215073864055,0
760,Uinta County,WY,56041,2022-08-31,292626.2129568376,2022,8,Uinta,78164.0,224800.0,790.0,143.0,8831.0,5914.0,7586.0,20546.0,291.34,3.7437466475210788,0.1001670346064433,0.016192956630053223,0.7795939889269707,0.18445155039238537,0.04071578835246181,0.14373576203992355,0
760,Uinta County,WY,56041,2022-09-30,293367.588866878,2022,9,Uinta,78164.0,224800.0,790.0,143.0,8831.0,5914.0,7586.0,20546.0,291.34,3.7532315243190983,0.09991390021377153,0.016192956630053223,0.7795939889269707,0.178329357839365,0.04071578835246181,0.13761356948690318,0
760,Uinta County,WY,56041,2022-10-31,294017.74649746856,2022,10,Uinta,78164.0,224800.0,790.0,143.0,8831.0,5914.0,7586.0,20546.0,291.34,3.761549389712253,0.09969296190171421,0.016192956630053223,0.7795939889269707,0.1692269867307099,0.04071578835246181,0.1285111983782481,0
760,Uinta County,WY,56041,2022-11-30,295056.5455931146,2022,11,Uinta,78164.0,224800.0,790.0,143.0,8831.0,5914.0,7586.0,20546.0,291.34,3.7748393837714884,0.09934197508168754,0.016192956630053223,0.7795939889269707,0.1576058559510598,0.04071578835246181,0.11689006759859799,0
760,Uinta County,WY,56041,2022-12-31,295451.67473714513,2022,12,Uinta,78164.0,224800.0,790.0,143.0,8831.0,5914.0,7586.0,20546.0,291.34,3.7798945132944213,0.09920911778915316,0.016192956630053223,0.7795939889269707,0.14227481837272338,0.04071578835246181,0.10155903002026156,0
760,Uinta County,WY,56041,2023-01-31,295411.78307025577,2023,1,Uinta,82672.0,255400.0,882.0,279.0,8868.0,5724.0,7479.0,20605.0,297.02,3.5732990984886754,0.10494503529206553,0.03146143437077131,0.7653429602888087,0.12259804691846687,0.05767360933422028,0.0649244375842466,0
760,Uinta County,WY,56041,2023-02-28,295531.3516584991,2023,2,Uinta,82672.0,255400.0,882.0,279.0,8868.0,5724.0,7479.0,20605.0,297.02,3.5747453993915608,0.10490257573695369,0.03146143437077131,0.7653429602888087,0.10356386355828251,0.05767360933422028,0.04589025422406223,0
760,Uinta County,WY,56041,2023-03-31,296702.6900676348,2023,3,Uinta,82672.0,255400.0,882.0,279.0,8868.0,5724.0,7479.0,20605.0,297.02,3.588913901534193,0.10448843585790524,0.03146143437077131,0.7653429602888087,0.08500699429484104,0.05767360933422028,0.027333384960620766,0
760,Uinta County,WY,56041,2023-04-30,298404.338012172,2023,4,Uinta,82672.0,255400.0,882.0,279.0,8868.0,5724.0,7479.0,20605.0,297.02,3.6094970245327564,0.10389259153040668,0.03146143437077131,0.7653429602888087,0.0705903118010971,0.05767360933422028,0.012916702466876817,0
760,Uinta County,WY,56041,2023-05-31,299961.6034427577,2023,5,Uinta,82672.0,255400.0,882.0,279.0,8868.0,5724.0,7479.0,20605.0,297.02,3.628333697536744,0.1033532280271204,0.03146143437077131,0.7653429602888087,0.05851723666629538,0.05767360933422028,0.0008436273320751031,0
760,Uinta County,WY,56041,2023-06-30,301600.91199383786,2023,6,Uinta,82672.0,255400.0,882.0,279.0,8868.0,5724.0,7479.0,20605.0,297.02,3.648162763618128,0.10279146636212232,0.03146143437077131,0.7653429602888087,0.04853892542509586,0.05767360933422028,-0.00913468390912442,0
760,Uinta County,WY,56041,2023-07-31,302688.772207554,2023,7,Uinta,82672.0,255400.0,882.0,279.0,8868.0,5724.0,7479.0,20605.0,297.02,3.6613215140259583,0.10242203493012914,0.03146143437077131,0.7653429602888087,0.04078351062768881,0.05767360933422028,-0.016890098706531465,0
760,Uinta County,WY,56041,2023-08-31,303552.6032012638,2023,8,Uinta,82672.0,255400.0,882.0,279.0,8868.0,5724.0,7479.0,20605.0,297.02,3.671770408376038,0.10213056871544866,0.03146143437077131,0.7653429602888087,0.03733906861596803,0.05767360933422028,-0.020334540718252248,0
760,Uinta County,WY,56041,2023-09-30,303250.15132544533,2023,9,Uinta,82672.0,255400.0,882.0,279.0,8868.0,5724.0,7479.0,20605.0,297.02,3.668111952359267,0.10223243043571949,0.03146143437077131,0.7653429602888087,0.033686619904872206,0.05767360933422028,-0.02398698942934807,0
760,Uinta County,WY,56041,2023-10-31,303142.9968625757,2023,10,Uinta,82672.0,255400.0,882.0,279.0,8868.0,5724.0,7479.0,20605.0,297.02,3.6668158126400194,0.10226856737862951,0.03146143437077131,0.7653429602888087,0.03103639312188844,0.05767360933422028,-0.026637216212331838,0
760,Uinta County,WY,56041,2023-11-30,302805.5270621388,2023,11,Uinta,82672.0,255400.0,882.0,279.0,8868.0,5724.0,7479.0,20605.0,297.02,3.6627337800239355,0.10238254334650262,0.03146143437077131,0.7653429602888087,0.02626269975962514,0.05767360933422028,-0.031410909574595136,0
760,Uinta County,WY,56041,2023-12-31,302388.737129783,2023,12,Uinta,82672.0,255400.0,882.0,279.0,8868.0,5724.0,7479.0,20605.0,297.02,3.6576922915834023,0.1025236597575199,0.03146143437077131,0.7653429602888087,0.023479516231578623,0.05767360933422028,-0.034194093102641654,0
2593,Washakie County,WY,56043,2014-01-31,143959.69320104687,2014,1,Washakie,45696.0,158700.0,578.0,68.0,3823.0,2384.0,3461.0,8444.0,161.67,3.15037844014896,0.11903331841690383,0.017787078210829192,0.6888182606183184,,,,0
2593,Washakie County,WY,56043,2014-02-28,143939.63239956598,2014,2,Washakie,45696.0,158700.0,578.0,68.0,3823.0,2384.0,3461.0,8444.0,161.67,3.1499394345143115,0.11904990803666711,0.017787078210829192,0.6888182606183184,,,,0
2593,Washakie County,WY,56043,2014-03-31,143875.05991853648,2014,3,Washakie,45696.0,158700.0,578.0,68.0,3823.0,2384.0,3461.0,8444.0,161.67,3.1485263462564883,0.1191033387558801,0.017787078210829192,0.6888182606183184,,,,0
2593,Washakie County,WY,56043,2014-04-30,144107.82917201988,2014,4,Washakie,45696.0,158700.0,578.0,68.0,3823.0,2384.0,3461.0,8444.0,161.67,3.1536202112224236,0.11891095784632874,0.017787078210829192,0.6888182606183184,,,,0
2593,Washakie County,WY,56043,2014-05-31,144715.6510941009,2014,5,Washakie,45696.0,158700.0,578.0,68.0,3823.0,2384.0,3461.0,8444.0,161.67,3.1669216363379924,0.11841151852232878,0.017787078210829192,0.6888182606183184,,,,0
2593,Washakie County,WY,56043,2014-06-30,145228.15015365006,2014,6,Washakie,45696.0,158700.0,578.0,68.0,3823.0,2384.0,3461.0,8444.0,161.67,3.1781370394268658,0.11799365330943255,0.017787078210829192,0.6888182606183184,,,,0
2593,Washakie County,WY,56043,2014-07-31,145572.8203860022,2014,7,Washakie,45696.0,158700.0,578.0,68.0,3823.0,2384.0,3461.0,8444.0,161.67,3.18567971783093,0.11771428179080426,0.017787078210829192,0.6888182606183184,,,,0
2593,Washakie County,WY,56043,2014-08-31,145627.04086032833,2014,8,Washakie,45696.0,158700.0,578.0,68.0,3823.0,2384.0,3461.0,8444.0,161.67,3.1868662653258126,0.11767045391271272,0.017787078210829192,0.6888182606183184,,,,0
2593,Washakie County,WY,56043,2014-09-30,145442.60756432885,2014,9,Washakie,45696.0,158700.0,578.0,68.0,3823.0,2384.0,3461.0,8444.0,161.67,3.182830172538709,0.11781966981319963,0.017787078210829192,0.6888182606183184,,,,0
2593,Washakie County,WY,56043,2014-10-31,144857.55743687763,2014,10,Washakie,45696.0,158700.0,578.0,68.0,3823.0,2384.0,3461.0,8444.0,161.67,3.1700270797636034,0.11829551942753896,0.017787078210829192,0.6888182606183184,,,,0
2593,Washakie County,WY,56043,2014-11-30,144332.8697244921,2014,11,Washakie,45696.0,158700.0,578.0,68.0,3823.0,2384.0,3461.0,8444.0,161.67,3.1585449432005452,0.11872555456501228,0.017787078210829192,0.6888182606183184,,,,0
2593,Washakie County,WY,56043,2014-12-31,144200.71924634516,2014,12,Washakie,45696.0,158700.0,578.0,68.0,3823.0,2384.0,3461.0,8444.0,161.67,3.1556529947116854,0.11883435872969349,0.017787078210829192,0.6888182606183184,,,,0
2593,Washakie County,WY,56043,2015-01-31,144616.1228466749,2015,1,Washakie,47652.0,160800.0,605.0,67.0,3819.0,2590.0,3512.0,8400.0,168.77,3.0348384715578547,0.12356506071557197,0.017543859649122806,0.7374715261958997,0.004559815536083978,0.042804621848739455,-0.03824480631265548,0
2593,Washakie County,WY,56043,2015-02-28,145472.91332335773,2015,2,Washakie,47652.0,160800.0,605.0,67.0,3819.0,2590.0,3512.0,8400.0,168.77,3.0528186292990376,0.1228373007164544,0.017543859649122806,0.7374715261958997,0.0106522498232835,0.042804621848739455,-0.032152372025455955,0
2593,Washakie County,WY,56043,2015-03-31,146487.5982994827,2015,3,Washakie,47652.0,160800.0,605.0,67.0,3819.0,2590.0,3512.0,8400.0,168.77,3.0741122785923505,0.12198643576275428,0.017543859649122806,0.7374715261958997,0.01815838257461344,0.042804621848739455,-0.024646239274126014,0
2593,Washakie County,WY,56043,2015-04-30,147572.22731620225,2015,4,Washakie,47652.0,160800.0,605.0,67.0,3819.0,2590.0,3512.0,8400.0,168.77,3.096873737014233,0.12108985765804776,0.017543859649122806,0.7374715261958997,0.024040318725826904,0.042804621848739455,-0.01876430312291255,0
2593,Washakie County,WY,56043,2015-05-31,148239.70660845356,2015,5,Washakie,47652.0,160800.0,605.0,67.0,3819.0,2590.0,3512.0,8400.0,168.77,3.1108811090500623,0.12054462605757052,0.017543859649122806,0.7374715261958997,0.024351585248102436,0.042804621848739455,-0.01845303660063702,0
2593,Washakie County,WY,56043,2015-06-30,148906.41226322998,2015,6,Washakie,47652.0,160800.0,605.0,67.0,3819.0,2590.0,3512.0,8400.0,168.77,3.1248722459336435,0.12000490595670997,0.017543859649122806,0.7374715261958997,0.025327473397467104,0.042804621848739455,-0.01747714845127235,0
2593,Washakie County,WY,56043,2015-07-31,149837.78190846503,2015,7,Washakie,47652.0,160800.0,605.0,67.0,3819.0,2590.0,3512.0,8400.0,168.77,3.144417483179405,0.11925897308675035,0.017543859649122806,0.7374715261958997,0.029297787259694674,0.042804621848739455,-0.01350683458904478,0
2593,Washakie County,WY,56043,2015-08-31,151450.3573398982,2015,8,Washakie,47652.0,160800.0,605.0,67.0,3819.0,2590.0,3512.0,8400.0,168.77,3.1782581494984097,0.11798915706679844,0.017543859649122806,0.7374715261958997,0.03998787893489553,0.042804621848739455,-0.002816742913843928,0
2593,Washakie County,WY,56043,2015-09-30,153250.80832844562,2015,9,Washakie,47652.0,160800.0,605.0,67.0,3819.0,2590.0,3512.0,8400.0,168.77,3.2160414741972136,0.11660297387601547,0.017543859649122806,0.7374715261958997,0.05368578640659494,0.042804621848739455,0.010881164557855483,0
2593,Washakie County,WY,56043,2015-10-31,154453.643951167,2015,10,Washakie,47652.0,160800.0,605.0,67.0,3819.0,2590.0,3512.0,8400.0,168.77,3.241283554754617,0.11569490717648415,0.017543859649122806,0.7374715261958997,0.06624498358306852,0.042804621848739455,0.023440361734329063,0
2593,Washakie County,WY,56043,2015-11-30,154859.16860488846,2015,11,Washakie,47652.0,160800.0,605.0,67.0,3819.0,2590.0,3512.0,8400.0,168.77,3.249793683473694,0.11539194069672869,0.017543859649122806,0.7374715261958997,0.07293071148996999,0.042804621848739455,0.030126089641230536,0
2593,Washakie County,WY,56043,2015-12-31,155027.82592951183,2015,12,Washakie,47652.0,160800.0,605.0,67.0,3819.0,2590.0,3512.0,8400.0,168.77,3.253333038057413,0.11526640390432177,0.017543859649122806,0.7374715261958997,0.0750835830761023,0.042804621848739455,0.032278961227362846,0
2593,Washakie County,WY,56043,2016-01-31,155471.90572908687,2016,1,Washakie,46212.0,156900.0,601.0,76.0,3811.0,2604.0,3493.0,8351.0,169.97,3.364318915629855,0.11146386814217757,0.019942272369456837,0.7454909819639278,0.07506620056410651,-0.030219088390833537,0.10528528895494005,0
2593,Washakie County,WY,56043,2016-02-29,156253.82609602646,2016,2,Washakie,46212.0,156900.0,601.0,76.0,3811.0,2604.0,3493.0,8351.0,169.97,3.3812392040168455,0.11090608424109936,0.019942272369456837,0.7454909819639278,0.07410941684177907,-0.030219088390833537,0.10432850523261261,0
2593,Washakie County,WY,56043,2016-03-31,156742.38837333524,2016,3,Washakie,46212.0,156900.0,601.0,76.0,3811.0,2604.0,3493.0,8351.0,169.97,3.3918113990594487,0.11056039262795912,0.019942272369456837,0.7454909819639278,0.07000449316458468,-0.030219088390833537,0.10022358155541822,0
2593,Washakie County,WY,56043,2016-04-30,157165.63365898546,2016,4,Washakie,46212.0,156900.0,601.0,76.0,3811.0,2604.0,3493.0,8351.0,169.97,3.400970173526042,0.11026265473278445,0.019942272369456837,0.7454909819639278,0.06500820999487567,-0.030219088390833537,0.0952272983857092,0
2593,Washakie County,WY,56043,2016-05-31,157529.71721016002,2016,5,Washakie,46212.0,156900.0,601.0,76.0,3811.0,2604.0,3493.0,8351.0,169.97,3.4088487234951965,0.11000781507708007,0.019942272369456837,0.7454909819639278,0.06266884098903547,-0.030219088390833537,0.092887929379869,0
2593,Washakie County,WY,56043,2016-06-30,157953.38886666566,2016,6,Washakie,46212.0,156900.0,601.0,76.0,3811.0,2604.0,3493.0,8351.0,169.97,3.4180167243717143,0.10971274579381438,0.019942272369456837,0.7454909819639278,0.06075612504478878,-0.030219088390833537,0.09097521343562232,0
2593,Washakie County,WY,56043,2016-07-31,158138.5574377613,2016,7,Washakie,46212.0,156900.0,601.0,76.0,3811.0,2604.0,3493.0,8351.0,169.97,3.422023661338209,0.1095842802715611,0.019942272369456837,0.7454909819639278,0.0553984143623214,-0.030219088390833537,0.08561750275315494,0
2593,Washakie County,WY,56043,2016-08-31,158197.32997560492,2016,8,Washakie,46212.0,156900.0,601.0,76.0,3811.0,2604.0,3493.0,8351.0,169.97,3.423295463853651,0.10954356816687312,0.019942272369456837,0.7454909819639278,0.04454907042949108,-0.030219088390833537,0.07476815882032462,0
2593,Washakie County,WY,56043,2016-09-30,158164.53740021662,2016,9,Washakie,46212.0,156900.0,601.0,76.0,3811.0,2604.0,3493.0,8351.0,169.97,3.4225858521643,0.10956628005777144,0.019942272369456837,0.7454909819639278,0.032063315850445306,-0.030219088390833537,0.062282404241278844,0
2593,Washakie County,WY,56043,2016-10-31,158337.51405154762,2016,10,Washakie,46212.0,156900.0,601.0,76.0,3811.0,2604.0,3493.0,8351.0,169.97,3.426328963289787,0.10944658379793869,0.019942272369456837,0.7454909819639278,0.02514586254506601,-0.030219088390833537,0.05536495093589955,0
2593,Washakie County,WY,56043,2016-11-30,158856.6577198857,2016,11,Washakie,46212.0,156900.0,601.0,76.0,3811.0,2604.0,3493.0,8351.0,169.97,3.4375629213166645,0.10908891228567433,0.019942272369456837,0.7454909819639278,0.025813706421196958,-0.030219088390833537,0.056032794812030495,0
2593,Washakie County,WY,56043,2016-12-31,159665.10671809374,2016,12,Washakie,46212.0,156900.0,601.0,76.0,3811.0,2604.0,3493.0,8351.0,169.97,3.455057273394221,0.10853655101109308,0.019942272369456837,0.7454909819639278,0.029912570603230826,-0.030219088390833537,0.06013165899406436,0
2593,Washakie County,WY,56043,2017-01-31,160350.4805493973,2017,1,Washakie,51362.0,165500.0,627.0,98.0,3858.0,2657.0,3490.0,8253.0,169.52,3.1219672238113256,0.12011657173716148,0.025401762571280455,0.7613180515759312,0.03137914079995552,0.11144291526010552,-0.08006377446015,0
2593,Washakie County,WY,56043,2017-02-28,160516.59831725596,2017,2,Washakie,51362.0,165500.0,627.0,98.0,3858.0,2657.0,3490.0,8253.0,169.52,3.125201478082161,0.11999226374042475,0.025401762571280455,0.7613180515759312,0.027281074183807874,0.11144291526010552,-0.08416184107629765,0
2593,Washakie County,WY,56043,2017-03-31,160458.89047222733,2017,3,Washakie,51362.0,165500.0,627.0,98.0,3858.0,2657.0,3490.0,8253.0,169.52,3.1240779267206755,0.12003541806450232,0.025401762571280455,0.7613180515759312,0.023710893635485286,0.11144291526010552,-0.08773202162462024,0
2593,Washakie County,WY,56043,2017-04-30,160380.7047471857,2017,4,Washakie,51362.0,165500.0,627.0,98.0,3858.0,2657.0,3490.0,8253.0,169.52,3.1225556782677018,0.12009393542921178,0.025401762571280455,0.7613180515759312,0.020456578282095794,0.11144291526010552,-0.09098633697800973,0
2593,Washakie County,WY,56043,2017-05-31,160391.36542486935,2017,5,Washakie,51362.0,165500.0,627.0,98.0,3858.0,2657.0,3490.0,8253.0,169.52,3.122763237897071,0.12008595318693843,0.025401762571280455,0.7613180515759312,0.018165767484312978,0.11144291526010552,-0.09327714777579255,0
2593,Washakie County,WY,56043,2017-06-30,160410.62861654357,2017,6,Washakie,51362.0,165500.0,627.0,98.0,3858.0,2657.0,3490.0,8253.0,169.52,3.123138285435606,0.12007153245463677,0.025401762571280455,0.7613180515759312,0.015556739665472774,0.11144291526010552,-0.09588617559463275,0
2593,Washakie County,WY,56043,2017-07-31,160452.50520277914,2017,7,Washakie,51362.0,165500.0,627.0,98.0,3858.0,2657.0,3490.0,8253.0,169.52,3.1239536077796646,0.1200401949203495,0.025401762571280455,0.7613180515759312,0.014632407190944052,0.11144291526010552,-0.09681050806916147,0
2593,Washakie County,WY,56043,2017-08-31,160504.35768028852,2017,8,Washakie,51362.0,165500.0,627.0,98.0,3858.0,2657.0,3490.0,8253.0,169.52,3.124963157203546,0.12000141478006365,0.025401762571280455,0.7613180515759312,0.014583227827166034,0.11144291526010552,-0.09685968743293949,0
2593,Washakie County,WY,56043,2017-09-30,160849.96734872935,2017,9,Washakie,51362.0,165500.0,627.0,98.0,3858.0,2657.0,3490.0,8253.0,169.52,3.1316920553858756,0.11974357419819613,0.025401762571280455,0.7613180515759312,0.016978710858032375,0.11144291526010552,-0.09446420440207315,0
2593,Washakie County,WY,56043,2017-10-31,161418.13657086177,2017,10,Washakie,51362.0,165500.0,627.0,98.0,3858.0,2657.0,3490.0,8253.0,169.52,3.1427541094751326,0.11932209359599827,0.025401762571280455,0.7613180515759312,0.019456049551916266,0.11144291526010552,-0.09198686570818926,0
2593,Washakie County,WY,56043,2017-11-30,162267.89327018152,2017,11,Washakie,51362.0,165500.0,627.0,98.0,3858.0,2657.0,3490.0,8253.0,169.52,3.159298572294333,0.11869723339496495,0.025401762571280455,0.7613180515759312,0.021473670661703803,0.11144291526010552,-0.08996924459840172,0
2593,Washakie County,WY,56043,2017-12-31,163024.2598446562,2017,12,Washakie,51362.0,165500.0,627.0,98.0,3858.0,2657.0,3490.0,8253.0,169.52,3.1740247623662667,0.11814652627991276,0.025401762571280455,0.7613180515759312,0.02103874287632168,0.11144291526010552,-0.09040417238378384,0
2593,Washakie County,WY,56043,2018-01-31,163365.32890164698,2018,1,Washakie,53426.0,162700.0,628.0,87.0,3868.0,2629.0,3422.0,8129.0,164.24,3.0577870119725783,0.12263771104125641,0.02249224405377456,0.7682641729982467,0.018801617194536213,0.04018535103773213,-0.021383733843195918,0
2593,Washakie County,WY,56043,2018-02-28,163205.02409786682,2018,2,Washakie,53426.0,162700.0,628.0,87.0,3868.0,2629.0,3422.0,8129.0,164.24,3.0547865102734026,0.12275816942979675,0.02249224405377456,0.7682641729982467,0.016748584313363457,0.04018535103773213,-0.023436766724368674,0
2593,Washakie County,WY,56043,2018-03-31,162733.85292673184,2018,3,Washakie,53426.0,162700.0,628.0,87.0,3868.0,2629.0,3422.0,8129.0,164.24,3.0459673740637863,0.12311359707694197,0.02249224405377456,0.7682641729982467,0.01417785233220381,0.04018535103773213,-0.02600749870552832,0
2593,Washakie County,WY,56043,2018-04-30,161928.7229513603,2018,4,Washakie,53426.0,162700.0,628.0,87.0,3868.0,2629.0,3422.0,8129.0,164.24,3.030897371155623,0.1237257333649076,0.02249224405377456,0.7682641729982467,0.009652147411465917,0.04018535103773213,-0.030533203626266214,0
2593,Washakie County,WY,56043,2018-05-31,161255.08249944483,2018,5,Washakie,53426.0,162700.0,628.0,87.0,3868.0,2629.0,3422.0,8129.0,164.24,3.0182885205601173,0.12424259557877175,0.02249224405377456,0.7682641729982467,0.0053850596775426585,0.04018535103773213,-0.03480029136018947,0
2593,Washakie County,WY,56043,2018-06-30,160666.04212923432,2018,6,Washakie,53426.0,162700.0,628.0,87.0,3868.0,2629.0,3422.0,8129.0,164.24,3.007263170164982,0.12469809882965016,0.02249224405377456,0.7682641729982467,0.0015922480629466662,0.04018535103773213,-0.038593102974785465,0
2593,Washakie County,WY,56043,2018-07-31,160762.95880088615,2018,7,Washakie,53426.0,162700.0,628.0,87.0,3868.0,2629.0,3422.0,8129.0,164.24,3.0090772058714137,0.12462292402078858,0.02249224405377456,0.7682641729982467,0.0019348628911382004,0.04018535103773213,-0.03825048814659393,0
2593,Washakie County,WY,56043,2018-08-31,161031.60064082922,2018,8,Washakie,53426.0,162700.0,628.0,87.0,3868.0,2629.0,3422.0,8129.0,164.24,3.014105503702864,0.12441502115281236,0.02249224405377456,0.7682641729982467,0.0032849136818511315,0.04018535103773213,-0.036900437355881,0
2593,Washakie County,WY,56043,2018-09-30,161679.96001723615,2018,9,Washakie,53426.0,162700.0,628.0,87.0,3868.0,2629.0,3422.0,8129.0,164.24,3.0262411563140823,0.12391609942174751,0.02249224405377456,0.7682641729982467,0.005160042505369944,0.04018535103773213,-0.03502530853236219,0
2593,Washakie County,WY,56043,2018-10-31,162334.22704023728,2018,10,Washakie,53426.0,162700.0,628.0,87.0,3868.0,2629.0,3422.0,8129.0,164.24,3.0384873851727114,0.12341667167352234,0.02249224405377456,0.7682641729982467,0.005675263566020439,0.04018535103773213,-0.03451008747171169,0
2593,Washakie County,WY,56043,2018-11-30,162949.37384877444,2018,11,Washakie,53426.0,162700.0,628.0,87.0,3868.0,2629.0,3422.0,8129.0,164.24,3.050001382262839,0.12295076395073047,0.02249224405377456,0.7682641729982467,0.004199725311391234,0.04018535103773213,-0.0359856257263409,0
2593,Washakie County,WY,56043,2018-12-31,163055.1792708858,2018,12,Washakie,53426.0,162700.0,628.0,87.0,3868.0,2629.0,3422.0,8129.0,164.24,3.051981792963834,0.12287098201717343,0.02249224405377456,0.7682641729982467,0.0001896615035030802,0.04018535103773213,-0.03999568953422905,0
2593,Washakie County,WY,56043,2019-01-31,163274.22792542246,2019,1,Washakie,54158.0,165800.0,640.0,73.0,3860.0,2574.0,3365.0,8027.0,175.49,3.014775802751624,0.12438735897300647,0.018911917098445596,0.7649331352154531,-0.0005576518398182628,0.013701194175120834,-0.014258846014939097,0
2593,Washakie County,WY,56043,2019-02-28,163635.5456221772,2019,2,Washakie,54158.0,165800.0,640.0,73.0,3860.0,2574.0,3365.0,8027.0,175.49,3.0214473507547766,0.12411270376970912,0.018911917098445596,0.7649331352154531,0.002637918328128208,0.013701194175120834,-0.011063275846992626,0
2593,Washakie County,WY,56043,2019-03-31,164216.45026142092,2019,3,Washakie,54158.0,165800.0,640.0,73.0,3860.0,2574.0,3365.0,8027.0,175.49,3.0321734602721837,0.12367366343426078,0.018911917098445596,0.7649331352154531,0.009110564937933274,0.013701194175120834,-0.00459062923718756,0
2593,Washakie County,WY,56043,2019-04-30,164574.27362918286,2019,4,Washakie,54158.0,165800.0,640.0,73.0,3860.0,2574.0,3365.0,8027.0,175.49,3.0387804872628763,0.12340476765986282,0.018911917098445596,0.7649331352154531,0.01633774805114241,0.013701194175120834,0.0026365538760215745,0
2593,Washakie County,WY,56043,2019-05-31,164735.44161717108,2019,5,Washakie,54158.0,165800.0,640.0,73.0,3860.0,2574.0,3365.0,8027.0,175.49,3.0417563724135137,0.12328403530308124,0.018911917098445596,0.7649331352154531,0.021582942154633855,0.013701194175120834,0.00788174797951302,0
2593,Washakie County,WY,56043,2019-06-30,165294.59183658138,2019,6,Washakie,54158.0,165800.0,640.0,73.0,3860.0,2574.0,3365.0,8027.0,175.49,3.052080797602965,0.1228669962782494,0.018911917098445596,0.7649331352154531,0.028808512651503637,0.013701194175120834,0.015107318476382803,0
2593,Washakie County,WY,56043,2019-07-31,165861.96391842075,2019,7,Washakie,54158.0,165800.0,640.0,73.0,3860.0,2574.0,3365.0,8027.0,175.49,3.062557035311879,0.12244669917202419,0.018911917098445596,0.7649331352154531,0.031717537146414454,0.013701194175120834,0.01801634297129362,0
2593,Washakie County,WY,56043,2019-08-31,166744.4224140511,2019,8,Washakie,54158.0,165800.0,640.0,73.0,3860.0,2574.0,3365.0,8027.0,175.49,3.0788511838334336,0.12179867671716851,0.018911917098445596,0.7649331352154531,0.035476401839686034,0.013701194175120834,0.0217752076645652,0
2593,Washakie County,WY,56043,2019-09-30,167486.5274674308,2019,9,Washakie,54158.0,165800.0,640.0,73.0,3860.0,2574.0,3365.0,8027.0,175.49,3.092553777233849,0.12125900696071991,0.018911917098445596,0.7649331352154531,0.035913958969161275,0.013701194175120834,0.02221276479404044,0
2593,Washakie County,WY,56043,2019-10-31,168623.86453083353,2019,10,Washakie,54158.0,165800.0,640.0,73.0,3860.0,2574.0,3365.0,8027.0,175.49,3.113554129229911,0.12044113718130553,0.018911917098445596,0.7649331352154531,0.03874498684148264,0.013701194175120834,0.025043792666361808,0
2593,Washakie County,WY,56043,2019-11-30,170007.59968878643,2019,11,Washakie,54158.0,165800.0,640.0,73.0,3860.0,2574.0,3365.0,8027.0,175.49,3.1391040970638953,0.11946083608719747,0.018911917098445596,0.7649331352154531,0.0433154523598378,0.013701194175120834,0.02961425818471697,0
2593,Washakie County,WY,56043,2019-12-31,171257.05250289827,2019,12,Washakie,54158.0,165800.0,640.0,73.0,3860.0,2574.0,3365.0,8027.0,175.49,3.162174609529493,0.11858927678120758,0.018911917098445596,0.7649331352154531,0.05030121256305864,0.013701194175120834,0.036600018387937805,0
2593,Washakie County,WY,56043,2020-01-31,171801.8798706002,2020,1,Washakie,57306.0,165900.0,624.0,70.0,3861.0,2510.0,3437.0,7933.0,180.62,2.9979736828709074,0.12508448694616092,0.01813001813001813,0.7302880418970032,0.05222901405525482,0.058126223272646715,-0.005897209217391897,0
2593,Washakie County,WY,56043,2020-02-29,171709.22261097978,2020,2,Washakie,57306.0,165900.0,624.0,70.0,3861.0,2510.0,3437.0,7933.0,180.62,2.9963567970366065,0.12515198469383704,0.01813001813001813,0.7302880418970032,0.04933938380016856,0.058126223272646715,-0.008786839472478158,0
2593,Washakie County,WY,56043,2020-03-31,171350.75975335026,2020,3,Washakie,57306.0,165900.0,624.0,70.0,3861.0,2510.0,3437.0,7933.0,180.62,2.9901015557419863,0.12541380050449313,0.01813001813001813,0.7302880418970032,0.04344454822018151,0.058126223272646715,-0.014681675052465204,0
2593,Washakie County,WY,56043,2020-04-30,171553.24687636815,2020,4,Washakie,57306.0,165900.0,624.0,70.0,3861.0,2510.0,3437.0,7933.0,180.62,2.9936349924330465,0.12526577253001125,0.01813001813001813,0.7302880418970032,0.04240622238996017,0.058126223272646715,-0.015720000882686547,0
2593,Washakie County,WY,56043,2020-05-31,171701.54291052735,2020,5,Washakie,57306.0,165900.0,624.0,70.0,3861.0,2510.0,3437.0,7933.0,180.62,2.9962227848833867,0.12515758237069646,0.01813001813001813,0.7302880418970032,0.04228659737680984,0.058126223272646715,-0.015839625895836873,0
2593,Washakie County,WY,56043,2020-06-30,171976.03816094613,2020,6,Washakie,57306.0,165900.0,624.0,70.0,3861.0,2510.0,3437.0,7933.0,180.62,3.001012776340106,0.12495781522707552,0.01813001813001813,0.7302880418970032,0.04042144543343773,0.058126223272646715,-0.017704777839208985,0
2593,Washakie County,WY,56043,2020-07-31,172078.21348933096,2020,7,Washakie,57306.0,165900.0,624.0,70.0,3861.0,2510.0,3437.0,7933.0,180.62,3.0027957541850934,0.12488361870012317,0.01813001813001813,0.7302880418970032,0.03747845150300799,0.058126223272646715,-0.020647771769638723,0
2593,Washakie County,WY,56043,2020-08-31,172442.03261457034,2020,8,Washakie,57306.0,165900.0,624.0,70.0,3861.0,2510.0,3437.0,7933.0,180.62,3.0091444633122246,0.12462013857162248,0.01813001813001813,0.7302880418970032,0.034169719850486,0.058126223272646715,-0.023956503422160713,0
2593,Washakie County,WY,56043,2020-09-30,173256.8542191279,2020,9,Washakie,57306.0,165900.0,624.0,70.0,3861.0,2510.0,3437.0,7933.0,180.62,3.0233632467652236,0.12403405393024552,0.01813001813001813,0.7302880418970032,0.034452483068043716,0.058126223272646715,-0.023673740204603,0
2593,Washakie County,WY,56043,2020-10-31,174531.64524440665,2020,10,Washakie,57306.0,165900.0,624.0,70.0,3861.0,2510.0,3437.0,7933.0,180.62,3.045608579283263,0.123128100751624,0.01813001813001813,0.7302880418970032,0.035035258680676584,0.058126223272646715,-0.02309096459197013,0
2593,Washakie County,WY,56043,2020-11-30,176541.19883790147,2020,11,Washakie,57306.0,165900.0,624.0,70.0,3861.0,2510.0,3437.0,7933.0,180.62,3.0806756506805826,0.12172654395380929,0.01813001813001813,0.7302880418970032,0.03843121814010275,0.058126223272646715,-0.019695005132543963,0
2593,Washakie County,WY,56043,2020-12-31,178250.72941517158,2020,12,Washakie,57306.0,165900.0,624.0,70.0,3861.0,2510.0,3437.0,7933.0,180.62,3.110507266519589,0.1205591139542957,0.01813001813001813,0.7302880418970032,0.0408373074863877,0.058126223272646715,-0.017288915786259018,0
2593,Washakie County,WY,56043,2021-01-31,179310.97916525727,2021,1,Washakie,62271.0,178700.0,621.0,62.0,3842.0,2429.0,3370.0,7768.0,197.48,2.879526250827147,0.13022975563854675,0.016137428422696512,0.7207715133531157,0.04370789947300269,0.08664014239346662,-0.04293224292046394,0
2593,Washakie County,WY,56043,2021-02-28,180096.21754926862,2021,2,Washakie,62271.0,178700.0,621.0,62.0,3842.0,2429.0,3370.0,7768.0,197.48,2.892136268074523,0.12966194025486258,0.016137428422696512,0.7207715133531157,0.04884417278674791,0.08664014239346662,-0.037795969606718716,0
2593,Washakie County,WY,56043,2021-03-31,181603.13163681075,2021,3,Washakie,62271.0,178700.0,621.0,62.0,3842.0,2429.0,3370.0,7768.0,197.48,2.9163355596796383,0.12858602596513072,0.016137428422696512,0.7207715133531157,0.059832660784336245,0.08664014239346662,-0.02680748160913038,0
2593,Washakie County,WY,56043,2021-04-30,184154.57853514823,2021,4,Washakie,62271.0,178700.0,621.0,62.0,3842.0,2429.0,3370.0,7768.0,197.48,2.9573088361379813,0.12680447690060034,0.016137428422696512,0.7207715133531157,0.07345434661380312,0.08664014239346662,-0.0131857957796635,0
2593,Washakie County,WY,56043,2021-05-31,187180.6291621032,2021,5,Washakie,62271.0,178700.0,621.0,62.0,3842.0,2429.0,3370.0,7768.0,197.48,3.0059036977421787,0.12475449572176026,0.016137428422696512,0.7207715133531157,0.09015111914074003,0.08664014239346662,0.003510976747273409,0
2593,Washakie County,WY,56043,2021-06-30,190356.26949255253,2021,6,Washakie,62271.0,178700.0,621.0,62.0,3842.0,2429.0,3370.0,7768.0,197.48,3.0569007963988457,0.12267326451737175,0.016137428422696512,0.7207715133531157,0.10687669938299771,0.08664014239346662,0.020236556989531085,0
2593,Washakie County,WY,56043,2021-07-31,193134.09686016603,2021,7,Washakie,62271.0,178700.0,621.0,62.0,3842.0,2429.0,3370.0,7768.0,197.48,3.1015094804992054,0.12090886787798617,0.016137428422696512,0.7207715133531157,0.1223622848231194,0.08664014239346662,0.03572214242965277,0
2593,Washakie County,WY,56043,2021-08-31,195531.52923468,2021,8,Washakie,62271.0,178700.0,621.0,62.0,3842.0,2429.0,3370.0,7768.0,197.48,3.1400094624252057,0.11942639169958627,0.016137428422696512,0.7207715133531157,0.13389714949439036,0.08664014239346662,0.04725700710092373,0
2593,Washakie County,WY,56043,2021-09-30,197498.48895203497,2021,9,Washakie,62271.0,178700.0,621.0,62.0,3842.0,2429.0,3370.0,7768.0,197.48,3.1715965530027614,0.11823698056581709,0.016137428422696512,0.7207715133531157,0.13991732010929425,0.08664014239346662,0.05327717771582763,0
2593,Washakie County,WY,56043,2021-10-31,199637.23695866813,2021,10,Washakie,62271.0,178700.0,621.0,62.0,3842.0,2429.0,3370.0,7768.0,197.48,3.205942364160976,0.11697028748616972,0.016137428422696512,0.7207715133531157,0.14384549964623705,0.08664014239346662,0.05720535725277043,0
2593,Washakie County,WY,56043,2021-11-30,202736.5136269784,2021,11,Washakie,62271.0,178700.0,621.0,62.0,3842.0,2429.0,3370.0,7768.0,197.48,3.2557131510169808,0.11518213755498145,0.016137428422696512,0.7207715133531157,0.14838074603271068,0.08664014239346662,0.06174060363924405,0
2593,Washakie County,WY,56043,2021-12-31,206258.0055543608,2021,12,Washakie,62271.0,178700.0,621.0,62.0,3842.0,2429.0,3370.0,7768.0,197.48,3.3122642249901366,0.11321560555789194,0.016137428422696512,0.7207715133531157,0.15712292584203813,0.08664014239346662,0.0704827834485715,0
2593,Washakie County,WY,56043,2022-01-31,209877.05931569345,2022,1,Washakie,61875.0,194000.0,689.0,50.0,3856.0,2446.0,3414.0,7725.0,227.66,3.3919524737889852,0.1105557943095546,0.012966804979253113,0.7164616285881664,0.1704640747194055,-0.006359300476947549,0.17682337519635305,0
2593,Washakie County,WY,56043,2022-02-28,212686.4850196086,2022,2,Washakie,61875.0,194000.0,689.0,50.0,3856.0,2446.0,3414.0,7725.0,227.66,3.43735733365024,0.10909543687207388,0.012966804979253113,0.7164616285881664,0.18096031062631468,-0.006359300476947549,0.18731961110326223,0
2593,Washakie County,WY,56043,2022-03-31,215325.24919246385,2022,3,Washakie,61875.0,194000.0,689.0,50.0,3856.0,2446.0,3414.0,7725.0,227.66,3.480004027352951,0.1077584959823285,0.012966804979253113,0.7164616285881664,0.18569127774235827,-0.006359300476947549,0.19205057821930582,0
2593,Washakie County,WY,56043,2022-04-30,217787.9151077376,2022,4,Washakie,61875.0,194000.0,689.0,50.0,3856.0,2446.0,3414.0,7725.0,227.66,3.5198046886099004,0.10654000240794644,0.012966804979253113,0.7164616285881664,0.18263643967000265,-0.006359300476947549,0.1889957401469502,0
2593,Washakie County,WY,56043,2022-05-31,220297.1567234567,2022,5,Washakie,61875.0,194000.0,689.0,50.0,3856.0,2446.0,3414.0,7725.0,227.66,3.560358088459906,0.10532648421389901,0.012966804979253113,0.7164616285881664,0.17692283496212502,-0.006359300476947549,0.18328213543907257,0
2593,Washakie County,WY,56043,2022-06-30,222717.58975516295,2022,6,Washakie,61875.0,194000.0,689.0,50.0,3856.0,2446.0,3414.0,7725.0,227.66,3.5994761980632397,0.10418182517827879,0.012966804979253113,0.7164616285881664,0.17000396335186907,-0.006359300476947549,0.17636326382881662,0
2593,Washakie County,WY,56043,2022-07-31,224646.08076008115,2022,7,Washakie,61875.0,194000.0,689.0,50.0,3856.0,2446.0,3414.0,7725.0,227.66,3.630643729455857,0.10328746854382298,0.012966804979253113,0.7164616285881664,0.16316116321361207,-0.006359300476947549,0.16952046369055962,0
2593,Washakie County,WY,56043,2022-08-31,225946.4433138674,2022,8,Washakie,61875.0,194000.0,689.0,50.0,3856.0,2446.0,3414.0,7725.0,227.66,3.6516596899210896,0.1026930305239105,0.012966804979253113,0.7164616285881664,0.155549921786184,-0.006359300476947549,0.16190922226313154,0
2593,Washakie County,WY,56043,2022-09-30,226289.1995809852,2022,9,Washakie,61875.0,194000.0,689.0,50.0,3856.0,2446.0,3414.0,7725.0,227.66,3.6571991851472356,0.10253748319833524,0.012966804979253113,0.7164616285881664,0.14577686534068834,-0.006359300476947549,0.1521361658176359,0
2593,Washakie County,WY,56043,2022-10-31,227265.5535219613,2022,10,Washakie,61875.0,194000.0,689.0,50.0,3856.0,2446.0,3414.0,7725.0,227.66,3.6729786427791726,0.102096972640237,0.012966804979253113,0.7164616285881664,0.13839260142141319,-0.006359300476947549,0.14475190189836074,0
2593,Washakie County,WY,56043,2022-11-30,228242.3293689662,2022,11,Washakie,61875.0,194000.0,689.0,50.0,3856.0,2446.0,3414.0,7725.0,227.66,3.688764919094403,0.10166004292083297,0.012966804979253113,0.7164616285881664,0.12580770619799053,-0.006359300476947549,0.13216700667493808,0
2593,Washakie County,WY,56043,2022-12-31,229110.220536167,2022,12,Washakie,61875.0,194000.0,689.0,50.0,3856.0,2446.0,3414.0,7725.0,227.66,3.70279144300876,0.10127494507097812,0.012966804979253113,0.7164616285881664,0.11079431763332614,-0.006359300476947549,0.1171536181102737,0
2593,Washakie County,WY,56043,2023-01-31,228860.860646107,2023,1,Washakie,62648.0,188600.0,725.0,90.0,3850.0,2535.0,3417.0,7708.0,263.94,3.653123174660117,0.10265189047037528,0.023376623376623377,0.7418788410886743,0.09045200743859505,0.012492929292929222,0.07795907814566583,0
2593,Washakie County,WY,56043,2023-02-28,227752.95904248935,2023,2,Washakie,62648.0,188600.0,725.0,90.0,3850.0,2535.0,3417.0,7708.0,263.94,3.6354386260134297,0.10315123939011991,0.023376623376623377,0.7418788410886743,0.07083888767775592,0.012492929292929222,0.0583459583848267,0
2593,Washakie County,WY,56043,2023-03-31,227600.33384042652,2023,3,Washakie,62648.0,188600.0,725.0,90.0,3850.0,2535.0,3417.0,7708.0,263.94,3.633002391783082,0.10322041098793482,0.023376623376623377,0.7418788410886743,0.05700717725393578,0.012492929292929222,0.04451424796100656,0
2593,Washakie County,WY,56043,2023-04-30,228279.49130862244,2023,4,Washakie,62648.0,188600.0,725.0,90.0,3850.0,2535.0,3417.0,7708.0,263.94,3.643843240145295,0.1029133185172497,0.023376623376623377,0.7418788410886743,0.04817336258393756,0.012492929292929222,0.03568043329100834,0
2593,Washakie County,WY,56043,2023-05-31,229986.54055401369,2023,5,Washakie,62648.0,188600.0,725.0,90.0,3850.0,2535.0,3417.0,7708.0,263.94,3.671091504182315,0.10214945597863162,0.023376623376623377,0.7418788410886743,0.043983245061670395,0.012492929292929222,0.03149031576874117,0
2593,Washakie County,WY,56043,2023-06-30,231251.5423768389,2023,6,Washakie,62648.0,188600.0,725.0,90.0,3850.0,2535.0,3417.0,7708.0,263.94,3.691283718184761,0.1015906737682064,0.023376623376623377,0.7418788410886743,0.038317371479538176,0.012492929292929222,0.025824442186608954,0
2593,Washakie County,WY,56043,2023-07-31,231955.54972429856,2023,7,Washakie,62648.0,188600.0,725.0,90.0,3850.0,2535.0,3417.0,7708.0,263.94,3.702521225327202,0.10128233632660948,0.023376623376623377,0.7418788410886743,0.03253770971425851,0.012492929292929222,0.02004478042132929,0
2593,Washakie County,WY,56043,2023-08-31,232006.7305205925,2023,8,Washakie,62648.0,188600.0,725.0,90.0,3850.0,2535.0,3417.0,7708.0,263.94,3.703338183510926,0.10125999339452266,0.023376623376623377,0.7418788410886743,0.026821786250941893,0.012492929292929222,0.01432885695801267,0
2593,Washakie County,WY,56043,2023-09-30,232080.49683101277,2023,9,Washakie,62648.0,188600.0,725.0,90.0,3850.0,2535.0,3417.0,7708.0,263.94,3.70451565622227,0.10122780811308846,0.023376623376623377,0.7418788410886743,0.025592459829064662,0.012492929292929222,0.01309953053613544,0
2593,Washakie County,WY,56043,2023-10-31,232093.54892054177,2023,10,Washakie,62648.0,188600.0,725.0,90.0,3850.0,2535.0,3417.0,7708.0,263.94,3.7047239963054173,0.10122211543261345,0.023376623376623377,0.7418788410886743,0.021243850305338707,0.012492929292929222,0.008750921012409485,0
2593,Washakie County,WY,56043,2023-11-30,232642.0505239756,2023,11,Washakie,62648.0,188600.0,725.0,90.0,3850.0,2535.0,3417.0,7708.0,263.94,3.7134792894262483,0.10098346342411926,0.023376623376623377,0.7418788410886743,0.01927653458135281,0.012492929292929222,0.006783605288423589,0
2593,Washakie County,WY,56043,2023-12-31,233083.51503562863,2023,12,Washakie,62648.0,188600.0,725.0,90.0,3850.0,2535.0,3417.0,7708.0,263.94,3.720526034919369,0.10079219886661185,0.023376623376623377,0.7418788410886743,0.017342283945968262,0.012492929292929222,0.00484935465303904,0
1486,Weston County,WY,56045,2014-01-31,166107.8515097393,2014,1,Weston,53920.0,160600.0,735.0,208.0,3520.0,2264.0,2996.0,7135.0,196.22,3.080635228296352,0.12172814118190224,0.05909090909090909,0.7556742323097463,,,,0
1486,Weston County,WY,56045,2014-02-28,166546.00176129033,2014,2,Weston,53920.0,160600.0,735.0,208.0,3520.0,2264.0,2996.0,7135.0,196.22,3.088761160261319,0.1214078980351701,0.05909090909090909,0.7556742323097463,,,,0
1486,Weston County,WY,56045,2014-03-31,167125.07972549938,2014,3,Weston,53920.0,160600.0,735.0,208.0,3520.0,2264.0,2996.0,7135.0,196.22,3.0995007367488756,0.12098722725045857,0.05909090909090909,0.7556742323097463,,,,0
1486,Weston County,WY,56045,2014-04-30,166982.5769617935,2014,4,Weston,53920.0,160600.0,735.0,208.0,3520.0,2264.0,2996.0,7135.0,196.22,3.0968578813389,0.12109047762885133,0.05909090909090909,0.7556742323097463,,,,0
1486,Weston County,WY,56045,2014-05-31,166549.09274963904,2014,5,Weston,53920.0,160600.0,735.0,208.0,3520.0,2264.0,2996.0,7135.0,196.22,3.08881848571289,0.12140564482326681,0.05909090909090909,0.7556742323097463,,,,0
1486,Weston County,WY,56045,2014-06-30,166561.47110139448,2014,6,Weston,53920.0,160600.0,735.0,208.0,3520.0,2264.0,2996.0,7135.0,196.22,3.0890480545510846,0.12139662231784115,0.05909090909090909,0.7556742323097463,,,,0
1486,Weston County,WY,56045,2014-07-31,167574.5399457716,2014,7,Weston,53920.0,160600.0,735.0,208.0,3520.0,2264.0,2996.0,7135.0,196.22,3.1078364233266247,0.12066272123762563,0.05909090909090909,0.7556742323097463,,,,0
1486,Weston County,WY,56045,2014-08-31,169281.6584115548,2014,8,Weston,53920.0,160600.0,735.0,208.0,3520.0,2264.0,2996.0,7135.0,196.22,3.139496632261773,0.11944589974917111,0.05909090909090909,0.7556742323097463,,,,0
1486,Weston County,WY,56045,2014-09-30,170822.81933031173,2014,9,Weston,53920.0,160600.0,735.0,208.0,3520.0,2264.0,2996.0,7135.0,196.22,3.1680789935146834,0.11836826062975565,0.05909090909090909,0.7556742323097463,,,,0
1486,Weston County,WY,56045,2014-10-31,171530.23363816377,2014,10,Weston,53920.0,160600.0,735.0,208.0,3520.0,2264.0,2996.0,7135.0,196.22,3.181198695069803,0.1178800936204243,0.05909090909090909,0.7556742323097463,,,,0
1486,Weston County,WY,56045,2014-11-30,171598.8035999367,2014,11,Weston,53920.0,160600.0,735.0,208.0,3520.0,2264.0,2996.0,7135.0,196.22,3.1824703931739005,0.11783298936710918,0.05909090909090909,0.7556742323097463,,,,0
1486,Weston County,WY,56045,2014-12-31,171457.6411552401,2014,12,Weston,53920.0,160600.0,735.0,208.0,3520.0,2264.0,2996.0,7135.0,196.22,3.179852395312316,0.11793000220790706,0.05909090909090909,0.7556742323097463,,,,0
1486,Weston County,WY,56045,2015-01-31,171795.43383265787,2015,1,Weston,57738.0,178200.0,740.0,159.0,3506.0,2330.0,2986.0,7152.0,185.71,2.9754309784311523,0.12603216230467737,0.04535082715345123,0.7803081044876088,0.03424029792225136,0.07080860534124622,-0.03656830741899486,0
1486,Weston County,WY,56045,2015-02-28,172330.6133724769,2015,2,Weston,57738.0,178200.0,740.0,159.0,3506.0,2330.0,2986.0,7152.0,185.71,2.984700082657468,0.1256407644369124,0.04535082715345123,0.7803081044876088,0.03473281585875365,0.07080860534124622,-0.03607578948249257,0
1486,Weston County,WY,56045,2015-03-31,173355.3076508254,2015,3,Weston,57738.0,178200.0,740.0,159.0,3506.0,2330.0,2986.0,7152.0,185.71,3.0024473942780383,0.12489810836141947,0.04535082715345123,0.7803081044876088,0.03727883292895995,0.07080860534124622,-0.033529772412286274,0
1486,Weston County,WY,56045,2015-04-30,174175.1729707061,2015,4,Weston,57738.0,178200.0,740.0,159.0,3506.0,2330.0,2986.0,7152.0,185.71,3.016647146951853,0.1243101966296972,0.04535082715345123,0.7803081044876088,0.04307393106382773,0.07080860534124622,-0.027734674277418492,0
1486,Weston County,WY,56045,2015-05-31,174888.11739331565,2015,5,Weston,57738.0,178200.0,740.0,159.0,3506.0,2330.0,2986.0,7152.0,185.71,3.02899507072146,0.12380343686418767,0.04535082715345123,0.7803081044876088,0.05006946904365339,0.07080860534124622,-0.02073913629759283,0
1486,Weston County,WY,56045,2015-06-30,175680.73059340278,2015,6,Weston,57738.0,178200.0,740.0,159.0,3506.0,2330.0,2986.0,7152.0,185.71,3.0427228271398867,0.12324487681071306,0.04535082715345123,0.7803081044876088,0.054750113767048525,0.07080860534124622,-0.016058491574197697,0
1486,Weston County,WY,56045,2015-07-31,176729.35651097677,2015,7,Weston,57738.0,178200.0,740.0,159.0,3506.0,2330.0,2986.0,7152.0,185.71,3.060884625566815,0.122513601743665,0.04535082715345123,0.7803081044876088,0.05463130955434958,0.07080860534124622,-0.01617729578689664,0
1486,Weston County,WY,56045,2015-08-31,178114.61276646997,2015,8,Weston,57738.0,178200.0,740.0,159.0,3506.0,2330.0,2986.0,7152.0,185.71,3.0848767322468733,0.1215607729411179,0.04535082715345123,0.7803081044876088,0.05217903958289827,0.07080860534124622,-0.018629565758347955,0
1486,Weston County,WY,56045,2015-09-30,179309.8589647899,2015,9,Weston,57738.0,178200.0,740.0,159.0,3506.0,2330.0,2986.0,7152.0,185.71,3.105577937663062,0.12075047141859407,0.04535082715345123,0.7803081044876088,0.049683289783826856,0.07080860534124622,-0.021125315557419366,0
1486,Weston County,WY,56045,2015-10-31,180087.48020475157,2015,10,Weston,57738.0,178200.0,740.0,159.0,3506.0,2330.0,2986.0,7152.0,185.71,3.1190460390860713,0.12022906853592989,0.04535082715345123,0.7803081044876088,0.04988768676569855,0.07080860534124622,-0.020920918575547676,0
1486,Weston County,WY,56045,2015-11-30,179997.42541908482,2015,11,Weston,57738.0,178200.0,740.0,159.0,3506.0,2330.0,2986.0,7152.0,185.71,3.1174863247615923,0.12028922052406366,0.04535082715345123,0.7803081044876088,0.04894335882858791,0.07080860534124622,-0.02186524651265831,0
1486,Weston County,WY,56045,2015-12-31,179440.23462051628,2015,12,Weston,57738.0,178200.0,740.0,159.0,3506.0,2330.0,2986.0,7152.0,185.71,3.1078359939817153,0.12066273790707832,0.04535082715345123,0.7803081044876088,0.04655723367877562,0.07080860534124622,-0.0242513716624706,0
1486,Weston County,WY,56045,2016-01-31,179297.77637668935,2016,1,Weston,55640.0,172300.0,762.0,86.0,3498.0,2406.0,3134.0,7175.0,189.89,3.2224618327945604,0.11637065680147873,0.024585477415666093,0.7677089980855137,0.04367020925212328,-0.036336554781946084,0.08000676403406937,0
1486,Weston County,WY,56045,2016-02-29,179857.08147278157,2016,2,Weston,55640.0,172300.0,762.0,86.0,3498.0,2406.0,3134.0,7175.0,189.89,3.232514045161423,0.11600877668615776,0.024585477415666093,0.7677089980855137,0.04367458545532421,-0.036336554781946084,0.0800111402372703,0
1486,Weston County,WY,56045,2016-03-31,180559.9698155941,2016,3,Weston,55640.0,172300.0,762.0,86.0,3498.0,2406.0,3134.0,7175.0,189.89,3.245146833493783,0.11555717483398688,0.024585477415666093,0.7677089980855137,0.041560089866301775,-0.036336554781946084,0.07789664464824786,0
1486,Weston County,WY,56045,2016-04-30,180827.2652881871,2016,4,Weston,55640.0,172300.0,762.0,86.0,3498.0,2406.0,3134.0,7175.0,189.89,3.2499508498955265,0.11538636038512852,0.024585477415666093,0.7677089980855137,0.03819196619141452,-0.036336554781946084,0.0745285209733606,0
1486,Weston County,WY,56045,2016-05-31,180696.08789256285,2016,5,Weston,55640.0,172300.0,762.0,86.0,3498.0,2406.0,3134.0,7175.0,189.89,3.247593240340813,0.11547012579711068,0.024585477415666093,0.7677089980855137,0.033209634741423466,-0.036336554781946084,0.06954618952336955,0
1486,Weston County,WY,56045,2016-06-30,180447.5047356071,2016,6,Weston,55640.0,172300.0,762.0,86.0,3498.0,2406.0,3134.0,7175.0,189.89,3.2431255344285965,0.1156291965941648,0.024585477415666093,0.7677089980855137,0.027133164383500885,-0.036336554781946084,0.06346971916544697,0
1486,Weston County,WY,56045,2016-07-31,180007.48757857786,2016,7,Weston,55640.0,172300.0,762.0,86.0,3498.0,2406.0,3134.0,7175.0,189.89,3.235217246200177,0.11591184500529121,0.024585477415666093,0.7677089980855137,0.018548876838113015,-0.036336554781946084,0.0548854316200591,0
1486,Weston County,WY,56045,2016-08-31,179240.21147340036,2016,8,Weston,55640.0,172300.0,762.0,86.0,3498.0,2406.0,3134.0,7175.0,189.89,3.221427237120783,0.11640803047756061,0.024585477415666093,0.7677089980855137,0.0063195191536933315,-0.036336554781946084,0.042656073935639416,0
1486,Weston County,WY,56045,2016-09-30,178229.4676028487,2016,9,Weston,55640.0,172300.0,762.0,86.0,3498.0,2406.0,3134.0,7175.0,189.89,3.2032614594329383,0.11706818339655135,0.024585477415666093,0.7677089980855137,-0.006025275844722788,-0.036336554781946084,0.030311278937223296,0
1486,Weston County,WY,56045,2016-10-31,177287.7316454053,2016,10,Weston,55640.0,172300.0,762.0,86.0,3498.0,2406.0,3134.0,7175.0,189.89,3.1863359389900303,0.11769003870912097,0.024585477415666093,0.7677089980855137,-0.01554660299629429,-0.036336554781946084,0.020789951785651795,0
1486,Weston County,WY,56045,2016-11-30,176791.61162043436,2016,11,Weston,55640.0,172300.0,762.0,86.0,3498.0,2406.0,3134.0,7175.0,189.89,3.1774193317835073,0.11802030542487757,0.024585477415666093,0.7677089980855137,-0.017810331404387703,-0.036336554781946084,0.018526223377558382,0
1486,Weston County,WY,56045,2016-12-31,176811.21517657177,2016,12,Weston,55640.0,172300.0,762.0,86.0,3498.0,2406.0,3134.0,7175.0,189.89,3.1777716602547046,0.11800722018206398,0.024585477415666093,0.7677089980855137,-0.014651226072594059,-0.036336554781946084,0.021685328709352025,0
1486,Weston County,WY,56045,2017-01-31,176862.96795578478,2017,1,Weston,59605.0,180100.0,769.0,92.0,3564.0,2437.0,3182.0,7117.0,189.99,2.96725053193163,0.12637962179616877,0.025813692480359147,0.7658705216844752,-0.013579691115573223,0.07126168224299056,-0.08484137335856379,0
1486,Weston County,WY,56045,2017-02-28,176767.54959499245,2017,2,Weston,59605.0,180100.0,769.0,92.0,3564.0,2437.0,3182.0,7117.0,189.99,2.965649687022774,0.1264478409708814,0.025813692480359147,0.7658705216844752,-0.017177704944893568,0.07126168224299056,-0.08843938718788413,0
1486,Weston County,WY,56045,2017-03-31,175891.3759555356,2017,3,Weston,59605.0,180100.0,769.0,92.0,3564.0,2437.0,3182.0,7117.0,189.99,2.9509500202254104,0.1270777198630275,0.025813692480359147,0.7658705216844752,-0.02585619539495121,0.07126168224299056,-0.09711787763794177,0
1486,Weston County,WY,56045,2017-04-30,175222.01947301705,2017,4,Weston,59605.0,180100.0,769.0,92.0,3564.0,2437.0,3182.0,7117.0,189.99,2.9397201488636364,0.1275631628217938,0.025813692480359147,0.7658705216844752,-0.0309977912138244,0.07126168224299056,-0.10225947345681496,0
1486,Weston County,WY,56045,2017-05-31,174378.21345598865,2017,5,Weston,59605.0,180100.0,769.0,92.0,3564.0,2437.0,3182.0,7117.0,189.99,2.9255635174228445,0.12818043353587513,0.025813692480359147,0.7658705216844752,-0.03496409086803609,0.07126168224299056,-0.10622577311102666,0
1486,Weston County,WY,56045,2017-06-30,174029.52739559548,2017,6,Weston,59605.0,180100.0,769.0,92.0,3564.0,2437.0,3182.0,7117.0,189.99,2.919713570935248,0.12843725622026658,0.025813692480359147,0.7658705216844752,-0.03556700520417444,0.07126168224299056,-0.106828687447165,0
1486,Weston County,WY,56045,2017-07-31,173640.90554450522,2017,7,Weston,59605.0,180100.0,769.0,92.0,3564.0,2437.0,3182.0,7117.0,189.99,2.9131936170540262,0.12872470878856987,0.025813692480359147,0.7658705216844752,-0.03536842894545411,0.07126168224299056,-0.10663011118844468,0
1486,Weston County,WY,56045,2017-08-31,173386.25123244093,2017,8,Weston,59605.0,180100.0,769.0,92.0,3564.0,2437.0,3182.0,7117.0,189.99,2.90892125211712,0.12891376819742853,0.025813692480359147,0.7658705216844752,-0.03265986015547728,0.07126168224299056,-0.10392154239846785,0
1486,Weston County,WY,56045,2017-09-30,173321.2656163293,2017,9,Weston,59605.0,180100.0,769.0,92.0,3564.0,2437.0,3182.0,7117.0,189.99,2.9078309808963896,0.12896210352790166,0.025813692480359147,0.7658705216844752,-0.02753866716056408,0.07126168224299056,-0.09880034940355464,0
1486,Weston County,WY,56045,2017-10-31,173924.8067472546,2017,10,Weston,59605.0,180100.0,769.0,92.0,3564.0,2437.0,3182.0,7117.0,189.99,2.9179566604689975,0.12851458867786164,0.025813692480359147,0.7658705216844752,-0.01896874006418514,0.07126168224299056,-0.0902304223071757,0
1486,Weston County,WY,56045,2017-11-30,174909.582178154,2017,11,Weston,59605.0,180100.0,769.0,92.0,3564.0,2437.0,3182.0,7117.0,189.99,2.9344783521206947,0.12779102620709204,0.025813692480359147,0.7658705216844752,-0.010645467989290225,0.07126168224299056,-0.08190715023228079,0
1486,Weston County,WY,56045,2017-12-31,175989.09819996043,2017,12,Weston,59605.0,180100.0,769.0,92.0,3564.0,2437.0,3182.0,7117.0,189.99,2.9525895176572505,0.12700715685583885,0.025813692480359147,0.7658705216844752,-0.004649687949886738,0.07126168224299056,-0.0759113701928773,0
1486,Weston County,WY,56045,2018-01-31,176448.27280157222,2018,1,Weston,52867.0,169900.0,788.0,39.0,3565.0,2379.0,3062.0,7100.0,188.68,3.3375881514285326,0.11235658295332063,0.01093969144460028,0.7769431743958197,-0.0023447257444884073,-0.11304420770069623,0.11069948195620782,0
1486,Weston County,WY,56045,2018-02-28,176416.87468581565,2018,2,Weston,52867.0,169900.0,788.0,39.0,3565.0,2379.0,3062.0,7100.0,188.68,3.336994243778078,0.11237657982155595,0.01093969144460028,0.7769431743958197,-0.001983819484856042,-0.11304420770069623,0.11106038821584019,0
1486,Weston County,WY,56045,2018-03-31,176580.23548732116,2018,3,Weston,52867.0,169900.0,788.0,39.0,3565.0,2379.0,3062.0,7100.0,188.68,3.340084277286798,0.11227261615824205,0.01093969144460028,0.7769431743958197,0.00391639173918179,-0.11304420770069623,0.11696059943987802,0
1486,Weston County,WY,56045,2018-04-30,176141.0234062199,2018,4,Weston,52867.0,169900.0,788.0,39.0,3565.0,2379.0,3062.0,7100.0,188.68,3.3317764088414306,0.11255257075621108,0.01093969144460028,0.7769431743958197,0.005244797063558515,-0.11304420770069623,0.11828900476425475,0
1486,Weston County,WY,56045,2018-05-31,175635.53056937488,2018,5,Weston,52867.0,169900.0,788.0,39.0,3565.0,2379.0,3062.0,7100.0,188.68,3.3222148139553007,0.11287650588540342,0.01093969144460028,0.7769431743958197,0.007210287847705166,-0.11304420770069623,0.1202544955484014,0
1486,Weston County,WY,56045,2018-06-30,174446.3584097808,2018,6,Weston,52867.0,169900.0,788.0,39.0,3565.0,2379.0,3062.0,7100.0,188.68,3.299721157050349,0.11364596647772986,0.01093969144460028,0.7769431743958197,0.0023951740858194626,-0.11304420770069623,0.1154393817865157,0
1486,Weston County,WY,56045,2018-07-31,173752.7698000722,2018,7,Weston,52867.0,169900.0,788.0,39.0,3565.0,2379.0,3062.0,7100.0,188.68,3.286601656989657,0.11409961995317648,0.01093969144460028,0.7769431743958197,0.000644227552351051,-0.11304420770069623,0.11368843525304728,0
1486,Weston County,WY,56045,2018-08-31,173318.4839574703,2018,8,Weston,52867.0,169900.0,788.0,39.0,3565.0,2379.0,3062.0,7100.0,188.68,3.2783869702739006,0.11438552050146468,0.01093969144460028,0.7769431743958197,-0.0003908457244384822,-0.11304420770069623,0.11265336197625775,0
1486,Weston County,WY,56045,2018-09-30,173314.18769365243,2018,9,Weston,52867.0,169900.0,788.0,39.0,3565.0,2379.0,3062.0,7100.0,188.68,3.278305704761996,0.11438835598988924,0.01093969144460028,0.7769431743958197,-4.083701242141302e-05,-0.11304420770069623,0.11300337068827482,0
1486,Weston County,WY,56045,2018-10-31,173344.06206170653,2018,10,Weston,52867.0,169900.0,788.0,39.0,3565.0,2379.0,3062.0,7100.0,188.68,3.2788707901281806,0.11436864213406228,0.01093969144460028,0.7769431743958197,-0.003339056092165116,-0.11304420770069623,0.10970515160853112,0
1486,Weston County,WY,56045,2018-11-30,173643.50217707557,2018,11,Weston,52867.0,169900.0,788.0,39.0,3565.0,2379.0,3062.0,7100.0,188.68,3.2845348171274247,0.1141714187484138,0.01093969144460028,0.7769431743958197,-0.007238482793863521,-0.11304420770069623,0.10580572490683271,0
1486,Weston County,WY,56045,2018-12-31,173824.60968917963,2018,12,Weston,52867.0,169900.0,788.0,39.0,3565.0,2379.0,3062.0,7100.0,188.68,3.287960536614138,0.11405246377627326,0.01093969144460028,0.7769431743958197,-0.01229899199961515,-0.11304420770069623,0.10074521570108108,0
1486,Weston County,WY,56045,2019-01-31,174402.193416743,2019,1,Weston,57031.0,166300.0,767.0,50.0,3562.0,2400.0,2891.0,7049.0,205.59,3.0580244676885027,0.12262818821834173,0.01403705783267827,0.8301625735039778,-0.01159591619879552,0.07876369001456496,-0.09035960621336048,0
1486,Weston County,WY,56045,2019-02-28,174943.4110051367,2019,2,Weston,57031.0,166300.0,767.0,50.0,3562.0,2400.0,2891.0,7049.0,205.59,3.0675143519338026,0.1222488167866582,0.01403705783267827,0.8301625735039778,-0.008352169730379111,0.07876369001456496,-0.08711585974494407,0
1486,Weston County,WY,56045,2019-03-31,175418.34262128038,2019,3,Weston,57031.0,166300.0,767.0,50.0,3562.0,2400.0,2891.0,7049.0,205.59,3.0758419565022597,0.12191783755574909,0.01403705783267827,0.8301625735039778,-0.006579971211581048,0.07876369001456496,-0.085343661226146,0
1486,Weston County,WY,56045,2019-04-30,175772.39043657467,2019,4,Weston,57031.0,166300.0,767.0,50.0,3562.0,2400.0,2891.0,7049.0,205.59,3.082049945408193,0.12167226574595116,0.01403705783267827,0.8301625735039778,-0.002092828589936646,0.07876369001456496,-0.0808565186045016,0
1486,Weston County,WY,56045,2019-05-31,176012.9959976677,2019,5,Weston,57031.0,166300.0,767.0,50.0,3562.0,2400.0,2891.0,7049.0,205.59,3.086268801137411,0.12150594266507109,0.01403705783267827,0.8301625735039778,0.0021491404789744095,0.07876369001456496,-0.07661454953559055,0
1486,Weston County,WY,56045,2019-06-30,176640.7930548561,2019,6,Weston,57031.0,166300.0,767.0,50.0,3562.0,2400.0,2891.0,7049.0,205.59,3.097276797791659,0.12107409975994811,0.01403705783267827,0.8301625735039778,0.012579423641051246,0.07876369001456496,-0.06618426637351371,0
1486,Weston County,WY,56045,2019-07-31,177116.09324716637,2019,7,Weston,57031.0,166300.0,767.0,50.0,3562.0,2400.0,2891.0,7049.0,205.59,3.1056108650938326,0.12074919115427223,0.01403705783267827,0.8301625735039778,0.019356948674626562,0.07876369001456496,-0.059406741339938396,0
1486,Weston County,WY,56045,2019-08-31,177973.9079155028,2019,8,Weston,57031.0,166300.0,767.0,50.0,3562.0,2400.0,2891.0,7049.0,205.59,3.1206520649384157,0.12016719332900075,0.01403705783267827,0.8301625735039778,0.02686051626885244,0.07876369001456496,-0.051903173745712516,0
1486,Weston County,WY,56045,2019-09-30,178407.8823066049,2019,9,Weston,57031.0,166300.0,767.0,50.0,3562.0,2400.0,2891.0,7049.0,205.59,3.128261512275866,0.11987488850546284,0.01403705783267827,0.8301625735039778,0.029389945974624965,0.07876369001456496,-0.04937374403993999,0
1486,Weston County,WY,56045,2019-10-31,179063.73600361307,2019,10,Weston,57031.0,166300.0,767.0,50.0,3562.0,2400.0,2891.0,7049.0,205.59,3.1397614631273005,0.11943582479239943,0.01403705783267827,0.8301625735039778,0.032996076553637455,0.07876369001456496,-0.0457676134609275,0
1486,Weston County,WY,56045,2019-11-30,179222.8306579306,2019,11,Weston,57031.0,166300.0,767.0,50.0,3562.0,2400.0,2891.0,7049.0,205.59,3.142551080253382,0.11932980257866294,0.01403705783267827,0.8301625735039778,0.03213093729914207,0.07876369001456496,-0.04663275271542289,0
1486,Weston County,WY,56045,2019-12-31,179605.3960396153,2019,12,Weston,57031.0,166300.0,767.0,50.0,3562.0,2400.0,2891.0,7049.0,205.59,3.1492591053920727,0.11907562618710399,0.01403705783267827,0.8301625735039778,0.033256432220802656,0.07876369001456496,-0.0455072577937623,0
1486,Weston County,WY,56045,2020-01-31,179525.2925129163,2020,1,Weston,53333.0,166600.0,761.0,58.0,3571.0,2419.0,2882.0,6942.0,215.37,3.3661202728688857,0.11140421898246493,0.016241949033884068,0.8393476752255378,0.029375198762158883,-0.0648419280742053,0.09421712683636418,0
1486,Weston County,WY,56045,2020-02-29,179755.64578428402,2020,2,Weston,53333.0,166600.0,761.0,58.0,3571.0,2419.0,2882.0,6942.0,215.37,3.3704394237017237,0.11126145669995186,0.016241949033884068,0.8393476752255378,0.02750737939484904,-0.0648419280742053,0.09234930746905434,0
1486,Weston County,WY,56045,2020-03-31,180005.8991904369,2020,3,Weston,53333.0,166600.0,761.0,58.0,3571.0,2419.0,2882.0,6942.0,215.37,3.3751317043938442,0.111106775333186,0.016241949033884068,0.8393476752255378,0.02615209162624943,-0.0648419280742053,0.09099401970045473,0
1486,Weston County,WY,56045,2020-04-30,180472.3154553104,2020,4,Weston,53333.0,166600.0,761.0,58.0,3571.0,2419.0,2882.0,6942.0,215.37,3.38387706401872,0.11081962875880806,0.016241949033884068,0.8393476752255378,0.02673869887678193,-0.0648419280742053,0.09158062695098723,0
1486,Weston County,WY,56045,2020-05-31,181194.5637709093,2020,5,Weston,53333.0,166600.0,761.0,58.0,3571.0,2419.0,2882.0,6942.0,215.37,3.397419304575203,0.1103778975691928,0.016241949033884068,0.8393476752255378,0.029438552215259595,-0.0648419280742053,0.0942804802894649,0
1486,Weston County,WY,56045,2020-06-30,181865.52677958083,2020,6,Weston,53333.0,166600.0,761.0,58.0,3571.0,2419.0,2882.0,6942.0,215.37,3.409999939616763,0.10997067643413061,0.016241949033884068,0.8393476752255378,0.029578296351410627,-0.0648419280742053,0.09442022442561593,0
1486,Weston County,WY,56045,2020-07-31,182783.09803397392,2020,7,Weston,53333.0,166600.0,761.0,58.0,3571.0,2419.0,2882.0,6942.0,215.37,3.427204508165187,0.10941862357690546,0.016241949033884068,0.8393476752255378,0.0319959902169884,-0.0648419280742053,0.0968379182911937,0
1486,Weston County,WY,56045,2020-08-31,184035.6608771313,2020,8,Weston,53333.0,166600.0,761.0,58.0,3571.0,2419.0,2882.0,6942.0,215.37,3.4506902082600135,0.10867391083162203,0.016241949033884068,0.8393476752255378,0.03405978456407488,-0.0648419280742053,0.09890171263828018,0
1486,Weston County,WY,56045,2020-09-30,185886.0226755908,2020,9,Weston,53333.0,166600.0,761.0,58.0,3571.0,2419.0,2882.0,6942.0,215.37,3.4853847088217575,0.10759214013042756,0.016241949033884068,0.8393476752255378,0.04191597519292478,-0.0648419280742053,0.10675790326713008,0
1486,Weston County,WY,56045,2020-10-31,187825.96494061407,2020,10,Weston,53333.0,166600.0,761.0,58.0,3571.0,2419.0,2882.0,6942.0,215.37,3.521758853629349,0.10648088514451912,0.016241949033884068,0.8393476752255378,0.04893357601353854,-0.0648419280742053,0.11377550408774384,0
1486,Weston County,WY,56045,2020-11-30,189963.8435725912,2020,11,Weston,53333.0,166600.0,761.0,58.0,3571.0,2419.0,2882.0,6942.0,215.37,3.5618443285131383,0.10528253494911737,0.016241949033884068,0.8393476752255378,0.059931052730447965,-0.0648419280742053,0.12477298080465327,0
1486,Weston County,WY,56045,2020-12-31,192265.46243218277,2020,12,Weston,53333.0,166600.0,761.0,58.0,3571.0,2419.0,2882.0,6942.0,215.37,3.604999951853126,0.10402219279010912,0.016241949033884068,0.8393476752255378,0.07048822959514567,-0.0648419280742053,0.13533015766935097,0
1486,Weston County,WY,56045,2021-01-31,194279.74098553252,2021,1,Weston,65566.0,174500.0,726.0,61.0,3431.0,2396.0,2754.0,6891.0,225.42,2.9631171794151316,0.12655591301118188,0.017779073156514134,0.8700072621641249,0.08218590409234228,0.22937018356364725,-0.14718427947130497,0
1486,Weston County,WY,56045,2021-02-28,195933.6489508282,2021,2,Weston,65566.0,174500.0,726.0,61.0,3431.0,2396.0,2754.0,6891.0,225.42,2.98834226505854,0.12548763385798245,0.017779073156514134,0.8700072621641249,0.0899999724401348,0.22937018356364725,-0.13937021112351244,0
1486,Weston County,WY,56045,2021-03-31,197192.503693966,2021,3,Weston,65566.0,174500.0,726.0,61.0,3431.0,2396.0,2754.0,6891.0,225.42,3.007542075068877,0.12468653493115701,0.017779073156514134,0.8700072621641249,0.09547800700324016,0.22937018356364725,-0.13389217656040708,0
1486,Weston County,WY,56045,2021-04-30,198682.71108346467,2021,4,Weston,65566.0,174500.0,726.0,61.0,3431.0,2396.0,2754.0,6891.0,225.42,3.030270431068918,0.12375133128554469,0.017779073156514134,0.8700072621641249,0.10090409480374651,0.22937018356364725,-0.12846608875990073,0
1486,Weston County,WY,56045,2021-05-31,200423.19010924207,2021,5,Weston,65566.0,174500.0,726.0,61.0,3431.0,2396.0,2754.0,6891.0,225.42,3.0568158818479407,0.12267667222839104,0.017779073156514134,0.8700072621641249,0.10612143067738056,0.22937018356364725,-0.12324875288626669,0
1486,Weston County,WY,56045,2021-06-30,202615.9887782643,2021,6,Weston,65566.0,174500.0,726.0,61.0,3431.0,2396.0,2754.0,6891.0,225.42,3.0902600246814553,0.1213490117352358,0.017779073156514134,0.8700072621641249,0.11409783022723596,0.22937018356364725,-0.11527235333641128,0
1486,Weston County,WY,56045,2021-07-31,204763.0216515054,2021,7,Weston,65566.0,174500.0,726.0,61.0,3431.0,2396.0,2754.0,6891.0,225.42,3.1230061564149927,0.12007661247471747,0.017779073156514134,0.8700072621641249,0.12025140099904674,0.22937018356364725,-0.1091187825646005,0
1486,Weston County,WY,56045,2021-08-31,205848.8296941216,2021,8,Weston,65566.0,174500.0,726.0,61.0,3431.0,2396.0,2754.0,6891.0,225.42,3.139566691488296,0.11944323432168694,0.017779073156514134,0.8700072621641249,0.1185268589415045,0.22937018356364725,-0.11084332462214275,0
1486,Weston County,WY,56045,2021-09-30,205722.6279615099,2021,9,Weston,65566.0,174500.0,726.0,61.0,3431.0,2396.0,2754.0,6891.0,225.42,3.1376418869766325,0.11951650746266085,0.017779073156514134,0.8700072621641249,0.10671380774302786,0.22937018356364725,-0.12265637582061939,0
1486,Weston County,WY,56045,2021-10-31,205411.47447554115,2021,10,Weston,65566.0,174500.0,726.0,61.0,3431.0,2396.0,2754.0,6891.0,225.42,3.1328962339557265,0.11969754884811783,0.017779073156514134,0.8700072621641249,0.09362661621617208,0.22937018356364725,-0.13574356734747517,0
1486,Weston County,WY,56045,2021-11-30,205949.42712287745,2021,11,Weston,65566.0,174500.0,726.0,61.0,3431.0,2396.0,2754.0,6891.0,225.42,3.1411009840904955,0.11938489144390912,0.017779073156514134,0.8700072621641249,0.08415066388240167,0.22937018356364725,-0.14521951968124558,0
1486,Weston County,WY,56045,2021-12-31,207476.09774123205,2021,12,Weston,65566.0,174500.0,726.0,61.0,3431.0,2396.0,2754.0,6891.0,225.42,3.1643854702320113,0.11850642202971091,0.017779073156514134,0.8700072621641249,0.07911267638312558,0.22937018356364725,-0.15025750718052167,0
1486,Weston County,WY,56045,2022-01-31,209933.1997137257,2022,1,Weston,71800.0,208900.0,767.0,67.0,3412.0,2375.0,2638.0,6870.0,241.96,2.9238607202468763,0.12825508322035833,0.01963657678780774,0.900303260045489,0.08057175003830608,0.09507976695238396,-0.014508016914077881,0
1486,Weston County,WY,56045,2022-02-28,212091.0183482727,2022,2,Weston,71800.0,208900.0,767.0,67.0,3412.0,2375.0,2638.0,6870.0,241.96,2.953913904572043,0.12695021321358693,0.01963657678780774,0.900303260045489,0.08246347416057853,0.09507976695238396,-0.012616292791805428,0
1486,Weston County,WY,56045,2022-03-31,214540.72573387952,2022,3,Weston,71800.0,208900.0,767.0,67.0,3412.0,2375.0,2638.0,6870.0,241.96,2.988032391836762,0.12550064752460235,0.01963657678780774,0.900303260045489,0.0879760726951222,0.09507976695238396,-0.007103694257261761,0
1486,Weston County,WY,56045,2022-04-30,217123.6804183731,2022,4,Weston,71800.0,208900.0,767.0,67.0,3412.0,2375.0,2638.0,6870.0,241.96,3.024006691063692,0.12400766212196905,0.01963657678780774,0.900303260045489,0.0928161752693295,0.09507976695238396,-0.0022635916830544556,0
1486,Weston County,WY,56045,2022-05-31,219629.77230217293,2022,5,Weston,71800.0,208900.0,767.0,67.0,3412.0,2375.0,2638.0,6870.0,241.96,3.0589104777461413,0.12259266909841264,0.01963657678780774,0.900303260045489,0.09583013912942007,0.09507976695238396,0.0007503721770361071,0
1486,Weston County,WY,56045,2022-06-30,221772.6183010025,2022,6,Weston,71800.0,208900.0,767.0,67.0,3412.0,2375.0,2638.0,6870.0,241.96,3.088755129540425,0.12140813508120216,0.01963657678780774,0.900303260045489,0.09454648489612816,0.09507976695238396,-0.0005332820562558016,0
1486,Weston County,WY,56045,2022-07-31,223154.85762745823,2022,7,Weston,71800.0,208900.0,767.0,67.0,3412.0,2375.0,2638.0,6870.0,241.96,3.1080063736414796,0.12065612322430122,0.01963657678780774,0.900303260045489,0.08982010437047871,0.09507976695238396,-0.0052596625819052445,0
1486,Weston County,WY,56045,2022-08-31,224328.9813101496,2022,8,Weston,71800.0,208900.0,767.0,67.0,3412.0,2375.0,2638.0,6870.0,241.96,3.124359071172,0.1200246167158153,0.01963657678780774,0.900303260045489,0.08977535429027372,0.09507976695238396,-0.005304412662110236,0
1486,Weston County,WY,56045,2022-09-30,225849.56499698287,2022,9,Weston,71800.0,208900.0,767.0,67.0,3412.0,2375.0,2638.0,6870.0,241.96,3.145537116949622,0.11921652361986923,0.01963657678780774,0.900303260045489,0.09783530978050048,0.09507976695238396,0.0027555428281165195,0
1486,Weston County,WY,56045,2022-10-31,227825.42298164684,2022,10,Weston,71800.0,208900.0,767.0,67.0,3412.0,2375.0,2638.0,6870.0,241.96,3.1730560303850535,0.11818259633899166,0.01963657678780774,0.900303260045489,0.10911731471347075,0.09507976695238396,0.014037547761086788,0
1486,Weston County,WY,56045,2022-11-30,229943.3096374921,2022,11,Weston,71800.0,208900.0,767.0,67.0,3412.0,2375.0,2638.0,6870.0,241.96,3.202553059017996,0.11709407872074004,0.01963657678780774,0.900303260045489,0.11650375944138447,0.09507976695238396,0.02142399248900051,0
1486,Weston County,WY,56045,2022-12-31,230740.19220283575,2022,12,Weston,71800.0,208900.0,767.0,67.0,3412.0,2375.0,2638.0,6870.0,241.96,3.213651701989356,0.11668968350486231,0.01963657678780774,0.900303260045489,0.11212903421105924,0.09507976695238396,0.017049267258675282,0
1486,Weston County,WY,56045,2023-01-31,230155.55741658097,2023,1,Weston,87545.0,214000.0,694.0,114.0,3417.0,2450.0,2754.0,6835.0,245.18,2.6289971719296474,0.1426399404320223,0.033362598770851626,0.8896151053013798,0.09632758291890631,0.21928969359331485,-0.12296211067440854,0
1486,Weston County,WY,56045,2023-02-28,228578.72976970288,2023,2,Weston,87545.0,214000.0,694.0,114.0,3417.0,2450.0,2754.0,6835.0,245.18,2.6109855476578088,0.14362392788286193,0.033362598770851626,0.8896151053013798,0.07773884792403551,0.21928969359331485,-0.14155084566927933,0
1486,Weston County,WY,56045,2023-03-31,228287.93797037427,2023,3,Weston,87545.0,214000.0,694.0,114.0,3417.0,2450.0,2754.0,6835.0,245.18,2.60766392107344,0.1438068751764729,0.033362598770851626,0.8896151053013798,0.06407740157245057,0.21928969359331485,-0.15521229202086428,0
1486,Weston County,WY,56045,2023-04-30,229427.0478139968,2023,4,Weston,87545.0,214000.0,694.0,114.0,3417.0,2450.0,2754.0,6835.0,245.18,2.6206756275515084,0.14309287118847352,0.033362598770851626,0.8896151053013798,0.056665248912124655,0.21928969359331485,-0.1626244446811902,0
1486,Weston County,WY,56045,2023-05-31,231303.2840166857,2023,5,Weston,87545.0,214000.0,694.0,114.0,3417.0,2450.0,2754.0,6835.0,245.18,2.6421073050052626,0.14193216122963373,0.033362598770851626,0.8896151053013798,0.05315086198082475,0.21928969359331485,-0.1661388316124901,0
1486,Weston County,WY,56045,2023-06-30,232379.7166075896,2023,6,Weston,87545.0,214000.0,694.0,114.0,3417.0,2450.0,2754.0,6835.0,245.18,2.654403068223081,0.14127470107659035,0.033362598770851626,0.8896151053013798,0.04782871027022151,0.21928969359331485,-0.17146098332309334,0
1486,Weston County,WY,56045,2023-07-31,232627.26041076076,2023,7,Weston,87545.0,214000.0,694.0,114.0,3417.0,2450.0,2754.0,6835.0,245.18,2.6572306860558657,0.14112436754846205,0.033362598770851626,0.8896151053013798,0.04244766564354174,0.21928969359331485,-0.1768420279497731,0
1486,Weston County,WY,56045,2023-08-31,233225.25115980703,2023,8,Weston,87545.0,214000.0,694.0,114.0,3417.0,2450.0,2754.0,6835.0,245.18,2.6640613531304704,0.14076252394087962,0.033362598770851626,0.8896151053013798,0.03965724712741303,0.21928969359331485,-0.17963244646590182,0
1486,Weston County,WY,56045,2023-09-30,233935.2194091857,2023,9,Weston,87545.0,214000.0,694.0,114.0,3417.0,2450.0,2754.0,6835.0,245.18,2.6721711052508503,0.14033532480877448,0.033362598770851626,0.8896151053013798,0.03580106258921001,0.21928969359331485,-0.18348863100410484,0
1486,Weston County,WY,56045,2023-10-31,234386.85677959397,2023,10,Weston,87545.0,214000.0,694.0,114.0,3417.0,2450.0,2754.0,6835.0,245.18,2.677330022041167,0.1400649142663795,0.033362598770851626,0.8896151053013798,0.028800270453028798,0.21928969359331485,-0.19048942314028605,0
1486,Weston County,WY,56045,2023-11-30,234081.67823514296,2023,11,Weston,87545.0,214000.0,694.0,114.0,3417.0,2450.0,2754.0,6835.0,245.18,2.673844060027905,0.1402475206411575,0.033362598770851626,0.8896151053013798,0.017997342928459448,0.21928969359331485,-0.2012923506648554,0
1486,Weston County,WY,56045,2023-12-31,233617.6028807829,2023,12,Weston,87545.0,214000.0,694.0,114.0,3417.0,2450.0,2754.0,6835.0,245.18,2.6685430679168762,0.1405261187306725,0.033362598770851626,0.8896151053013798,0.01247034879566078,0.21928969359331485,-0.20681934479765407,0
